row_index,simulation_id,split
0,1,validation
1,2,train
2,3,train
3,4,test
4,5,train
5,6,train
6,7,train
7,8,validation
8,9,test
9,10,train
10,11,train
11,12,train
12,13,train
13,14,train
14,15,train
15,16,test
16,17,test
17,18,validation
18,19,test
19,20,validation
20,21,test
21,22,train
22,23,train
23,24,validation
24,25,validation
25,26,test
26,27,train
27,28,train
28,29,test
29,30,test
30,31,test
31,32,test
32,33,train
33,34,train
34,35,test
35,36,train
36,37,validation
37,38,test
38,39,train
39,40,train
40,41,train
41,42,validation
42,43,train
43,44,test
44,45,train
45,46,train
46,47,train
47,48,train
48,49,train
49,50,train
50,51,test
51,52,train
52,53,test
53,54,train
54,55,train
55,56,validation
56,57,train
57,58,train
58,59,train
59,60,train
60,61,train
61,62,validation
62,63,validation
63,64,train
64,65,train
65,66,validation
66,67,validation
67,68,test
68,69,train
69,70,train
70,71,train
71,72,test
72,73,train
73,74,test
74,75,train
75,76,train
76,77,test
77,78,validation
78,79,train
79,80,train
80,81,train
81,82,train
82,83,train
83,84,train
84,85,train
85,86,train
86,87,train
87,88,train
88,89,train
89,90,train
90,91,train
91,92,validation
92,93,validation
93,94,train
94,95,train
95,96,train
96,97,train
97,98,train
98,99,train
99,100,train
100,101,train
101,102,train
102,103,train
103,104,train
104,105,test
105,106,test
106,107,test
107,108,test
108,109,train
109,110,train
110,111,train
111,112,train
112,113,train
113,114,train
114,115,train
115,116,train
116,117,train
117,118,validation
118,119,test
119,120,train
120,121,validation
121,122,validation
122,123,test
123,124,test
124,125,train
125,126,train
126,127,train
127,128,validation
128,129,train
129,130,validation
130,131,train
131,132,train
132,133,train
133,134,train
134,135,validation
135,136,train
136,137,validation
137,138,train
138,139,train
139,140,train
140,141,test
141,142,validation
142,143,train
143,144,validation
144,145,test
145,146,train
146,147,validation
147,148,train
148,149,test
149,150,validation
150,151,validation
151,152,train
152,153,validation
153,154,validation
154,155,train
155,156,train
156,157,test
157,158,train
158,159,train
159,160,validation
160,161,train
161,162,validation
162,163,test
163,164,train
164,165,train
165,166,train
166,167,train
167,168,train
168,169,train
169,170,train
170,171,train
171,172,train
172,173,validation
173,174,train
174,175,train
175,176,test
176,177,train
177,178,train
178,179,test
179,180,train
180,181,train
181,182,train
182,183,validation
183,184,train
184,185,validation
185,186,train
186,187,test
187,188,validation
188,189,train
189,190,validation
190,191,train
191,192,train
192,193,train
193,194,train
194,195,train
195,196,train
196,197,train
197,198,train
198,199,validation
199,200,test
200,201,test
201,202,validation
202,203,train
203,204,test
204,205,validation
205,206,train
206,207,train
207,208,train
208,209,test
209,210,test
210,211,train
211,212,validation
212,213,test
213,214,test
214,215,train
215,216,train
216,217,train
217,218,validation
218,219,test
219,220,train
220,221,train
221,222,train
222,223,train
223,224,train
224,225,train
225,226,train
226,227,test
227,228,test
228,229,train
229,230,train
230,231,train
231,232,train
232,233,test
233,234,test
234,235,train
235,236,validation
236,237,train
237,238,train
238,239,validation
239,240,train
240,241,train
241,242,test
242,243,test
243,244,test
244,245,validation
245,246,test
246,247,train
247,248,train
248,249,validation
249,250,validation
250,251,train
251,252,train
252,253,train
253,254,train
254,255,train
255,256,train
256,257,validation
257,258,train
258,259,validation
259,260,train
260,261,train
261,262,train
262,263,train
263,264,train
264,265,train
265,266,train
266,267,train
267,268,test
268,269,test
269,270,train
270,271,train
271,272,train
272,273,train
273,274,validation
274,275,train
275,276,validation
276,277,train
277,278,train
278,279,train
279,280,train
280,281,test
281,282,train
282,283,train
283,284,train
284,285,train
285,286,train
286,287,train
287,288,test
288,289,train
289,290,train
290,291,train
291,292,train
292,293,train
293,294,train
294,295,train
295,296,train
296,297,train
297,298,train
298,299,validation
299,300,test
300,301,train
301,302,train
302,303,train
303,304,train
304,305,train
305,306,train
306,307,train
307,308,train
308,309,validation
309,310,validation
310,311,test
311,312,test
312,313,validation
313,314,train
314,315,test
315,316,validation
316,317,train
317,318,train
318,319,train
319,320,train
320,321,train
321,322,test
322,323,train
323,324,train
324,325,train
325,326,train
326,327,train
327,328,test
328,329,test
329,330,train
330,331,train
331,332,train
332,333,train
333,334,train
334,335,train
335,336,train
336,337,train
337,338,train
338,339,validation
339,340,train
340,341,train
341,342,train
342,343,train
343,344,test
344,345,train
345,346,train
346,347,train
347,348,validation
348,349,train
349,350,train
350,351,train
351,352,test
352,353,train
353,354,test
354,355,test
355,356,train
356,357,train
357,358,train
358,359,train
359,360,train
360,361,train
361,362,test
362,363,validation
363,364,test
364,365,train
365,366,train
366,367,train
367,368,train
368,369,train
369,370,test
370,371,train
371,372,train
372,373,train
373,374,train
374,375,train
375,376,train
376,377,train
377,378,validation
378,379,train
379,380,train
380,381,train
381,382,train
382,383,train
383,384,train
384,385,train
385,386,train
386,387,validation
387,388,train
388,389,train
389,390,train
390,391,train
391,392,train
392,393,train
393,394,train
394,395,test
395,396,train
396,397,validation
397,398,train
398,399,train
399,400,train
400,401,train
401,402,train
402,403,train
403,404,test
404,405,test
405,406,train
406,407,train
407,408,train
408,409,test
409,410,train
410,411,test
411,412,train
412,413,validation
413,414,test
414,415,test
415,416,test
416,417,test
417,418,test
418,419,train
419,420,validation
420,421,train
421,422,train
422,423,test
423,424,train
424,425,test
425,426,validation
426,427,validation
427,428,train
428,429,validation
429,430,validation
430,431,test
431,432,train
432,433,validation
433,434,train
434,435,test
435,436,test
436,437,train
437,438,train
438,439,validation
439,440,train
440,441,train
441,442,train
442,443,test
443,444,train
444,445,train
445,446,train
446,447,train
447,448,train
448,449,train
449,450,validation
450,451,validation
451,452,test
452,453,test
453,454,validation
454,455,validation
455,456,train
456,457,test
457,458,validation
458,459,train
459,460,train
460,461,train
461,462,test
462,463,train
463,464,train
464,465,train
465,466,train
466,467,train
467,468,train
468,469,train
469,470,train
470,471,train
471,472,train
472,473,train
473,474,test
474,475,test
475,476,test
476,477,train
477,478,train
478,479,test
479,480,train
480,481,test
481,482,train
482,483,train
483,484,train
484,485,validation
485,486,validation
486,487,train
487,488,train
488,489,train
489,490,validation
490,491,train
491,492,train
492,493,train
493,494,test
494,495,validation
495,496,validation
496,497,train
497,498,train
498,499,train
499,500,train
500,501,train
501,502,train
502,503,validation
503,504,train
504,505,validation
505,506,train
506,507,train
507,508,train
508,509,train
509,510,train
510,511,validation
511,512,train
512,513,test
513,514,train
514,515,train
515,516,train
516,517,train
517,518,train
518,519,validation
519,520,train
520,521,validation
521,522,test
522,523,validation
523,524,train
524,525,train
525,526,train
526,527,train
527,528,train
528,529,train
529,530,train
530,531,train
531,532,test
532,533,train
533,534,train
534,535,train
535,536,validation
536,537,train
537,538,train
538,539,train
539,540,train
540,541,train
541,542,train
542,543,test
543,544,train
544,545,validation
545,546,test
546,547,train
547,548,train
548,549,validation
549,550,train
550,551,train
551,552,test
552,553,train
553,554,train
554,555,validation
555,556,train
556,557,train
557,558,train
558,559,train
559,560,train
560,561,train
561,562,train
562,563,test
563,564,train
564,565,train
565,566,train
566,567,train
567,568,train
568,569,train
569,570,test
570,571,test
571,572,train
572,573,validation
573,574,train
574,575,train
575,576,train
576,577,train
577,578,train
578,579,train
579,580,train
580,581,train
581,582,train
582,583,train
583,584,train
584,585,train
585,586,train
586,587,train
587,588,train
588,589,validation
589,590,train
590,591,train
591,592,validation
592,593,train
593,594,test
594,595,train
595,596,test
596,597,train
597,598,train
598,599,train
599,600,train
600,601,test
601,602,train
602,603,validation
603,604,validation
604,605,test
605,606,validation
606,607,train
607,608,train
608,609,train
609,610,train
610,611,train
611,612,train
612,613,train
613,614,train
614,615,validation
615,616,train
616,617,train
617,618,train
618,619,validation
619,620,train
620,621,test
621,622,train
622,623,test
623,624,train
624,625,train
625,626,test
626,627,train
627,628,validation
628,629,train
629,630,train
630,631,train
631,632,train
632,633,train
633,634,validation
634,635,validation
635,636,train
636,637,train
637,638,validation
638,639,train
639,640,test
640,641,train
641,642,train
642,643,train
643,644,train
644,645,train
645,646,train
646,647,train
647,648,train
648,649,test
649,650,validation
650,651,train
651,652,train
652,653,test
653,654,test
654,655,train
655,656,test
656,657,train
657,658,validation
658,659,test
659,660,train
660,661,train
661,662,train
662,663,validation
663,664,train
664,665,train
665,666,test
666,667,validation
667,668,train
668,669,validation
669,670,train
670,671,train
671,672,validation
672,673,validation
673,674,train
674,675,train
675,676,train
676,677,train
677,678,train
678,679,train
679,680,train
680,681,train
681,682,train
682,683,validation
683,684,validation
684,685,train
685,686,train
686,687,validation
687,688,train
688,689,train
689,690,train
690,691,test
691,692,train
692,693,validation
693,694,test
694,695,train
695,696,train
696,697,train
697,698,train
698,699,train
699,700,train
700,701,train
701,702,train
702,703,validation
703,704,train
704,705,validation
705,706,test
706,707,test
707,708,train
708,709,train
709,710,test
710,711,validation
711,712,train
712,713,train
713,714,train
714,715,train
715,716,train
716,717,train
717,718,train
718,719,train
719,720,train
720,721,train
721,722,validation
722,723,validation
723,724,train
724,725,test
725,726,train
726,727,test
727,728,train
728,729,train
729,730,train
730,731,validation
731,732,train
732,733,train
733,734,train
734,735,train
735,736,train
736,737,train
737,738,validation
738,739,train
739,740,train
740,741,train
741,742,train
742,743,train
743,744,validation
744,745,train
745,746,validation
746,747,validation
747,748,train
748,749,train
749,750,train
750,751,train
751,752,train
752,753,validation
753,754,train
754,755,train
755,756,train
756,757,test
757,758,train
758,759,train
759,760,train
760,761,test
761,762,validation
762,763,validation
763,764,validation
764,765,validation
765,766,train
766,767,train
767,768,train
768,769,test
769,770,test
770,771,train
771,772,train
772,773,train
773,774,train
774,775,train
775,776,train
776,777,train
777,778,train
778,779,train
779,780,validation
780,781,test
781,782,train
782,783,train
783,784,validation
784,785,train
785,786,validation
786,787,train
787,788,train
788,789,train
789,790,train
790,791,train
791,792,validation
792,793,validation
793,794,test
794,795,train
795,796,train
796,797,train
797,798,test
798,799,train
799,800,train
800,801,train
801,802,train
802,803,train
803,804,train
804,805,validation
805,806,test
806,807,validation
807,808,train
808,809,train
809,810,validation
810,811,train
811,812,train
812,813,test
813,814,train
814,815,train
815,816,validation
816,817,validation
817,818,train
818,819,train
819,820,train
820,821,train
821,822,validation
822,823,train
823,824,train
824,825,train
825,826,validation
826,827,train
827,828,train
828,829,train
829,830,train
830,831,train
831,832,test
832,833,train
833,834,train
834,835,train
835,836,train
836,837,train
837,838,test
838,839,train
839,840,train
840,841,validation
841,842,train
842,843,train
843,844,train
844,845,test
845,846,train
846,847,train
847,848,train
848,849,train
849,850,train
850,851,train
851,852,validation
852,853,train
853,854,validation
854,855,train
855,856,train
856,857,train
857,858,train
858,859,validation
859,860,train
860,861,test
861,862,train
862,863,train
863,864,train
864,865,test
865,866,train
866,867,train
867,868,train
868,869,train
869,870,train
870,871,train
871,872,train
872,873,train
873,874,validation
874,875,test
875,876,train
876,877,train
877,878,train
878,879,validation
879,880,train
880,881,validation
881,882,train
882,883,train
883,884,test
884,885,train
885,886,train
886,887,validation
887,888,validation
888,889,train
889,890,train
890,891,validation
891,892,train
892,893,train
893,894,test
894,895,train
895,896,train
896,897,train
897,898,train
898,899,train
899,900,train
900,901,train
901,902,train
902,903,train
903,904,train
904,905,train
905,906,train
906,907,train
907,908,train
908,909,train
909,910,train
910,911,validation
911,912,train
912,913,train
913,914,train
914,915,train
915,916,train
916,917,train
917,918,train
918,919,train
919,920,train
920,921,validation
921,922,train
922,923,train
923,924,test
924,925,train
925,926,train
926,927,train
927,928,train
928,929,train
929,930,train
930,931,train
931,932,train
932,933,train
933,934,test
934,935,validation
935,936,train
936,937,train
937,938,train
938,939,train
939,940,train
940,941,train
941,942,train
942,943,train
943,944,train
944,945,train
945,946,train
946,947,train
947,948,validation
948,949,train
949,950,validation
950,951,test
951,952,validation
952,953,train
953,954,train
954,955,train
955,956,validation
956,957,test
957,958,train
958,959,validation
959,960,test
960,961,train
961,962,train
962,963,validation
963,964,train
964,965,train
965,966,train
966,967,test
967,968,train
968,969,train
969,970,train
970,971,validation
971,972,validation
972,973,train
973,974,train
974,975,train
975,976,train
976,977,train
977,978,train
978,979,train
979,980,train
980,981,validation
981,982,train
982,983,train
983,984,train
984,985,validation
985,986,train
986,987,validation
987,988,validation
988,989,train
989,990,test
990,991,validation
991,992,validation
992,993,train
993,994,train
994,995,train
995,996,test
996,997,train
997,998,train
998,999,train
999,1000,train
1000,1001,train
1001,1002,train
1002,1003,train
1003,1004,test
1004,1005,validation
1005,1006,validation
1006,1007,test
1007,1008,train
1008,1009,test
1009,1010,train
1010,1011,validation
1011,1012,test
1012,1013,train
1013,1014,train
1014,1015,train
1015,1016,train
1016,1017,test
1017,1018,train
1018,1019,validation
1019,1020,train
1020,1021,test
1021,1022,test
1022,1023,train
1023,1024,train
1024,1025,train
1025,1026,train
1026,1027,train
1027,1028,train
1028,1029,train
1029,1030,test
1030,1031,validation
1031,1032,train
1032,1033,test
1033,1034,train
1034,1035,train
1035,1036,train
1036,1037,train
1037,1038,train
1038,1039,train
1039,1040,train
1040,1041,test
1041,1042,train
1042,1043,train
1043,1044,test
1044,1045,train
1045,1046,train
1046,1047,test
1047,1048,train
1048,1049,train
1049,1050,train
1050,1051,train
1051,1052,train
1052,1053,test
1053,1054,train
1054,1055,validation
1055,1056,test
1056,1057,train
1057,1058,train
1058,1059,train
1059,1060,validation
1060,1061,train
1061,1062,train
1062,1063,train
1063,1064,validation
1064,1065,validation
1065,1066,validation
1066,1067,test
1067,1068,train
1068,1069,train
1069,1070,train
1070,1071,validation
1071,1072,train
1072,1073,validation
1073,1074,test
1074,1075,train
1075,1076,test
1076,1077,train
1077,1078,train
1078,1079,train
1079,1080,test
1080,1081,train
1081,1082,train
1082,1083,validation
1083,1084,validation
1084,1085,train
1085,1086,train
1086,1087,validation
1087,1088,test
1088,1089,train
1089,1090,train
1090,1091,train
1091,1092,validation
1092,1093,train
1093,1094,train
1094,1095,validation
1095,1096,validation
1096,1097,train
1097,1098,train
1098,1099,train
1099,1100,train
1100,1101,train
1101,1102,test
1102,1103,train
1103,1104,train
1104,1105,train
1105,1106,train
1106,1107,train
1107,1108,train
1108,1109,train
1109,1110,train
1110,1111,validation
1111,1112,train
1112,1113,train
1113,1114,test
1114,1115,validation
1115,1116,train
1116,1117,validation
1117,1118,test
1118,1119,validation
1119,1120,train
1120,1121,train
1121,1122,train
1122,1123,train
1123,1124,train
1124,1125,train
1125,1126,train
1126,1127,train
1127,1128,train
1128,1129,train
1129,1130,train
1130,1131,train
1131,1132,train
1132,1133,train
1133,1134,validation
1134,1135,train
1135,1136,validation
1136,1137,train
1137,1138,test
1138,1139,test
1139,1140,train
1140,1141,test
1141,1142,validation
1142,1143,validation
1143,1144,train
1144,1145,validation
1145,1146,train
1146,1147,train
1147,1148,train
1148,1149,train
1149,1150,train
1150,1151,train
1151,1152,test
1152,1153,train
1153,1154,train
1154,1155,train
1155,1156,validation
1156,1157,test
1157,1158,test
1158,1159,train
1159,1160,train
1160,1161,train
1161,1162,validation
1162,1163,train
1163,1164,train
1164,1165,test
1165,1166,validation
1166,1167,train
1167,1168,train
1168,1169,train
1169,1170,test
1170,1171,train
1171,1172,train
1172,1173,train
1173,1174,test
1174,1175,validation
1175,1176,test
1176,1177,train
1177,1178,train
1178,1179,train
1179,1180,train
1180,1181,validation
1181,1182,train
1182,1183,validation
1183,1184,train
1184,1185,train
1185,1186,validation
1186,1187,train
1187,1188,train
1188,1189,train
1189,1190,validation
1190,1191,train
1191,1192,train
1192,1193,validation
1193,1194,train
1194,1195,train
1195,1196,test
1196,1197,train
1197,1198,train
1198,1199,train
1199,1200,train
1200,1201,train
1201,1202,train
1202,1203,train
1203,1204,train
1204,1205,train
1205,1206,train
1206,1207,train
1207,1208,train
1208,1209,train
1209,1210,train
1210,1211,train
1211,1212,train
1212,1213,train
1213,1214,test
1214,1215,train
1215,1216,train
1216,1217,train
1217,1218,train
1218,1219,test
1219,1220,train
1220,1221,test
1221,1222,validation
1222,1223,train
1223,1224,train
1224,1225,test
1225,1226,test
1226,1227,train
1227,1228,train
1228,1229,train
1229,1230,train
1230,1231,train
1231,1232,train
1232,1233,train
1233,1234,train
1234,1235,validation
1235,1236,train
1236,1237,train
1237,1238,train
1238,1239,train
1239,1240,train
1240,1241,train
1241,1242,validation
1242,1243,train
1243,1244,train
1244,1245,test
1245,1246,test
1246,1247,validation
1247,1248,test
1248,1249,validation
1249,1250,test
1250,1251,test
1251,1252,train
1252,1253,validation
1253,1254,train
1254,1255,train
1255,1256,train
1256,1257,validation
1257,1258,train
1258,1259,train
1259,1260,train
1260,1261,train
1261,1262,train
1262,1263,train
1263,1264,train
1264,1265,validation
1265,1266,validation
1266,1267,train
1267,1268,train
1268,1269,train
1269,1270,train
1270,1271,test
1271,1272,test
1272,1273,test
1273,1274,train
1274,1275,train
1275,1276,test
1276,1277,train
1277,1278,test
1278,1279,train
1279,1280,train
1280,1281,test
1281,1282,train
1282,1283,train
1283,1284,validation
1284,1285,validation
1285,1286,train
1286,1287,train
1287,1288,train
1288,1289,train
1289,1290,train
1290,1291,train
1291,1292,train
1292,1293,test
1293,1294,train
1294,1295,test
1295,1296,train
1296,1297,train
1297,1298,validation
1298,1299,train
1299,1300,train
1300,1301,test
1301,1302,train
1302,1303,validation
1303,1304,train
1304,1305,train
1305,1306,train
1306,1307,train
1307,1308,train
1308,1309,train
1309,1310,train
1310,1311,train
1311,1312,train
1312,1313,train
1313,1314,train
1314,1315,train
1315,1316,train
1316,1317,train
1317,1318,validation
1318,1319,train
1319,1320,train
1320,1321,train
1321,1322,train
1322,1323,train
1323,1324,validation
1324,1325,validation
1325,1326,train
1326,1327,train
1327,1328,validation
1328,1329,train
1329,1330,train
1330,1331,train
1331,1332,validation
1332,1333,validation
1333,1334,train
1334,1335,train
1335,1336,train
1336,1337,validation
1337,1338,validation
1338,1339,train
1339,1340,validation
1340,1341,validation
1341,1342,test
1342,1343,train
1343,1344,train
1344,1345,train
1345,1346,train
1346,1347,train
1347,1348,train
1348,1349,test
1349,1350,train
1350,1351,train
1351,1352,validation
1352,1353,train
1353,1354,train
1354,1355,validation
1355,1356,validation
1356,1357,test
1357,1358,train
1358,1359,train
1359,1360,validation
1360,1361,train
1361,1362,train
1362,1363,train
1363,1364,train
1364,1365,validation
1365,1366,test
1366,1367,train
1367,1368,train
1368,1369,test
1369,1370,train
1370,1371,train
1371,1372,train
1372,1373,train
1373,1374,train
1374,1375,test
1375,1376,validation
1376,1377,train
1377,1378,train
1378,1379,test
1379,1380,train
1380,1381,train
1381,1382,train
1382,1383,validation
1383,1384,train
1384,1385,train
1385,1386,train
1386,1387,train
1387,1388,train
1388,1389,train
1389,1390,validation
1390,1391,train
1391,1392,test
1392,1393,train
1393,1394,validation
1394,1395,validation
1395,1396,test
1396,1397,train
1397,1398,train
1398,1399,validation
1399,1400,train
1400,1401,test
1401,1402,validation
1402,1403,train
1403,1404,train
1404,1405,validation
1405,1406,train
1406,1407,validation
1407,1408,train
1408,1409,train
1409,1410,train
1410,1411,validation
1411,1412,train
1412,1413,train
1413,1414,train
1414,1415,train
1415,1416,test
1416,1417,test
1417,1418,train
1418,1419,train
1419,1420,train
1420,1421,train
1421,1422,test
1422,1423,train
1423,1424,train
1424,1425,train
1425,1426,train
1426,1427,train
1427,1428,test
1428,1429,validation
1429,1430,validation
1430,1431,validation
1431,1432,train
1432,1433,train
1433,1434,train
1434,1435,train
1435,1436,test
1436,1437,validation
1437,1438,train
1438,1439,train
1439,1440,train
1440,1441,train
1441,1442,train
1442,1443,train
1443,1444,train
1444,1445,validation
1445,1446,train
1446,1447,train
1447,1448,train
1448,1449,train
1449,1450,test
1450,1451,test
1451,1452,validation
1452,1453,train
1453,1454,train
1454,1455,test
1455,1456,validation
1456,1457,validation
1457,1458,train
1458,1459,train
1459,1460,test
1460,1461,train
1461,1462,train
1462,1463,validation
1463,1464,validation
1464,1465,train
1465,1466,train
1466,1467,train
1467,1468,test
1468,1469,train
1469,1470,train
1470,1471,train
1471,1472,test
1472,1473,test
1473,1474,train
1474,1475,train
1475,1476,train
1476,1477,train
1477,1478,train
1478,1479,train
1479,1480,train
1480,1481,train
1481,1482,train
1482,1483,train
1483,1484,train
1484,1485,train
1485,1486,train
1486,1487,train
1487,1488,train
1488,1489,train
1489,1490,validation
1490,1491,train
1491,1492,train
1492,1493,train
1493,1494,train
1494,1495,test
1495,1496,train
1496,1497,train
1497,1498,train
1498,1499,train
1499,1500,train
1500,1501,train
1501,1502,validation
1502,1503,train
1503,1504,train
1504,1505,train
1505,1506,test
1506,1507,test
1507,1508,train
1508,1509,train
1509,1510,validation
1510,1511,train
1511,1512,train
1512,1513,test
1513,1514,validation
1514,1515,validation
1515,1516,train
1516,1517,test
1517,1518,validation
1518,1519,train
1519,1520,train
1520,1521,train
1521,1522,test
1522,1523,train
1523,1524,train
1524,1525,test
1525,1526,train
1526,1527,train
1527,1528,train
1528,1529,validation
1529,1530,validation
1530,1531,validation
1531,1532,train
1532,1533,train
1533,1534,train
1534,1535,validation
1535,1536,test
1536,1537,train
1537,1538,validation
1538,1539,train
1539,1540,validation
1540,1541,train
1541,1542,train
1542,1543,train
1543,1544,train
1544,1545,train
1545,1546,train
1546,1547,train
1547,1548,train
1548,1549,train
1549,1550,validation
1550,1551,train
1551,1552,test
1552,1553,validation
1553,1554,train
1554,1555,train
1555,1556,train
1556,1557,train
1557,1558,train
1558,1559,test
1559,1560,train
1560,1561,train
1561,1562,train
1562,1563,train
1563,1564,validation
1564,1565,train
1565,1566,train
1566,1567,train
1567,1568,train
1568,1569,train
1569,1570,validation
1570,1571,train
1571,1572,train
1572,1573,validation
1573,1574,train
1574,1575,validation
1575,1576,validation
1576,1577,test
1577,1578,train
1578,1579,validation
1579,1580,train
1580,1581,train
1581,1582,train
1582,1583,validation
1583,1584,train
1584,1585,test
1585,1586,train
1586,1587,train
1587,1588,test
1588,1589,train
1589,1590,train
1590,1591,validation
1591,1592,validation
1592,1593,train
1593,1594,train
1594,1595,train
1595,1596,train
1596,1597,train
1597,1598,train
1598,1599,train
1599,1600,test
1600,1601,validation
1601,1602,train
1602,1603,train
1603,1604,validation
1604,1605,test
1605,1606,train
1606,1607,train
1607,1608,test
1608,1609,train
1609,1610,train
1610,1611,train
1611,1612,train
1612,1613,validation
1613,1614,validation
1614,1615,train
1615,1616,train
1616,1617,test
1617,1618,train
1618,1619,test
1619,1620,train
1620,1621,train
1621,1622,train
1622,1623,test
1623,1624,train
1624,1625,train
1625,1626,train
1626,1627,validation
1627,1628,train
1628,1629,train
1629,1630,train
1630,1631,train
1631,1632,train
1632,1633,train
1633,1634,validation
1634,1635,test
1635,1636,train
1636,1637,train
1637,1638,test
1638,1639,train
1639,1640,validation
1640,1641,train
1641,1642,train
1642,1643,train
1643,1644,train
1644,1645,test
1645,1646,train
1646,1647,train
1647,1648,validation
1648,1649,train
1649,1650,train
1650,1651,train
1651,1652,train
1652,1653,train
1653,1654,train
1654,1655,train
1655,1656,train
1656,1657,train
1657,1658,train
1658,1659,train
1659,1660,train
1660,1661,test
1661,1662,test
1662,1663,train
1663,1664,train
1664,1665,train
1665,1666,train
1666,1667,train
1667,1668,validation
1668,1669,test
1669,1670,test
1670,1671,test
1671,1672,validation
1672,1673,train
1673,1674,train
1674,1675,train
1675,1676,train
1676,1677,train
1677,1678,train
1678,1679,validation
1679,1680,validation
1680,1681,train
1681,1682,train
1682,1683,train
1683,1684,test
1684,1685,train
1685,1686,train
1686,1687,train
1687,1688,train
1688,1689,train
1689,1690,test
1690,1691,train
1691,1692,train
1692,1693,train
1693,1694,train
1694,1695,validation
1695,1696,validation
1696,1697,train
1697,1698,train
1698,1699,train
1699,1700,train
1700,1701,test
1701,1702,train
1702,1703,train
1703,1704,train
1704,1705,test
1705,1706,train
1706,1707,train
1707,1708,test
1708,1709,validation
1709,1710,train
1710,1711,train
1711,1712,train
1712,1713,train
1713,1714,train
1714,1715,train
1715,1716,train
1716,1717,validation
1717,1718,train
1718,1719,validation
1719,1720,train
1720,1721,train
1721,1722,train
1722,1723,test
1723,1724,train
1724,1725,test
1725,1726,train
1726,1727,test
1727,1728,train
1728,1729,train
1729,1730,train
1730,1731,train
1731,1732,test
1732,1733,train
1733,1734,train
1734,1735,train
1735,1736,train
1736,1737,train
1737,1738,train
1738,1739,train
1739,1740,train
1740,1741,validation
1741,1742,train
1742,1743,train
1743,1744,train
1744,1745,train
1745,1746,test
1746,1747,train
1747,1748,test
1748,1749,train
1749,1750,train
1750,1751,test
1751,1752,test
1752,1753,train
1753,1754,test
1754,1755,train
1755,1756,train
1756,1757,validation
1757,1758,train
1758,1759,train
1759,1760,train
1760,1761,train
1761,1762,train
1762,1763,train
1763,1764,train
1764,1765,train
1765,1766,validation
1766,1767,train
1767,1768,train
1768,1769,validation
1769,1770,train
1770,1771,train
1771,1772,train
1772,1773,train
1773,1774,validation
1774,1775,train
1775,1776,train
1776,1777,train
1777,1778,train
1778,1779,test
1779,1780,train
1780,1781,test
1781,1782,train
1782,1783,train
1783,1784,test
1784,1785,validation
1785,1786,train
1786,1787,train
1787,1788,train
1788,1789,train
1789,1790,train
1790,1791,train
1791,1792,train
1792,1793,train
1793,1794,train
1794,1795,train
1795,1796,train
1796,1797,train
1797,1798,train
1798,1799,train
1799,1800,train
1800,1801,test
1801,1802,train
1802,1803,train
1803,1804,validation
1804,1805,train
1805,1806,train
1806,1807,train
1807,1808,train
1808,1809,train
1809,1810,train
1810,1811,validation
1811,1812,train
1812,1813,validation
1813,1814,train
1814,1815,train
1815,1816,train
1816,1817,validation
1817,1818,train
1818,1819,validation
1819,1820,validation
1820,1821,train
1821,1822,train
1822,1823,test
1823,1824,train
1824,1825,train
1825,1826,train
1826,1827,train
1827,1828,train
1828,1829,test
1829,1830,train
1830,1831,train
1831,1832,train
1832,1833,train
1833,1834,train
1834,1835,train
1835,1836,test
1836,1837,train
1837,1838,train
1838,1839,train
1839,1840,train
1840,1841,validation
1841,1842,train
1842,1843,validation
1843,1844,train
1844,1845,train
1845,1846,train
1846,1847,train
1847,1848,train
1848,1849,train
1849,1850,train
1850,1851,train
1851,1852,train
1852,1853,test
1853,1854,train
1854,1855,train
1855,1856,validation
1856,1857,train
1857,1858,train
1858,1859,test
1859,1860,validation
1860,1861,train
1861,1862,train
1862,1863,train
1863,1864,test
1864,1865,train
1865,1866,train
1866,1867,train
1867,1868,train
1868,1869,train
1869,1870,train
1870,1871,train
1871,1872,train
1872,1873,validation
1873,1874,train
1874,1875,test
1875,1876,train
1876,1877,validation
1877,1878,validation
1878,1879,train
1879,1880,train
1880,1881,train
1881,1882,test
1882,1883,train
1883,1884,train
1884,1885,validation
1885,1886,train
1886,1887,train
1887,1888,test
1888,1889,test
1889,1890,train
1890,1891,train
1891,1892,train
1892,1893,train
1893,1894,train
1894,1895,train
1895,1896,validation
1896,1897,train
1897,1898,test
1898,1899,train
1899,1900,train
1900,1901,train
1901,1902,train
1902,1903,validation
1903,1904,train
1904,1905,train
1905,1906,train
1906,1907,train
1907,1908,train
1908,1909,train
1909,1910,train
1910,1911,train
1911,1912,train
1912,1913,train
1913,1914,train
1914,1915,test
1915,1916,train
1916,1917,train
1917,1918,validation
1918,1919,train
1919,1920,train
1920,1921,train
1921,1922,train
1922,1923,validation
1923,1924,validation
1924,1925,train
1925,1926,train
1926,1927,train
1927,1928,validation
1928,1929,test
1929,1930,test
1930,1931,train
1931,1932,validation
1932,1933,test
1933,1934,train
1934,1935,train
1935,1936,train
1936,1937,train
1937,1938,train
1938,1939,train
1939,1940,train
1940,1941,validation
1941,1942,train
1942,1943,train
1943,1944,train
1944,1945,test
1945,1946,train
1946,1947,train
1947,1948,train
1948,1949,test
1949,1950,test
1950,1951,train
1951,1952,train
1952,1953,test
1953,1954,train
1954,1955,validation
1955,1956,train
1956,1957,train
1957,1958,train
1958,1959,train
1959,1960,train
1960,1961,train
1961,1962,train
1962,1963,test
1963,1964,test
1964,1965,train
1965,1966,train
1966,1967,train
1967,1968,train
1968,1969,train
1969,1970,train
1970,1971,train
1971,1972,validation
1972,1973,test
1973,1974,train
1974,1975,train
1975,1976,train
1976,1977,train
1977,1978,train
1978,1979,validation
1979,1980,train
1980,1981,train
1981,1982,train
1982,1983,test
1983,1984,test
1984,1985,train
1985,1986,train
1986,1987,train
1987,1988,train
1988,1989,test
1989,1990,train
1990,1991,train
1991,1992,train
1992,1993,train
1993,1994,train
1994,1995,train
1995,1996,test
1996,1997,train
1997,1998,test
1998,1999,train
1999,2000,train
2000,2001,validation
2001,2002,train
2002,2003,validation
2003,2004,train
2004,2005,train
2005,2006,train
2006,2007,train
2007,2008,train
2008,2009,train
2009,2010,train
2010,2011,train
2011,2012,train
2012,2013,test
2013,2014,train
2014,2015,train
2015,2016,train
2016,2017,train
2017,2018,train
2018,2019,train
2019,2020,train
2020,2021,test
2021,2022,test
2022,2023,train
2023,2024,test
2024,2025,train
2025,2026,train
2026,2027,train
2027,2028,validation
2028,2029,train
2029,2030,test
2030,2031,train
2031,2032,train
2032,2033,train
2033,2034,train
2034,2035,validation
2035,2036,train
2036,2037,train
2037,2038,train
2038,2039,validation
2039,2040,validation
2040,2041,validation
2041,2042,validation
2042,2043,train
2043,2044,test
2044,2045,validation
2045,2046,train
2046,2047,train
2047,2048,train
2048,2049,train
2049,2050,train
2050,2051,validation
2051,2052,test
2052,2053,train
2053,2054,train
2054,2055,train
2055,2056,test
2056,2057,train
2057,2058,test
2058,2059,train
2059,2060,validation
2060,2061,validation
2061,2062,train
2062,2063,validation
2063,2064,train
2064,2065,train
2065,2066,train
2066,2067,validation
2067,2068,train
2068,2069,train
2069,2070,train
2070,2071,train
2071,2072,test
2072,2073,train
2073,2074,test
2074,2075,train
2075,2076,test
2076,2077,validation
2077,2078,train
2078,2079,train
2079,2080,validation
2080,2081,test
2081,2082,train
2082,2083,train
2083,2084,train
2084,2085,train
2085,2086,test
2086,2087,train
2087,2088,train
2088,2089,train
2089,2090,train
2090,2091,test
2091,2092,train
2092,2093,train
2093,2094,test
2094,2095,train
2095,2096,train
2096,2097,train
2097,2098,train
2098,2099,train
2099,2100,train
2100,2101,train
2101,2102,train
2102,2103,train
2103,2104,validation
2104,2105,train
2105,2106,train
2106,2107,train
2107,2108,validation
2108,2109,validation
2109,2110,train
2110,2111,test
2111,2112,test
2112,2113,train
2113,2114,train
2114,2115,test
2115,2116,validation
2116,2117,validation
2117,2118,train
2118,2119,test
2119,2120,test
2120,2121,train
2121,2122,train
2122,2123,train
2123,2124,validation
2124,2125,train
2125,2126,train
2126,2127,train
2127,2128,validation
2128,2129,train
2129,2130,train
2130,2131,train
2131,2132,validation
2132,2133,train
2133,2134,train
2134,2135,validation
2135,2136,test
2136,2137,train
2137,2138,train
2138,2139,train
2139,2140,validation
2140,2141,train
2141,2142,test
2142,2143,train
2143,2144,train
2144,2145,train
2145,2146,train
2146,2147,test
2147,2148,train
2148,2149,train
2149,2150,train
2150,2151,train
2151,2152,test
2152,2153,train
2153,2154,train
2154,2155,train
2155,2156,train
2156,2157,train
2157,2158,train
2158,2159,train
2159,2160,train
2160,2161,validation
2161,2162,train
2162,2163,train
2163,2164,train
2164,2165,train
2165,2166,train
2166,2167,train
2167,2168,train
2168,2169,validation
2169,2170,validation
2170,2171,train
2171,2172,train
2172,2173,train
2173,2174,validation
2174,2175,train
2175,2176,test
2176,2177,validation
2177,2178,train
2178,2179,train
2179,2180,train
2180,2181,train
2181,2182,train
2182,2183,validation
2183,2184,validation
2184,2185,train
2185,2186,train
2186,2187,validation
2187,2188,validation
2188,2189,train
2189,2190,train
2190,2191,train
2191,2192,train
2192,2193,train
2193,2194,test
2194,2195,validation
2195,2196,validation
2196,2197,train
2197,2198,validation
2198,2199,train
2199,2200,train
2200,2201,test
2201,2202,test
2202,2203,train
2203,2204,test
2204,2205,validation
2205,2206,train
2206,2207,train
2207,2208,train
2208,2209,test
2209,2210,train
2210,2211,train
2211,2212,test
2212,2213,train
2213,2214,train
2214,2215,train
2215,2216,test
2216,2217,train
2217,2218,train
2218,2219,train
2219,2220,train
2220,2221,test
2221,2222,train
2222,2223,test
2223,2224,train
2224,2225,train
2225,2226,train
2226,2227,test
2227,2228,train
2228,2229,train
2229,2230,train
2230,2231,train
2231,2232,train
2232,2233,train
2233,2234,train
2234,2235,train
2235,2236,train
2236,2237,train
2237,2238,validation
2238,2239,train
2239,2240,train
2240,2241,train
2241,2242,train
2242,2243,train
2243,2244,train
2244,2245,train
2245,2246,train
2246,2247,train
2247,2248,train
2248,2249,validation
2249,2250,train
2250,2251,test
2251,2252,train
2252,2253,train
2253,2254,train
2254,2255,train
2255,2256,test
2256,2257,test
2257,2258,test
2258,2259,train
2259,2260,train
2260,2261,train
2261,2262,train
2262,2263,train
2263,2264,validation
2264,2265,train
2265,2266,train
2266,2267,train
2267,2268,test
2268,2269,validation
2269,2270,test
2270,2271,train
2271,2272,validation
2272,2273,train
2273,2274,train
2274,2275,validation
2275,2276,train
2276,2277,validation
2277,2278,train
2278,2279,test
2279,2280,train
2280,2281,test
2281,2282,train
2282,2283,train
2283,2284,test
2284,2285,train
2285,2286,test
2286,2287,train
2287,2288,train
2288,2289,train
2289,2290,test
2290,2291,train
2291,2292,train
2292,2293,test
2293,2294,validation
2294,2295,train
2295,2296,train
2296,2297,train
2297,2298,test
2298,2299,train
2299,2300,train
2300,2301,train
2301,2302,test
2302,2303,validation
2303,2304,train
2304,2305,validation
2305,2306,train
2306,2307,train
2307,2308,train
2308,2309,train
2309,2310,train
2310,2311,train
2311,2312,train
2312,2313,train
2313,2314,train
2314,2315,test
2315,2316,train
2316,2317,train
2317,2318,test
2318,2319,train
2319,2320,test
2320,2321,train
2321,2322,train
2322,2323,train
2323,2324,train
2324,2325,train
2325,2326,train
2326,2327,train
2327,2328,train
2328,2329,test
2329,2330,train
2330,2331,train
2331,2332,test
2332,2333,train
2333,2334,train
2334,2335,train
2335,2336,train
2336,2337,train
2337,2338,test
2338,2339,train
2339,2340,train
2340,2341,train
2341,2342,validation
2342,2343,train
2343,2344,train
2344,2345,train
2345,2346,validation
2346,2347,validation
2347,2348,train
2348,2349,test
2349,2350,train
2350,2351,train
2351,2352,train
2352,2353,train
2353,2354,train
2354,2355,train
2355,2356,train
2356,2357,train
2357,2358,test
2358,2359,train
2359,2360,train
2360,2361,train
2361,2362,train
2362,2363,train
2363,2364,validation
2364,2365,train
2365,2366,train
2366,2367,train
2367,2368,train
2368,2369,train
2369,2370,train
2370,2371,train
2371,2372,train
2372,2373,test
2373,2374,train
2374,2375,test
2375,2376,validation
2376,2377,train
2377,2378,validation
2378,2379,train
2379,2380,train
2380,2381,train
2381,2382,train
2382,2383,train
2383,2384,train
2384,2385,train
2385,2386,train
2386,2387,validation
2387,2388,train
2388,2389,train
2389,2390,validation
2390,2391,train
2391,2392,train
2392,2393,train
2393,2394,train
2394,2395,train
2395,2396,train
2396,2397,train
2397,2398,train
2398,2399,train
2399,2400,train
2400,2401,validation
2401,2402,train
2402,2403,train
2403,2404,train
2404,2405,test
2405,2406,test
2406,2407,train
2407,2408,train
2408,2409,test
2409,2410,validation
2410,2411,test
2411,2412,train
2412,2413,train
2413,2414,test
2414,2415,train
2415,2416,test
2416,2417,train
2417,2418,test
2418,2419,test
2419,2420,train
2420,2421,train
2421,2422,validation
2422,2423,train
2423,2424,train
2424,2425,train
2425,2426,train
2426,2427,train
2427,2428,train
2428,2429,validation
2429,2430,train
2430,2431,train
2431,2432,train
2432,2433,train
2433,2434,test
2434,2435,validation
2435,2436,train
2436,2437,train
2437,2438,train
2438,2439,train
2439,2440,train
2440,2441,validation
2441,2442,train
2442,2443,train
2443,2444,test
2444,2445,train
2445,2446,train
2446,2447,train
2447,2448,validation
2448,2449,validation
2449,2450,train
2450,2451,train
2451,2452,validation
2452,2453,train
2453,2454,train
2454,2455,train
2455,2456,train
2456,2457,train
2457,2458,test
2458,2459,train
2459,2460,train
2460,2461,train
2461,2462,train
2462,2463,train
2463,2464,train
2464,2465,train
2465,2466,train
2466,2467,validation
2467,2468,test
2468,2469,train
2469,2470,train
2470,2471,train
2471,2472,train
2472,2473,train
2473,2474,train
2474,2475,train
2475,2476,test
2476,2477,train
2477,2478,train
2478,2479,validation
2479,2480,train
2480,2481,train
2481,2482,train
2482,2483,train
2483,2484,validation
2484,2485,train
2485,2486,train
2486,2487,train
2487,2488,train
2488,2489,test
2489,2490,train
2490,2491,train
2491,2492,train
2492,2493,train
2493,2494,train
2494,2495,train
2495,2496,train
2496,2497,train
2497,2498,train
2498,2499,test
2499,2500,validation
2500,2501,validation
2501,2502,validation
2502,2503,test
2503,2504,train
2504,2505,train
2505,2506,validation
2506,2507,train
2507,2508,train
2508,2509,validation
2509,2510,train
2510,2511,test
2511,2512,train
2512,2513,validation
2513,2514,train
2514,2515,train
2515,2516,train
2516,2517,test
2517,2518,train
2518,2519,test
2519,2520,train
2520,2521,train
2521,2522,validation
2522,2523,train
2523,2524,validation
2524,2525,validation
2525,2526,train
2526,2527,train
2527,2528,validation
2528,2529,train
2529,2530,validation
2530,2531,train
2531,2532,train
2532,2533,validation
2533,2534,train
2534,2535,train
2535,2536,test
2536,2537,validation
2537,2538,train
2538,2539,train
2539,2540,test
2540,2541,train
2541,2542,train
2542,2543,test
2543,2544,train
2544,2545,train
2545,2546,train
2546,2547,test
2547,2548,train
2548,2549,train
2549,2550,validation
2550,2551,test
2551,2552,train
2552,2553,validation
2553,2554,train
2554,2555,train
2555,2556,validation
2556,2557,train
2557,2558,train
2558,2559,validation
2559,2560,train
2560,2561,test
2561,2562,test
2562,2563,train
2563,2564,test
2564,2565,validation
2565,2566,test
2566,2567,test
2567,2568,train
2568,2569,train
2569,2570,train
2570,2571,train
2571,2572,train
2572,2573,train
2573,2574,test
2574,2575,validation
2575,2576,train
2576,2577,validation
2577,2578,train
2578,2579,train
2579,2580,train
2580,2581,test
2581,2582,train
2582,2583,train
2583,2584,train
2584,2585,train
2585,2586,train
2586,2587,train
2587,2588,train
2588,2589,train
2589,2590,validation
2590,2591,test
2591,2592,train
2592,2593,train
2593,2594,validation
2594,2595,train
2595,2596,train
2596,2597,train
2597,2598,train
2598,2599,train
2599,2600,train
2600,2601,validation
2601,2602,train
2602,2603,train
2603,2604,train
2604,2605,train
2605,2606,test
2606,2607,test
2607,2608,train
2608,2609,test
2609,2610,train
2610,2611,train
2611,2612,train
2612,2613,train
2613,2614,test
2614,2615,train
2615,2616,validation
2616,2617,test
2617,2618,train
2618,2619,validation
2619,2620,train
2620,2621,train
2621,2622,train
2622,2623,validation
2623,2624,train
2624,2625,train
2625,2626,train
2626,2627,train
2627,2628,test
2628,2629,train
2629,2630,validation
2630,2631,train
2631,2632,train
2632,2633,train
2633,2634,train
2634,2635,train
2635,2636,train
2636,2637,train
2637,2638,test
2638,2639,train
2639,2640,train
2640,2641,train
2641,2642,train
2642,2643,train
2643,2644,train
2644,2645,train
2645,2646,train
2646,2647,test
2647,2648,train
2648,2649,test
2649,2650,train
2650,2651,train
2651,2652,train
2652,2653,train
2653,2654,validation
2654,2655,test
2655,2656,train
2656,2657,train
2657,2658,test
2658,2659,train
2659,2660,train
2660,2661,train
2661,2662,test
2662,2663,train
2663,2664,validation
2664,2665,train
2665,2666,train
2666,2667,train
2667,2668,test
2668,2669,train
2669,2670,validation
2670,2671,train
2671,2672,train
2672,2673,train
2673,2674,test
2674,2675,train
2675,2676,train
2676,2677,train
2677,2678,test
2678,2679,validation
2679,2680,train
2680,2681,test
2681,2682,train
2682,2683,train
2683,2684,train
2684,2685,test
2685,2686,train
2686,2687,train
2687,2688,train
2688,2689,train
2689,2690,train
2690,2691,train
2691,2692,validation
2692,2693,train
2693,2694,validation
2694,2695,train
2695,2696,train
2696,2697,train
2697,2698,train
2698,2699,train
2699,2700,validation
2700,2701,test
2701,2702,train
2702,2703,test
2703,2704,train
2704,2705,train
2705,2706,train
2706,2707,validation
2707,2708,train
2708,2709,test
2709,2710,train
2710,2711,train
2711,2712,train
2712,2713,test
2713,2714,train
2714,2715,train
2715,2716,train
2716,2717,train
2717,2718,train
2718,2719,train
2719,2720,train
2720,2721,train
2721,2722,train
2722,2723,test
2723,2724,test
2724,2725,train
2725,2726,train
2726,2727,train
2727,2728,train
2728,2729,train
2729,2730,train
2730,2731,validation
2731,2732,train
2732,2733,train
2733,2734,train
2734,2735,train
2735,2736,train
2736,2737,train
2737,2738,train
2738,2739,train
2739,2740,test
2740,2741,train
2741,2742,validation
2742,2743,train
2743,2744,train
2744,2745,train
2745,2746,train
2746,2747,train
2747,2748,train
2748,2749,train
2749,2750,validation
2750,2751,train
2751,2752,train
2752,2753,train
2753,2754,train
2754,2755,train
2755,2756,train
2756,2757,train
2757,2758,train
2758,2759,train
2759,2760,train
2760,2761,train
2761,2762,train
2762,2763,train
2763,2764,train
2764,2765,train
2765,2766,validation
2766,2767,validation
2767,2768,test
2768,2769,validation
2769,2770,train
2770,2771,test
2771,2772,validation
2772,2773,validation
2773,2774,train
2774,2775,train
2775,2776,train
2776,2777,train
2777,2778,validation
2778,2779,train
2779,2780,test
2780,2781,train
2781,2782,train
2782,2783,train
2783,2784,train
2784,2785,test
2785,2786,train
2786,2787,train
2787,2788,validation
2788,2789,validation
2789,2790,train
2790,2791,validation
2791,2792,train
2792,2793,test
2793,2794,train
2794,2795,train
2795,2796,train
2796,2797,test
2797,2798,train
2798,2799,validation
2799,2800,train
2800,2801,train
2801,2802,train
2802,2803,test
2803,2804,train
2804,2805,train
2805,2806,train
2806,2807,train
2807,2808,validation
2808,2809,train
2809,2810,train
2810,2811,train
2811,2812,train
2812,2813,train
2813,2814,train
2814,2815,train
2815,2816,train
2816,2817,validation
2817,2818,train
2818,2819,validation
2819,2820,train
2820,2821,train
2821,2822,validation
2822,2823,train
2823,2824,train
2824,2825,train
2825,2826,test
2826,2827,train
2827,2828,train
2828,2829,validation
2829,2830,train
2830,2831,train
2831,2832,train
2832,2833,train
2833,2834,train
2834,2835,test
2835,2836,validation
2836,2837,test
2837,2838,train
2838,2839,test
2839,2840,train
2840,2841,train
2841,2842,train
2842,2843,train
2843,2844,train
2844,2845,train
2845,2846,train
2846,2847,train
2847,2848,train
2848,2849,train
2849,2850,train
2850,2851,train
2851,2852,test
2852,2853,train
2853,2854,train
2854,2855,train
2855,2856,validation
2856,2857,train
2857,2858,train
2858,2859,test
2859,2860,validation
2860,2861,validation
2861,2862,train
2862,2863,train
2863,2864,train
2864,2865,train
2865,2866,train
2866,2867,train
2867,2868,train
2868,2869,validation
2869,2870,train
2870,2871,train
2871,2872,train
2872,2873,train
2873,2874,train
2874,2875,train
2875,2876,test
2876,2877,train
2877,2878,train
2878,2879,test
2879,2880,train
2880,2881,test
2881,2882,train
2882,2883,train
2883,2884,validation
2884,2885,train
2885,2886,train
2886,2887,train
2887,2888,test
2888,2889,validation
2889,2890,train
2890,2891,validation
2891,2892,train
2892,2893,train
2893,2894,train
2894,2895,train
2895,2896,train
2896,2897,train
2897,2898,train
2898,2899,train
2899,2900,validation
2900,2901,train
2901,2902,test
2902,2903,validation
2903,2904,train
2904,2905,train
2905,2906,train
2906,2907,train
2907,2908,train
2908,2909,test
2909,2910,train
2910,2911,validation
2911,2912,validation
2912,2913,test
2913,2914,train
2914,2915,train
2915,2916,train
2916,2917,train
2917,2918,train
2918,2919,train
2919,2920,test
2920,2921,train
2921,2922,test
2922,2923,test
2923,2924,train
2924,2925,train
2925,2926,train
2926,2927,train
2927,2928,validation
2928,2929,train
2929,2930,test
2930,2931,train
2931,2932,train
2932,2933,train
2933,2934,train
2934,2935,train
2935,2936,train
2936,2937,train
2937,2938,validation
2938,2939,validation
2939,2940,train
2940,2941,train
2941,2942,train
2942,2943,train
2943,2944,validation
2944,2945,validation
2945,2946,train
2946,2947,train
2947,2948,test
2948,2949,train
2949,2950,train
2950,2951,train
2951,2952,train
2952,2953,train
2953,2954,train
2954,2955,test
2955,2956,test
2956,2957,validation
2957,2958,train
2958,2959,train
2959,2960,train
2960,2961,train
2961,2962,train
2962,2963,train
2963,2964,train
2964,2965,validation
2965,2966,train
2966,2967,train
2967,2968,test
2968,2969,train
2969,2970,test
2970,2971,train
2971,2972,validation
2972,2973,validation
2973,2974,train
2974,2975,validation
2975,2976,train
2976,2977,train
2977,2978,validation
2978,2979,validation
2979,2980,train
2980,2981,train
2981,2982,validation
2982,2983,train
2983,2984,validation
2984,2985,validation
2985,2986,train
2986,2987,validation
2987,2988,train
2988,2989,train
2989,2990,validation
2990,2991,train
2991,2992,test
2992,2993,train
2993,2994,train
2994,2995,train
2995,2996,train
2996,2997,train
2997,2998,train
2998,2999,test
2999,3000,validation
3000,3001,train
3001,3002,train
3002,3003,train
3003,3004,train
3004,3005,train
3005,3006,train
3006,3007,train
3007,3008,validation
3008,3009,train
3009,3010,train
3010,3011,train
3011,3012,train
3012,3013,train
3013,3014,validation
3014,3015,train
3015,3016,train
3016,3017,train
3017,3018,validation
3018,3019,train
3019,3020,validation
3020,3021,train
3021,3022,train
3022,3023,train
3023,3024,train
3024,3025,train
3025,3026,validation
3026,3027,test
3027,3028,train
3028,3029,train
3029,3030,validation
3030,3031,train
3031,3032,train
3032,3033,validation
3033,3034,train
3034,3035,train
3035,3036,train
3036,3037,train
3037,3038,train
3038,3039,train
3039,3040,train
3040,3041,test
3041,3042,train
3042,3043,train
3043,3044,validation
3044,3045,train
3045,3046,test
3046,3047,train
3047,3048,train
3048,3049,train
3049,3050,train
3050,3051,train
3051,3052,train
3052,3053,train
3053,3054,validation
3054,3055,train
3055,3056,train
3056,3057,train
3057,3058,validation
3058,3059,train
3059,3060,test
3060,3061,validation
3061,3062,train
3062,3063,train
3063,3064,train
3064,3065,train
3065,3066,train
3066,3067,test
3067,3068,train
3068,3069,train
3069,3070,train
3070,3071,train
3071,3072,test
3072,3073,validation
3073,3074,train
3074,3075,train
3075,3076,validation
3076,3077,train
3077,3078,validation
3078,3079,train
3079,3080,train
3080,3081,train
3081,3082,test
3082,3083,train
3083,3084,test
3084,3085,train
3085,3086,test
3086,3087,test
3087,3088,train
3088,3089,test
3089,3090,train
3090,3091,train
3091,3092,train
3092,3093,train
3093,3094,test
3094,3095,train
3095,3096,train
3096,3097,test
3097,3098,train
3098,3099,test
3099,3100,train
3100,3101,train
3101,3102,validation
3102,3103,train
3103,3104,train
3104,3105,train
3105,3106,train
3106,3107,train
3107,3108,train
3108,3109,train
3109,3110,train
3110,3111,train
3111,3112,train
3112,3113,train
3113,3114,validation
3114,3115,train
3115,3116,train
3116,3117,train
3117,3118,validation
3118,3119,train
3119,3120,train
3120,3121,train
3121,3122,train
3122,3123,test
3123,3124,train
3124,3125,train
3125,3126,train
3126,3127,train
3127,3128,train
3128,3129,train
3129,3130,train
3130,3131,train
3131,3132,validation
3132,3133,train
3133,3134,test
3134,3135,train
3135,3136,train
3136,3137,validation
3137,3138,test
3138,3139,train
3139,3140,train
3140,3141,train
3141,3142,train
3142,3143,train
3143,3144,train
3144,3145,train
3145,3146,validation
3146,3147,test
3147,3148,train
3148,3149,train
3149,3150,train
3150,3151,train
3151,3152,train
3152,3153,test
3153,3154,validation
3154,3155,train
3155,3156,train
3156,3157,train
3157,3158,validation
3158,3159,train
3159,3160,train
3160,3161,test
3161,3162,train
3162,3163,validation
3163,3164,train
3164,3165,train
3165,3166,validation
3166,3167,train
3167,3168,train
3168,3169,train
3169,3170,train
3170,3171,train
3171,3172,train
3172,3173,train
3173,3174,test
3174,3175,train
3175,3176,train
3176,3177,train
3177,3178,test
3178,3179,test
3179,3180,train
3180,3181,validation
3181,3182,train
3182,3183,train
3183,3184,validation
3184,3185,train
3185,3186,train
3186,3187,validation
3187,3188,train
3188,3189,test
3189,3190,train
3190,3191,train
3191,3192,train
3192,3193,train
3193,3194,train
3194,3195,test
3195,3196,train
3196,3197,test
3197,3198,train
3198,3199,train
3199,3200,train
3200,3201,train
3201,3202,train
3202,3203,train
3203,3204,validation
3204,3205,train
3205,3206,train
3206,3207,test
3207,3208,test
3208,3209,train
3209,3210,train
3210,3211,train
3211,3212,test
3212,3213,train
3213,3214,train
3214,3215,train
3215,3216,train
3216,3217,test
3217,3218,train
3218,3219,train
3219,3220,train
3220,3221,test
3221,3222,train
3222,3223,train
3223,3224,train
3224,3225,train
3225,3226,train
3226,3227,test
3227,3228,train
3228,3229,validation
3229,3230,train
3230,3231,train
3231,3232,train
3232,3233,train
3233,3234,train
3234,3235,train
3235,3236,train
3236,3237,train
3237,3238,validation
3238,3239,train
3239,3240,test
3240,3241,train
3241,3242,train
3242,3243,validation
3243,3244,train
3244,3245,train
3245,3246,test
3246,3247,validation
3247,3248,train
3248,3249,train
3249,3250,train
3250,3251,train
3251,3252,train
3252,3253,train
3253,3254,train
3254,3255,train
3255,3256,train
3256,3257,train
3257,3258,train
3258,3259,test
3259,3260,test
3260,3261,train
3261,3262,train
3262,3263,validation
3263,3264,train
3264,3265,train
3265,3266,train
3266,3267,train
3267,3268,train
3268,3269,train
3269,3270,train
3270,3271,train
3271,3272,train
3272,3273,train
3273,3274,validation
3274,3275,validation
3275,3276,validation
3276,3277,validation
3277,3278,validation
3278,3279,train
3279,3280,train
3280,3281,train
3281,3282,train
3282,3283,test
3283,3284,validation
3284,3285,train
3285,3286,train
3286,3287,train
3287,3288,train
3288,3289,train
3289,3290,train
3290,3291,validation
3291,3292,validation
3292,3293,test
3293,3294,train
3294,3295,train
3295,3296,test
3296,3297,train
3297,3298,test
3298,3299,test
3299,3300,train
3300,3301,train
3301,3302,train
3302,3303,test
3303,3304,train
3304,3305,train
3305,3306,test
3306,3307,train
3307,3308,validation
3308,3309,validation
3309,3310,train
3310,3311,train
3311,3312,train
3312,3313,train
3313,3314,train
3314,3315,test
3315,3316,train
3316,3317,train
3317,3318,test
3318,3319,validation
3319,3320,train
3320,3321,train
3321,3322,train
3322,3323,train
3323,3324,test
3324,3325,train
3325,3326,train
3326,3327,train
3327,3328,train
3328,3329,train
3329,3330,train
3330,3331,train
3331,3332,validation
3332,3333,train
3333,3334,train
3334,3335,validation
3335,3336,train
3336,3337,validation
3337,3338,train
3338,3339,validation
3339,3340,train
3340,3341,train
3341,3342,train
3342,3343,validation
3343,3344,validation
3344,3345,train
3345,3346,validation
3346,3347,train
3347,3348,train
3348,3349,train
3349,3350,train
3350,3351,validation
3351,3352,train
3352,3353,train
3353,3354,train
3354,3355,validation
3355,3356,validation
3356,3357,test
3357,3358,train
3358,3359,train
3359,3360,train
3360,3361,train
3361,3362,validation
3362,3363,validation
3363,3364,train
3364,3365,train
3365,3366,train
3366,3367,validation
3367,3368,train
3368,3369,train
3369,3370,train
3370,3371,test
3371,3372,train
3372,3373,test
3373,3374,validation
3374,3375,train
3375,3376,train
3376,3377,train
3377,3378,test
3378,3379,train
3379,3380,train
3380,3381,train
3381,3382,train
3382,3383,train
3383,3384,train
3384,3385,test
3385,3386,validation
3386,3387,train
3387,3388,train
3388,3389,train
3389,3390,train
3390,3391,train
3391,3392,train
3392,3393,test
3393,3394,test
3394,3395,train
3395,3396,train
3396,3397,validation
3397,3398,train
3398,3399,train
3399,3400,train
3400,3401,train
3401,3402,train
3402,3403,train
3403,3404,train
3404,3405,train
3405,3406,train
3406,3407,train
3407,3408,test
3408,3409,train
3409,3410,train
3410,3411,train
3411,3412,train
3412,3413,test
3413,3414,train
3414,3415,validation
3415,3416,train
3416,3417,train
3417,3418,train
3418,3419,train
3419,3420,train
3420,3421,train
3421,3422,train
3422,3423,train
3423,3424,validation
3424,3425,train
3425,3426,validation
3426,3427,test
3427,3428,train
3428,3429,validation
3429,3430,train
3430,3431,train
3431,3432,train
3432,3433,validation
3433,3434,train
3434,3435,test
3435,3436,validation
3436,3437,train
3437,3438,train
3438,3439,train
3439,3440,train
3440,3441,train
3441,3442,train
3442,3443,train
3443,3444,train
3444,3445,validation
3445,3446,train
3446,3447,train
3447,3448,train
3448,3449,train
3449,3450,test
3450,3451,train
3451,3452,train
3452,3453,train
3453,3454,validation
3454,3455,train
3455,3456,validation
3456,3457,train
3457,3458,train
3458,3459,validation
3459,3460,train
3460,3461,test
3461,3462,train
3462,3463,train
3463,3464,train
3464,3465,train
3465,3466,train
3466,3467,train
3467,3468,validation
3468,3469,train
3469,3470,train
3470,3471,train
3471,3472,train
3472,3473,train
3473,3474,train
3474,3475,validation
3475,3476,validation
3476,3477,validation
3477,3478,train
3478,3479,test
3479,3480,train
3480,3481,train
3481,3482,train
3482,3483,train
3483,3484,train
3484,3485,train
3485,3486,train
3486,3487,train
3487,3488,validation
3488,3489,validation
3489,3490,test
3490,3491,train
3491,3492,train
3492,3493,train
3493,3494,train
3494,3495,train
3495,3496,train
3496,3497,train
3497,3498,train
3498,3499,test
3499,3500,test
3500,3501,train
3501,3502,train
3502,3503,train
3503,3504,validation
3504,3505,train
3505,3506,validation
3506,3507,train
3507,3508,train
3508,3509,test
3509,3510,train
3510,3511,train
3511,3512,train
3512,3513,train
3513,3514,train
3514,3515,train
3515,3516,train
3516,3517,train
3517,3518,train
3518,3519,train
3519,3520,train
3520,3521,train
3521,3522,train
3522,3523,train
3523,3524,train
3524,3525,train
3525,3526,train
3526,3527,train
3527,3528,train
3528,3529,test
3529,3530,train
3530,3531,train
3531,3532,validation
3532,3533,train
3533,3534,test
3534,3535,train
3535,3536,train
3536,3537,train
3537,3538,train
3538,3539,train
3539,3540,test
3540,3541,train
3541,3542,train
3542,3543,train
3543,3544,train
3544,3545,validation
3545,3546,train
3546,3547,test
3547,3548,test
3548,3549,train
3549,3550,train
3550,3551,train
3551,3552,train
3552,3553,train
3553,3554,validation
3554,3555,train
3555,3556,train
3556,3557,train
3557,3558,validation
3558,3559,train
3559,3560,train
3560,3561,train
3561,3562,train
3562,3563,train
3563,3564,train
3564,3565,train
3565,3566,train
3566,3567,train
3567,3568,train
3568,3569,train
3569,3570,train
3570,3571,train
3571,3572,test
3572,3573,train
3573,3574,train
3574,3575,validation
3575,3576,train
3576,3577,train
3577,3578,test
3578,3579,test
3579,3580,train
3580,3581,train
3581,3582,train
3582,3583,test
3583,3584,train
3584,3585,train
3585,3586,train
3586,3587,validation
3587,3588,validation
3588,3589,validation
3589,3590,train
3590,3591,test
3591,3592,validation
3592,3593,train
3593,3594,test
3594,3595,train
3595,3596,train
3596,3597,train
3597,3598,train
3598,3599,train
3599,3600,train
3600,3601,train
3601,3602,train
3602,3603,train
3603,3604,train
3604,3605,train
3605,3606,train
3606,3607,validation
3607,3608,train
3608,3609,validation
3609,3610,train
3610,3611,train
3611,3612,train
3612,3613,train
3613,3614,test
3614,3615,train
3615,3616,train
3616,3617,train
3617,3618,train
3618,3619,test
3619,3620,train
3620,3621,train
3621,3622,train
3622,3623,train
3623,3624,validation
3624,3625,validation
3625,3626,train
3626,3627,train
3627,3628,train
3628,3629,train
3629,3630,validation
3630,3631,train
3631,3632,train
3632,3633,train
3633,3634,train
3634,3635,validation
3635,3636,validation
3636,3637,train
3637,3638,train
3638,3639,train
3639,3640,train
3640,3641,test
3641,3642,train
3642,3643,train
3643,3644,train
3644,3645,train
3645,3646,test
3646,3647,train
3647,3648,validation
3648,3649,train
3649,3650,test
3650,3651,train
3651,3652,train
3652,3653,validation
3653,3654,train
3654,3655,train
3655,3656,validation
3656,3657,train
3657,3658,train
3658,3659,train
3659,3660,train
3660,3661,train
3661,3662,train
3662,3663,train
3663,3664,train
3664,3665,validation
3665,3666,validation
3666,3667,train
3667,3668,train
3668,3669,validation
3669,3670,train
3670,3671,test
3671,3672,train
3672,3673,train
3673,3674,train
3674,3675,train
3675,3676,train
3676,3677,train
3677,3678,train
3678,3679,train
3679,3680,train
3680,3681,train
3681,3682,train
3682,3683,validation
3683,3684,test
3684,3685,train
3685,3686,test
3686,3687,test
3687,3688,train
3688,3689,train
3689,3690,train
3690,3691,train
3691,3692,validation
3692,3693,train
3693,3694,train
3694,3695,test
3695,3696,train
3696,3697,train
3697,3698,validation
3698,3699,test
3699,3700,train
3700,3701,train
3701,3702,test
3702,3703,test
3703,3704,train
3704,3705,train
3705,3706,train
3706,3707,train
3707,3708,train
3708,3709,train
3709,3710,train
3710,3711,train
3711,3712,train
3712,3713,train
3713,3714,train
3714,3715,validation
3715,3716,train
3716,3717,train
3717,3718,train
3718,3719,train
3719,3720,test
3720,3721,train
3721,3722,test
3722,3723,train
3723,3724,train
3724,3725,train
3725,3726,validation
3726,3727,train
3727,3728,test
3728,3729,train
3729,3730,train
3730,3731,train
3731,3732,train
3732,3733,train
3733,3734,train
3734,3735,train
3735,3736,validation
3736,3737,train
3737,3738,train
3738,3739,train
3739,3740,train
3740,3741,train
3741,3742,train
3742,3743,train
3743,3744,validation
3744,3745,train
3745,3746,train
3746,3747,validation
3747,3748,test
3748,3749,train
3749,3750,test
3750,3751,train
3751,3752,train
3752,3753,test
3753,3754,train
3754,3755,test
3755,3756,test
3756,3757,train
3757,3758,train
3758,3759,train
3759,3760,train
3760,3761,train
3761,3762,train
3762,3763,validation
3763,3764,train
3764,3765,train
3765,3766,train
3766,3767,train
3767,3768,validation
3768,3769,test
3769,3770,train
3770,3771,train
3771,3772,train
3772,3773,train
3773,3774,train
3774,3775,test
3775,3776,train
3776,3777,train
3777,3778,train
3778,3779,train
3779,3780,train
3780,3781,validation
3781,3782,train
3782,3783,train
3783,3784,train
3784,3785,validation
3785,3786,train
3786,3787,train
3787,3788,train
3788,3789,test
3789,3790,train
3790,3791,validation
3791,3792,train
3792,3793,validation
3793,3794,validation
3794,3795,train
3795,3796,validation
3796,3797,test
3797,3798,train
3798,3799,train
3799,3800,train
3800,3801,train
3801,3802,train
3802,3803,test
3803,3804,train
3804,3805,train
3805,3806,test
3806,3807,train
3807,3808,train
3808,3809,validation
3809,3810,train
3810,3811,validation
3811,3812,test
3812,3813,train
3813,3814,test
3814,3815,train
3815,3816,train
3816,3817,validation
3817,3818,test
3818,3819,validation
3819,3820,validation
3820,3821,train
3821,3822,validation
3822,3823,train
3823,3824,validation
3824,3825,train
3825,3826,train
3826,3827,train
3827,3828,validation
3828,3829,train
3829,3830,train
3830,3831,train
3831,3832,train
3832,3833,train
3833,3834,train
3834,3835,validation
3835,3836,train
3836,3837,test
3837,3838,train
3838,3839,test
3839,3840,test
3840,3841,train
3841,3842,train
3842,3843,test
3843,3844,validation
3844,3845,test
3845,3846,train
3846,3847,train
3847,3848,test
3848,3849,test
3849,3850,train
3850,3851,train
3851,3852,train
3852,3853,test
3853,3854,train
3854,3855,train
3855,3856,validation
3856,3857,train
3857,3858,train
3858,3859,train
3859,3860,test
3860,3861,train
3861,3862,train
3862,3863,train
3863,3864,train
3864,3865,train
3865,3866,train
3866,3867,validation
3867,3868,validation
3868,3869,validation
3869,3870,test
3870,3871,train
3871,3872,train
3872,3873,train
3873,3874,train
3874,3875,test
3875,3876,test
3876,3877,train
3877,3878,train
3878,3879,train
3879,3880,train
3880,3881,train
3881,3882,train
3882,3883,train
3883,3884,validation
3884,3885,train
3885,3886,test
3886,3887,train
3887,3888,train
3888,3889,test
3889,3890,validation
3890,3891,train
3891,3892,test
3892,3893,validation
3893,3894,train
3894,3895,train
3895,3896,train
3896,3897,train
3897,3898,train
3898,3899,train
3899,3900,train
3900,3901,validation
3901,3902,train
3902,3903,train
3903,3904,validation
3904,3905,train
3905,3906,validation
3906,3907,train
3907,3908,test
3908,3909,train
3909,3910,train
3910,3911,train
3911,3912,train
3912,3913,validation
3913,3914,validation
3914,3915,train
3915,3916,train
3916,3917,train
3917,3918,train
3918,3919,train
3919,3920,train
3920,3921,train
3921,3922,test
3922,3923,validation
3923,3924,train
3924,3925,train
3925,3926,train
3926,3927,validation
3927,3928,train
3928,3929,train
3929,3930,train
3930,3931,train
3931,3932,train
3932,3933,test
3933,3934,validation
3934,3935,validation
3935,3936,train
3936,3937,train
3937,3938,validation
3938,3939,train
3939,3940,train
3940,3941,train
3941,3942,train
3942,3943,train
3943,3944,validation
3944,3945,train
3945,3946,validation
3946,3947,train
3947,3948,train
3948,3949,train
3949,3950,test
3950,3951,test
3951,3952,train
3952,3953,train
3953,3954,train
3954,3955,train
3955,3956,train
3956,3957,test
3957,3958,train
3958,3959,train
3959,3960,train
3960,3961,train
3961,3962,train
3962,3963,train
3963,3964,train
3964,3965,train
3965,3966,train
3966,3967,test
3967,3968,test
3968,3969,train
3969,3970,train
3970,3971,train
3971,3972,train
3972,3973,test
3973,3974,train
3974,3975,train
3975,3976,train
3976,3977,validation
3977,3978,train
3978,3979,train
3979,3980,train
3980,3981,test
3981,3982,train
3982,3983,test
3983,3984,test
3984,3985,validation
3985,3986,train
3986,3987,train
3987,3988,train
3988,3989,test
3989,3990,train
3990,3991,train
3991,3992,train
3992,3993,train
3993,3994,train
3994,3995,train
3995,3996,train
3996,3997,validation
3997,3998,train
3998,3999,train
3999,4000,train
4000,4001,validation
4001,4002,train
4002,4003,test
4003,4004,train
4004,4005,train
4005,4006,train
4006,4007,train
4007,4008,train
4008,4009,train
4009,4010,train
4010,4011,test
4011,4012,train
4012,4013,test
4013,4014,train
4014,4015,train
4015,4016,test
4016,4017,test
4017,4018,train
4018,4019,test
4019,4020,validation
4020,4021,test
4021,4022,train
4022,4023,train
4023,4024,train
4024,4025,train
4025,4026,train
4026,4027,test
4027,4028,train
4028,4029,train
4029,4030,train
4030,4031,train
4031,4032,train
4032,4033,test
4033,4034,train
4034,4035,train
4035,4036,train
4036,4037,test
4037,4038,train
4038,4039,train
4039,4040,train
4040,4041,train
4041,4042,train
4042,4043,train
4043,4044,train
4044,4045,train
4045,4046,train
4046,4047,train
4047,4048,train
4048,4049,train
4049,4050,test
4050,4051,train
4051,4052,train
4052,4053,train
4053,4054,train
4054,4055,train
4055,4056,train
4056,4057,train
4057,4058,train
4058,4059,validation
4059,4060,train
4060,4061,train
4061,4062,train
4062,4063,validation
4063,4064,train
4064,4065,train
4065,4066,train
4066,4067,train
4067,4068,train
4068,4069,train
4069,4070,validation
4070,4071,train
4071,4072,train
4072,4073,train
4073,4074,test
4074,4075,test
4075,4076,train
4076,4077,test
4077,4078,validation
4078,4079,validation
4079,4080,train
4080,4081,train
4081,4082,test
4082,4083,validation
4083,4084,train
4084,4085,test
4085,4086,train
4086,4087,train
4087,4088,train
4088,4089,train
4089,4090,train
4090,4091,test
4091,4092,train
4092,4093,train
4093,4094,train
4094,4095,train
4095,4096,train
4096,4097,validation
4097,4098,train
4098,4099,train
4099,4100,test
4100,4101,test
4101,4102,test
4102,4103,train
4103,4104,test
4104,4105,train
4105,4106,test
4106,4107,train
4107,4108,test
4108,4109,train
4109,4110,train
4110,4111,train
4111,4112,train
4112,4113,train
4113,4114,train
4114,4115,train
4115,4116,train
4116,4117,train
4117,4118,test
4118,4119,train
4119,4120,train
4120,4121,train
4121,4122,train
4122,4123,train
4123,4124,train
4124,4125,train
4125,4126,validation
4126,4127,train
4127,4128,train
4128,4129,validation
4129,4130,train
4130,4131,validation
4131,4132,train
4132,4133,validation
4133,4134,train
4134,4135,train
4135,4136,test
4136,4137,validation
4137,4138,test
4138,4139,train
4139,4140,train
4140,4141,validation
4141,4142,train
4142,4143,train
4143,4144,validation
4144,4145,train
4145,4146,validation
4146,4147,train
4147,4148,train
4148,4149,test
4149,4150,test
4150,4151,train
4151,4152,train
4152,4153,test
4153,4154,validation
4154,4155,test
4155,4156,test
4156,4157,test
4157,4158,train
4158,4159,train
4159,4160,test
4160,4161,train
4161,4162,train
4162,4163,train
4163,4164,train
4164,4165,validation
4165,4166,train
4166,4167,train
4167,4168,test
4168,4169,train
4169,4170,train
4170,4171,validation
4171,4172,train
4172,4173,train
4173,4174,train
4174,4175,validation
4175,4176,train
4176,4177,test
4177,4178,train
4178,4179,validation
4179,4180,train
4180,4181,test
4181,4182,train
4182,4183,validation
4183,4184,train
4184,4185,train
4185,4186,validation
4186,4187,train
4187,4188,train
4188,4189,test
4189,4190,train
4190,4191,train
4191,4192,train
4192,4193,train
4193,4194,train
4194,4195,test
4195,4196,validation
4196,4197,train
4197,4198,validation
4198,4199,train
4199,4200,train
4200,4201,test
4201,4202,test
4202,4203,train
4203,4204,train
4204,4205,test
4205,4206,train
4206,4207,train
4207,4208,train
4208,4209,train
4209,4210,train
4210,4211,validation
4211,4212,validation
4212,4213,train
4213,4214,train
4214,4215,train
4215,4216,validation
4216,4217,validation
4217,4218,train
4218,4219,test
4219,4220,test
4220,4221,test
4221,4222,train
4222,4223,train
4223,4224,train
4224,4225,train
4225,4226,train
4226,4227,test
4227,4228,validation
4228,4229,train
4229,4230,validation
4230,4231,test
4231,4232,validation
4232,4233,test
4233,4234,validation
4234,4235,train
4235,4236,train
4236,4237,train
4237,4238,train
4238,4239,validation
4239,4240,train
4240,4241,test
4241,4242,train
4242,4243,validation
4243,4244,train
4244,4245,train
4245,4246,train
4246,4247,train
4247,4248,train
4248,4249,test
4249,4250,validation
4250,4251,test
4251,4252,validation
4252,4253,train
4253,4254,validation
4254,4255,validation
4255,4256,train
4256,4257,train
4257,4258,validation
4258,4259,train
4259,4260,train
4260,4261,train
4261,4262,train
4262,4263,train
4263,4264,train
4264,4265,train
4265,4266,train
4266,4267,test
4267,4268,train
4268,4269,train
4269,4270,train
4270,4271,train
4271,4272,train
4272,4273,test
4273,4274,test
4274,4275,train
4275,4276,train
4276,4277,train
4277,4278,validation
4278,4279,train
4279,4280,train
4280,4281,test
4281,4282,train
4282,4283,train
4283,4284,train
4284,4285,train
4285,4286,train
4286,4287,train
4287,4288,train
4288,4289,test
4289,4290,train
4290,4291,train
4291,4292,test
4292,4293,train
4293,4294,train
4294,4295,train
4295,4296,train
4296,4297,validation
4297,4298,train
4298,4299,train
4299,4300,train
4300,4301,train
4301,4302,train
4302,4303,train
4303,4304,train
4304,4305,train
4305,4306,train
4306,4307,test
4307,4308,train
4308,4309,train
4309,4310,train
4310,4311,train
4311,4312,validation
4312,4313,train
4313,4314,train
4314,4315,train
4315,4316,validation
4316,4317,train
4317,4318,train
4318,4319,train
4319,4320,train
4320,4321,train
4321,4322,train
4322,4323,train
4323,4324,train
4324,4325,train
4325,4326,train
4326,4327,train
4327,4328,train
4328,4329,train
4329,4330,train
4330,4331,train
4331,4332,train
4332,4333,validation
4333,4334,train
4334,4335,validation
4335,4336,test
4336,4337,validation
4337,4338,test
4338,4339,train
4339,4340,train
4340,4341,train
4341,4342,train
4342,4343,train
4343,4344,test
4344,4345,train
4345,4346,train
4346,4347,train
4347,4348,train
4348,4349,validation
4349,4350,train
4350,4351,validation
4351,4352,train
4352,4353,train
4353,4354,test
4354,4355,train
4355,4356,train
4356,4357,train
4357,4358,validation
4358,4359,train
4359,4360,train
4360,4361,train
4361,4362,train
4362,4363,train
4363,4364,train
4364,4365,train
4365,4366,train
4366,4367,train
4367,4368,validation
4368,4369,train
4369,4370,validation
4370,4371,train
4371,4372,train
4372,4373,train
4373,4374,validation
4374,4375,train
4375,4376,train
4376,4377,train
4377,4378,train
4378,4379,train
4379,4380,test
4380,4381,test
4381,4382,train
4382,4383,train
4383,4384,train
4384,4385,train
4385,4386,train
4386,4387,test
4387,4388,train
4388,4389,train
4389,4390,train
4390,4391,train
4391,4392,train
4392,4393,train
4393,4394,test
4394,4395,validation
4395,4396,train
4396,4397,train
4397,4398,train
4398,4399,train
4399,4400,train
4400,4401,train
4401,4402,test
4402,4403,test
4403,4404,validation
4404,4405,validation
4405,4406,train
4406,4407,train
4407,4408,test
4408,4409,train
4409,4410,test
4410,4411,validation
4411,4412,train
4412,4413,train
4413,4414,validation
4414,4415,train
4415,4416,validation
4416,4417,validation
4417,4418,train
4418,4419,train
4419,4420,test
4420,4421,train
4421,4422,train
4422,4423,train
4423,4424,train
4424,4425,test
4425,4426,validation
4426,4427,train
4427,4428,test
4428,4429,train
4429,4430,train
4430,4431,train
4431,4432,validation
4432,4433,train
4433,4434,test
4434,4435,test
4435,4436,train
4436,4437,train
4437,4438,train
4438,4439,train
4439,4440,train
4440,4441,train
4441,4442,train
4442,4443,train
4443,4444,train
4444,4445,train
4445,4446,train
4446,4447,train
4447,4448,train
4448,4449,train
4449,4450,validation
4450,4451,train
4451,4452,train
4452,4453,train
4453,4454,train
4454,4455,train
4455,4456,train
4456,4457,test
4457,4458,train
4458,4459,test
4459,4460,test
4460,4461,train
4461,4462,train
4462,4463,validation
4463,4464,test
4464,4465,train
4465,4466,train
4466,4467,train
4467,4468,test
4468,4469,test
4469,4470,test
4470,4471,validation
4471,4472,train
4472,4473,validation
4473,4474,test
4474,4475,train
4475,4476,train
4476,4477,train
4477,4478,train
4478,4479,test
4479,4480,validation
4480,4481,validation
4481,4482,train
4482,4483,train
4483,4484,train
4484,4485,train
4485,4486,validation
4486,4487,train
4487,4488,test
4488,4489,train
4489,4490,train
4490,4491,train
4491,4492,train
4492,4493,test
4493,4494,train
4494,4495,train
4495,4496,test
4496,4497,train
4497,4498,train
4498,4499,train
4499,4500,train
4500,4501,validation
4501,4502,train
4502,4503,train
4503,4504,train
4504,4505,test
4505,4506,validation
4506,4507,train
4507,4508,train
4508,4509,validation
4509,4510,test
4510,4511,train
4511,4512,train
4512,4513,test
4513,4514,train
4514,4515,train
4515,4516,train
4516,4517,train
4517,4518,train
4518,4519,train
4519,4520,train
4520,4521,validation
4521,4522,validation
4522,4523,train
4523,4524,test
4524,4525,train
4525,4526,train
4526,4527,train
4527,4528,test
4528,4529,train
4529,4530,train
4530,4531,validation
4531,4532,train
4532,4533,train
4533,4534,train
4534,4535,train
4535,4536,train
4536,4537,train
4537,4538,train
4538,4539,train
4539,4540,test
4540,4541,train
4541,4542,train
4542,4543,train
4543,4544,train
4544,4545,train
4545,4546,validation
4546,4547,train
4547,4548,train
4548,4549,validation
4549,4550,test
4550,4551,train
4551,4552,test
4552,4553,train
4553,4554,validation
4554,4555,train
4555,4556,validation
4556,4557,train
4557,4558,validation
4558,4559,train
4559,4560,train
4560,4561,train
4561,4562,train
4562,4563,train
4563,4564,train
4564,4565,test
4565,4566,train
4566,4567,train
4567,4568,train
4568,4569,train
4569,4570,train
4570,4571,train
4571,4572,train
4572,4573,train
4573,4574,train
4574,4575,train
4575,4576,train
4576,4577,train
4577,4578,validation
4578,4579,train
4579,4580,train
4580,4581,train
4581,4582,train
4582,4583,train
4583,4584,train
4584,4585,validation
4585,4586,train
4586,4587,test
4587,4588,train
4588,4589,train
4589,4590,test
4590,4591,train
4591,4592,train
4592,4593,test
4593,4594,train
4594,4595,train
4595,4596,train
4596,4597,validation
4597,4598,train
4598,4599,train
4599,4600,train
4600,4601,train
4601,4602,test
4602,4603,train
4603,4604,test
4604,4605,train
4605,4606,test
4606,4607,train
4607,4608,validation
4608,4609,train
4609,4610,train
4610,4611,validation
4611,4612,train
4612,4613,train
4613,4614,train
4614,4615,train
4615,4616,test
4616,4617,test
4617,4618,validation
4618,4619,train
4619,4620,train
4620,4621,train
4621,4622,train
4622,4623,train
4623,4624,train
4624,4625,train
4625,4626,train
4626,4627,train
4627,4628,train
4628,4629,train
4629,4630,train
4630,4631,train
4631,4632,train
4632,4633,train
4633,4634,validation
4634,4635,train
4635,4636,train
4636,4637,test
4637,4638,train
4638,4639,train
4639,4640,train
4640,4641,train
4641,4642,test
4642,4643,train
4643,4644,train
4644,4645,train
4645,4646,train
4646,4647,train
4647,4648,train
4648,4649,test
4649,4650,train
4650,4651,train
4651,4652,test
4652,4653,train
4653,4654,train
4654,4655,validation
4655,4656,train
4656,4657,train
4657,4658,test
4658,4659,train
4659,4660,validation
4660,4661,train
4661,4662,train
4662,4663,validation
4663,4664,train
4664,4665,train
4665,4666,train
4666,4667,train
4667,4668,train
4668,4669,train
4669,4670,test
4670,4671,train
4671,4672,train
4672,4673,train
4673,4674,test
4674,4675,validation
4675,4676,train
4676,4677,train
4677,4678,test
4678,4679,train
4679,4680,train
4680,4681,train
4681,4682,test
4682,4683,train
4683,4684,test
4684,4685,train
4685,4686,train
4686,4687,test
4687,4688,test
4688,4689,test
4689,4690,train
4690,4691,train
4691,4692,validation
4692,4693,train
4693,4694,train
4694,4695,train
4695,4696,train
4696,4697,train
4697,4698,test
4698,4699,train
4699,4700,test
4700,4701,train
4701,4702,train
4702,4703,train
4703,4704,train
4704,4705,train
4705,4706,train
4706,4707,train
4707,4708,test
4708,4709,validation
4709,4710,train
4710,4711,validation
4711,4712,test
4712,4713,train
4713,4714,train
4714,4715,validation
4715,4716,train
4716,4717,test
4717,4718,train
4718,4719,test
4719,4720,train
4720,4721,train
4721,4722,test
4722,4723,train
4723,4724,test
4724,4725,train
4725,4726,test
4726,4727,train
4727,4728,train
4728,4729,train
4729,4730,train
4730,4731,train
4731,4732,train
4732,4733,train
4733,4734,test
4734,4735,train
4735,4736,validation
4736,4737,validation
4737,4738,validation
4738,4739,train
4739,4740,train
4740,4741,validation
4741,4742,train
4742,4743,train
4743,4744,train
4744,4745,train
4745,4746,train
4746,4747,test
4747,4748,test
4748,4749,test
4749,4750,train
4750,4751,test
4751,4752,train
4752,4753,train
4753,4754,validation
4754,4755,train
4755,4756,train
4756,4757,train
4757,4758,validation
4758,4759,validation
4759,4760,train
4760,4761,train
4761,4762,train
4762,4763,train
4763,4764,train
4764,4765,train
4765,4766,train
4766,4767,train
4767,4768,test
4768,4769,train
4769,4770,test
4770,4771,train
4771,4772,train
4772,4773,train
4773,4774,train
4774,4775,train
4775,4776,test
4776,4777,train
4777,4778,test
4778,4779,validation
4779,4780,validation
4780,4781,train
4781,4782,train
4782,4783,train
4783,4784,train
4784,4785,train
4785,4786,train
4786,4787,train
4787,4788,train
4788,4789,train
4789,4790,train
4790,4791,train
4791,4792,test
4792,4793,train
4793,4794,validation
4794,4795,train
4795,4796,train
4796,4797,train
4797,4798,train
4798,4799,train
4799,4800,validation
4800,4801,test
4801,4802,train
4802,4803,test
4803,4804,train
4804,4805,train
4805,4806,train
4806,4807,train
4807,4808,train
4808,4809,train
4809,4810,train
4810,4811,train
4811,4812,train
4812,4813,train
4813,4814,test
4814,4815,train
4815,4816,train
4816,4817,train
4817,4818,train
4818,4819,train
4819,4820,train
4820,4821,test
4821,4822,train
4822,4823,train
4823,4824,train
4824,4825,validation
4825,4826,train
4826,4827,train
4827,4828,train
4828,4829,train
4829,4830,test
4830,4831,train
4831,4832,train
4832,4833,train
4833,4834,train
4834,4835,train
4835,4836,test
4836,4837,validation
4837,4838,train
4838,4839,validation
4839,4840,train
4840,4841,train
4841,4842,train
4842,4843,train
4843,4844,validation
4844,4845,train
4845,4846,test
4846,4847,train
4847,4848,train
4848,4849,train
4849,4850,test
4850,4851,train
4851,4852,train
4852,4853,train
4853,4854,train
4854,4855,train
4855,4856,train
4856,4857,train
4857,4858,validation
4858,4859,validation
4859,4860,test
4860,4861,validation
4861,4862,train
4862,4863,validation
4863,4864,train
4864,4865,validation
4865,4866,train
4866,4867,train
4867,4868,validation
4868,4869,train
4869,4870,train
4870,4871,train
4871,4872,train
4872,4873,validation
4873,4874,train
4874,4875,test
4875,4876,validation
4876,4877,train
4877,4878,train
4878,4879,train
4879,4880,test
4880,4881,train
4881,4882,validation
4882,4883,train
4883,4884,test
4884,4885,train
4885,4886,validation
4886,4887,train
4887,4888,validation
4888,4889,test
4889,4890,train
4890,4891,train
4891,4892,train
4892,4893,train
4893,4894,validation
4894,4895,validation
4895,4896,train
4896,4897,train
4897,4898,train
4898,4899,train
4899,4900,train
4900,4901,train
4901,4902,test
4902,4903,test
4903,4904,train
4904,4905,test
4905,4906,validation
4906,4907,train
4907,4908,train
4908,4909,train
4909,4910,train
4910,4911,test
4911,4912,train
4912,4913,train
4913,4914,train
4914,4915,test
4915,4916,train
4916,4917,train
4917,4918,test
4918,4919,train
4919,4920,validation
4920,4921,train
4921,4922,train
4922,4923,train
4923,4924,validation
4924,4925,test
4925,4926,train
4926,4927,train
4927,4928,train
4928,4929,train
4929,4930,validation
4930,4931,train
4931,4932,train
4932,4933,train
4933,4934,train
4934,4935,validation
4935,4936,validation
4936,4937,train
4937,4938,train
4938,4939,validation
4939,4940,train
4940,4941,train
4941,4942,test
4942,4943,train
4943,4944,train
4944,4945,train
4945,4946,test
4946,4947,validation
4947,4948,test
4948,4949,validation
4949,4950,train
4950,4951,train
4951,4952,train
4952,4953,test
4953,4954,validation
4954,4955,train
4955,4956,train
4956,4957,train
4957,4958,train
4958,4959,train
4959,4960,train
4960,4961,train
4961,4962,test
4962,4963,test
4963,4964,train
4964,4965,train
4965,4966,validation
4966,4967,validation
4967,4968,validation
4968,4969,test
4969,4970,train
4970,4971,train
4971,4972,train
4972,4973,test
4973,4974,train
4974,4975,train
4975,4976,validation
4976,4977,train
4977,4978,train
4978,4979,train
4979,4980,train
4980,4981,validation
4981,4982,test
4982,4983,train
4983,4984,validation
4984,4985,validation
4985,4986,test
4986,4987,train
4987,4988,train
4988,4989,train
4989,4990,validation
4990,4991,train
4991,4992,train
4992,4993,validation
4993,4994,train
4994,4995,validation
4995,4996,test
4996,4997,validation
4997,4998,train
4998,4999,train
4999,5000,validation
5000,5001,test
5001,5002,train
5002,5003,train
5003,5004,train
5004,5005,train
5005,5006,train
5006,5007,train
5007,5008,test
5008,5009,train
5009,5010,train
5010,5011,train
5011,5012,validation
5012,5013,validation
5013,5014,validation
5014,5015,train
5015,5016,train
5016,5017,test
5017,5018,test
5018,5019,validation
5019,5020,train
5020,5021,train
5021,5022,validation
5022,5023,train
5023,5024,train
5024,5025,train
5025,5026,train
5026,5027,train
5027,5028,train
5028,5029,train
5029,5030,test
5030,5031,train
5031,5032,validation
5032,5033,validation
5033,5034,train
5034,5035,train
5035,5036,train
5036,5037,train
5037,5038,train
5038,5039,test
5039,5040,train
5040,5041,train
5041,5042,train
5042,5043,train
5043,5044,train
5044,5045,train
5045,5046,test
5046,5047,test
5047,5048,train
5048,5049,train
5049,5050,train
5050,5051,train
5051,5052,train
5052,5053,test
5053,5054,test
5054,5055,train
5055,5056,train
5056,5057,train
5057,5058,train
5058,5059,test
5059,5060,train
5060,5061,train
5061,5062,validation
5062,5063,train
5063,5064,test
5064,5065,train
5065,5066,test
5066,5067,validation
5067,5068,test
5068,5069,validation
5069,5070,train
5070,5071,test
5071,5072,train
5072,5073,validation
5073,5074,train
5074,5075,train
5075,5076,train
5076,5077,train
5077,5078,train
5078,5079,validation
5079,5080,test
5080,5081,test
5081,5082,train
5082,5083,train
5083,5084,test
5084,5085,train
5085,5086,validation
5086,5087,train
5087,5088,validation
5088,5089,train
5089,5090,train
5090,5091,validation
5091,5092,train
5092,5093,train
5093,5094,test
5094,5095,train
5095,5096,validation
5096,5097,train
5097,5098,train
5098,5099,train
5099,5100,train
5100,5101,train
5101,5102,train
5102,5103,train
5103,5104,test
5104,5105,train
5105,5106,validation
5106,5107,train
5107,5108,train
5108,5109,validation
5109,5110,train
5110,5111,train
5111,5112,train
5112,5113,validation
5113,5114,train
5114,5115,train
5115,5116,validation
5116,5117,train
5117,5118,train
5118,5119,train
5119,5120,test
5120,5121,test
5121,5122,train
5122,5123,train
5123,5124,train
5124,5125,train
5125,5126,train
5126,5127,train
5127,5128,train
5128,5129,train
5129,5130,train
5130,5131,train
5131,5132,validation
5132,5133,train
5133,5134,train
5134,5135,train
5135,5136,train
5136,5137,train
5137,5138,train
5138,5139,test
5139,5140,train
5140,5141,train
5141,5142,train
5142,5143,train
5143,5144,validation
5144,5145,validation
5145,5146,train
5146,5147,validation
5147,5148,validation
5148,5149,train
5149,5150,train
5150,5151,test
5151,5152,validation
5152,5153,validation
5153,5154,train
5154,5155,train
5155,5156,train
5156,5157,test
5157,5158,train
5158,5159,test
5159,5160,train
5160,5161,train
5161,5162,train
5162,5163,train
5163,5164,train
5164,5165,test
5165,5166,test
5166,5167,train
5167,5168,validation
5168,5169,train
5169,5170,test
5170,5171,test
5171,5172,train
5172,5173,train
5173,5174,test
5174,5175,train
5175,5176,train
5176,5177,train
5177,5178,train
5178,5179,train
5179,5180,train
5180,5181,train
5181,5182,train
5182,5183,train
5183,5184,train
5184,5185,validation
5185,5186,test
5186,5187,train
5187,5188,train
5188,5189,train
5189,5190,train
5190,5191,test
5191,5192,train
5192,5193,validation
5193,5194,test
5194,5195,train
5195,5196,test
5196,5197,train
5197,5198,train
5198,5199,test
5199,5200,train
5200,5201,train
5201,5202,train
5202,5203,train
5203,5204,train
5204,5205,train
5205,5206,train
5206,5207,test
5207,5208,test
5208,5209,validation
5209,5210,validation
5210,5211,validation
5211,5212,train
5212,5213,train
5213,5214,test
5214,5215,validation
5215,5216,validation
5216,5217,train
5217,5218,train
5218,5219,train
5219,5220,train
5220,5221,train
5221,5222,train
5222,5223,train
5223,5224,train
5224,5225,train
5225,5226,validation
5226,5227,train
5227,5228,validation
5228,5229,train
5229,5230,train
5230,5231,train
5231,5232,train
5232,5233,train
5233,5234,train
5234,5235,train
5235,5236,train
5236,5237,train
5237,5238,test
5238,5239,train
5239,5240,train
5240,5241,train
5241,5242,train
5242,5243,train
5243,5244,test
5244,5245,train
5245,5246,train
5246,5247,train
5247,5248,train
5248,5249,train
5249,5250,train
5250,5251,train
5251,5252,train
5252,5253,train
5253,5254,train
5254,5255,train
5255,5256,train
5256,5257,train
5257,5258,validation
5258,5259,train
5259,5260,train
5260,5261,train
5261,5262,train
5262,5263,validation
5263,5264,train
5264,5265,test
5265,5266,train
5266,5267,test
5267,5268,train
5268,5269,test
5269,5270,train
5270,5271,train
5271,5272,train
5272,5273,train
5273,5274,test
5274,5275,validation
5275,5276,train
5276,5277,validation
5277,5278,validation
5278,5279,train
5279,5280,validation
5280,5281,train
5281,5282,train
5282,5283,train
5283,5284,train
5284,5285,train
5285,5286,train
5286,5287,test
5287,5288,train
5288,5289,validation
5289,5290,train
5290,5291,train
5291,5292,train
5292,5293,train
5293,5294,train
5294,5295,validation
5295,5296,validation
5296,5297,train
5297,5298,train
5298,5299,train
5299,5300,train
5300,5301,train
5301,5302,train
5302,5303,validation
5303,5304,validation
5304,5305,train
5305,5306,test
5306,5307,validation
5307,5308,train
5308,5309,train
5309,5310,train
5310,5311,test
5311,5312,validation
5312,5313,train
5313,5314,train
5314,5315,test
5315,5316,train
5316,5317,validation
5317,5318,validation
5318,5319,train
5319,5320,test
5320,5321,train
5321,5322,train
5322,5323,validation
5323,5324,train
5324,5325,train
5325,5326,train
5326,5327,validation
5327,5328,validation
5328,5329,train
5329,5330,train
5330,5331,train
5331,5332,train
5332,5333,train
5333,5334,train
5334,5335,test
5335,5336,test
5336,5337,train
5337,5338,train
5338,5339,validation
5339,5340,train
5340,5341,train
5341,5342,train
5342,5343,train
5343,5344,test
5344,5345,train
5345,5346,train
5346,5347,test
5347,5348,train
5348,5349,train
5349,5350,train
5350,5351,train
5351,5352,train
5352,5353,train
5353,5354,test
5354,5355,validation
5355,5356,train
5356,5357,validation
5357,5358,train
5358,5359,train
5359,5360,train
5360,5361,train
5361,5362,train
5362,5363,train
5363,5364,train
5364,5365,train
5365,5366,test
5366,5367,train
5367,5368,train
5368,5369,train
5369,5370,test
5370,5371,train
5371,5372,train
5372,5373,train
5373,5374,train
5374,5375,train
5375,5376,train
5376,5377,train
5377,5378,train
5378,5379,train
5379,5380,train
5380,5381,train
5381,5382,train
5382,5383,test
5383,5384,train
5384,5385,train
5385,5386,validation
5386,5387,train
5387,5388,train
5388,5389,validation
5389,5390,train
5390,5391,test
5391,5392,train
5392,5393,train
5393,5394,train
5394,5395,train
5395,5396,train
5396,5397,train
5397,5398,train
5398,5399,train
5399,5400,train
5400,5401,train
5401,5402,validation
5402,5403,train
5403,5404,train
5404,5405,train
5405,5406,validation
5406,5407,validation
5407,5408,validation
5408,5409,train
5409,5410,train
5410,5411,train
5411,5412,test
5412,5413,train
5413,5414,train
5414,5415,test
5415,5416,train
5416,5417,test
5417,5418,train
5418,5419,train
5419,5420,train
5420,5421,test
5421,5422,test
5422,5423,train
5423,5424,train
5424,5425,test
5425,5426,test
5426,5427,validation
5427,5428,test
5428,5429,train
5429,5430,train
5430,5431,train
5431,5432,train
5432,5433,train
5433,5434,train
5434,5435,train
5435,5436,test
5436,5437,train
5437,5438,train
5438,5439,test
5439,5440,train
5440,5441,validation
5441,5442,train
5442,5443,train
5443,5444,test
5444,5445,train
5445,5446,train
5446,5447,train
5447,5448,train
5448,5449,train
5449,5450,train
5450,5451,train
5451,5452,train
5452,5453,train
5453,5454,test
5454,5455,train
5455,5456,train
5456,5457,train
5457,5458,validation
5458,5459,train
5459,5460,train
5460,5461,train
5461,5462,train
5462,5463,train
5463,5464,train
5464,5465,train
5465,5466,train
5466,5467,train
5467,5468,train
5468,5469,train
5469,5470,train
5470,5471,train
5471,5472,train
5472,5473,train
5473,5474,train
5474,5475,test
5475,5476,train
5476,5477,train
5477,5478,train
5478,5479,train
5479,5480,validation
5480,5481,train
5481,5482,train
5482,5483,test
5483,5484,train
5484,5485,train
5485,5486,train
5486,5487,train
5487,5488,train
5488,5489,train
5489,5490,train
5490,5491,train
5491,5492,train
5492,5493,train
5493,5494,train
5494,5495,train
5495,5496,test
5496,5497,train
5497,5498,train
5498,5499,train
5499,5500,train
5500,5501,train
5501,5502,train
5502,5503,validation
5503,5504,train
5504,5505,train
5505,5506,test
5506,5507,train
5507,5508,train
5508,5509,train
5509,5510,test
5510,5511,test
5511,5512,train
5512,5513,validation
5513,5514,train
5514,5515,train
5515,5516,train
5516,5517,test
5517,5518,train
5518,5519,test
5519,5520,train
5520,5521,test
5521,5522,train
5522,5523,train
5523,5524,test
5524,5525,train
5525,5526,validation
5526,5527,train
5527,5528,train
5528,5529,validation
5529,5530,train
5530,5531,train
5531,5532,train
5532,5533,validation
5533,5534,train
5534,5535,train
5535,5536,train
5536,5537,train
5537,5538,validation
5538,5539,test
5539,5540,test
5540,5541,train
5541,5542,train
5542,5543,train
5543,5544,test
5544,5545,train
5545,5546,train
5546,5547,train
5547,5548,train
5548,5549,train
5549,5550,validation
5550,5551,train
5551,5552,test
5552,5553,train
5553,5554,train
5554,5555,test
5555,5556,train
5556,5557,validation
5557,5558,train
5558,5559,train
5559,5560,train
5560,5561,train
5561,5562,train
5562,5563,train
5563,5564,train
5564,5565,train
5565,5566,train
5566,5567,test
5567,5568,test
5568,5569,train
5569,5570,train
5570,5571,train
5571,5572,train
5572,5573,validation
5573,5574,train
5574,5575,train
5575,5576,train
5576,5577,train
5577,5578,train
5578,5579,train
5579,5580,train
5580,5581,train
5581,5582,train
5582,5583,train
5583,5584,train
5584,5585,train
5585,5586,train
5586,5587,train
5587,5588,train
5588,5589,train
5589,5590,train
5590,5591,validation
5591,5592,train
5592,5593,train
5593,5594,validation
5594,5595,train
5595,5596,train
5596,5597,validation
5597,5598,train
5598,5599,train
5599,5600,train
5600,5601,train
5601,5602,test
5602,5603,validation
5603,5604,train
5604,5605,train
5605,5606,train
5606,5607,train
5607,5608,train
5608,5609,test
5609,5610,train
5610,5611,train
5611,5612,validation
5612,5613,validation
5613,5614,train
5614,5615,train
5615,5616,test
5616,5617,train
5617,5618,test
5618,5619,validation
5619,5620,validation
5620,5621,train
5621,5622,train
5622,5623,test
5623,5624,train
5624,5625,validation
5625,5626,train
5626,5627,train
5627,5628,validation
5628,5629,train
5629,5630,train
5630,5631,test
5631,5632,train
5632,5633,train
5633,5634,train
5634,5635,train
5635,5636,train
5636,5637,train
5637,5638,train
5638,5639,validation
5639,5640,train
5640,5641,train
5641,5642,train
5642,5643,train
5643,5644,train
5644,5645,validation
5645,5646,train
5646,5647,train
5647,5648,test
5648,5649,train
5649,5650,train
5650,5651,train
5651,5652,validation
5652,5653,train
5653,5654,train
5654,5655,train
5655,5656,test
5656,5657,test
5657,5658,train
5658,5659,train
5659,5660,train
5660,5661,train
5661,5662,train
5662,5663,train
5663,5664,train
5664,5665,train
5665,5666,train
5666,5667,train
5667,5668,train
5668,5669,train
5669,5670,train
5670,5671,train
5671,5672,train
5672,5673,validation
5673,5674,train
5674,5675,train
5675,5676,test
5676,5677,train
5677,5678,train
5678,5679,validation
5679,5680,train
5680,5681,test
5681,5682,train
5682,5683,train
5683,5684,test
5684,5685,train
5685,5686,train
5686,5687,train
5687,5688,train
5688,5689,test
5689,5690,train
5690,5691,train
5691,5692,train
5692,5693,validation
5693,5694,validation
5694,5695,validation
5695,5696,train
5696,5697,train
5697,5698,validation
5698,5699,test
5699,5700,train
5700,5701,test
5701,5702,test
5702,5703,train
5703,5704,validation
5704,5705,train
5705,5706,test
5706,5707,test
5707,5708,train
5708,5709,test
5709,5710,train
5710,5711,train
5711,5712,train
5712,5713,test
5713,5714,validation
5714,5715,train
5715,5716,validation
5716,5717,train
5717,5718,train
5718,5719,test
5719,5720,train
5720,5721,train
5721,5722,validation
5722,5723,test
5723,5724,test
5724,5725,train
5725,5726,train
5726,5727,train
5727,5728,train
5728,5729,train
5729,5730,train
5730,5731,test
5731,5732,train
5732,5733,validation
5733,5734,validation
5734,5735,train
5735,5736,train
5736,5737,train
5737,5738,validation
5738,5739,train
5739,5740,train
5740,5741,validation
5741,5742,validation
5742,5743,train
5743,5744,test
5744,5745,validation
5745,5746,train
5746,5747,test
5747,5748,train
5748,5749,train
5749,5750,test
5750,5751,train
5751,5752,test
5752,5753,test
5753,5754,train
5754,5755,test
5755,5756,train
5756,5757,test
5757,5758,test
5758,5759,test
5759,5760,train
5760,5761,validation
5761,5762,train
5762,5763,train
5763,5764,test
5764,5765,train
5765,5766,train
5766,5767,train
5767,5768,validation
5768,5769,train
5769,5770,train
5770,5771,test
5771,5772,train
5772,5773,train
5773,5774,train
5774,5775,validation
5775,5776,train
5776,5777,train
5777,5778,validation
5778,5779,validation
5779,5780,train
5780,5781,train
5781,5782,test
5782,5783,train
5783,5784,train
5784,5785,train
5785,5786,train
5786,5787,validation
5787,5788,train
5788,5789,validation
5789,5790,train
5790,5791,test
5791,5792,validation
5792,5793,train
5793,5794,train
5794,5795,train
5795,5796,validation
5796,5797,validation
5797,5798,test
5798,5799,train
5799,5800,train
5800,5801,train
5801,5802,train
5802,5803,train
5803,5804,train
5804,5805,validation
5805,5806,train
5806,5807,train
5807,5808,train
5808,5809,train
5809,5810,test
5810,5811,train
5811,5812,train
5812,5813,train
5813,5814,test
5814,5815,test
5815,5816,train
5816,5817,validation
5817,5818,validation
5818,5819,train
5819,5820,test
5820,5821,train
5821,5822,train
5822,5823,train
5823,5824,train
5824,5825,train
5825,5826,validation
5826,5827,validation
5827,5828,validation
5828,5829,test
5829,5830,test
5830,5831,test
5831,5832,train
5832,5833,validation
5833,5834,test
5834,5835,train
5835,5836,test
5836,5837,train
5837,5838,train
5838,5839,test
5839,5840,train
5840,5841,train
5841,5842,train
5842,5843,test
5843,5844,train
5844,5845,validation
5845,5846,train
5846,5847,train
5847,5848,train
5848,5849,train
5849,5850,test
5850,5851,train
5851,5852,train
5852,5853,train
5853,5854,validation
5854,5855,validation
5855,5856,train
5856,5857,train
5857,5858,train
5858,5859,train
5859,5860,train
5860,5861,train
5861,5862,test
5862,5863,train
5863,5864,train
5864,5865,train
5865,5866,validation
5866,5867,train
5867,5868,test
5868,5869,train
5869,5870,train
5870,5871,train
5871,5872,train
5872,5873,train
5873,5874,train
5874,5875,test
5875,5876,validation
5876,5877,train
5877,5878,train
5878,5879,train
5879,5880,train
5880,5881,train
5881,5882,test
5882,5883,train
5883,5884,validation
5884,5885,validation
5885,5886,validation
5886,5887,train
5887,5888,validation
5888,5889,train
5889,5890,train
5890,5891,train
5891,5892,train
5892,5893,train
5893,5894,test
5894,5895,train
5895,5896,validation
5896,5897,train
5897,5898,validation
5898,5899,train
5899,5900,train
5900,5901,train
5901,5902,train
5902,5903,test
5903,5904,train
5904,5905,train
5905,5906,test
5906,5907,validation
5907,5908,train
5908,5909,train
5909,5910,test
5910,5911,train
5911,5912,train
5912,5913,train
5913,5914,train
5914,5915,train
5915,5916,train
5916,5917,train
5917,5918,validation
5918,5919,train
5919,5920,train
5920,5921,train
5921,5922,train
5922,5923,train
5923,5924,train
5924,5925,train
5925,5926,train
5926,5927,train
5927,5928,train
5928,5929,train
5929,5930,train
5930,5931,test
5931,5932,train
5932,5933,train
5933,5934,train
5934,5935,train
5935,5936,validation
5936,5937,test
5937,5938,test
5938,5939,train
5939,5940,test
5940,5941,validation
5941,5942,validation
5942,5943,train
5943,5944,test
5944,5945,train
5945,5946,train
5946,5947,train
5947,5948,validation
5948,5949,validation
5949,5950,validation
5950,5951,validation
5951,5952,validation
5952,5953,validation
5953,5954,train
5954,5955,train
5955,5956,train
5956,5957,train
5957,5958,train
5958,5959,test
5959,5960,train
5960,5961,train
5961,5962,validation
5962,5963,train
5963,5964,train
5964,5965,train
5965,5966,train
5966,5967,test
5967,5968,train
5968,5969,train
5969,5970,train
5970,5971,train
5971,5972,train
5972,5973,test
5973,5974,train
5974,5975,train
5975,5976,validation
5976,5977,validation
5977,5978,train
5978,5979,train
5979,5980,train
5980,5981,validation
5981,5982,validation
5982,5983,test
5983,5984,train
5984,5985,train
5985,5986,train
5986,5987,validation
5987,5988,train
5988,5989,train
5989,5990,validation
5990,5991,train
5991,5992,train
5992,5993,train
5993,5994,train
5994,5995,train
5995,5996,validation
5996,5997,train
5997,5998,train
5998,5999,validation
5999,6000,train
6000,6001,train
6001,6002,train
6002,6003,train
6003,6004,test
6004,6005,train
6005,6006,train
6006,6007,train
6007,6008,train
6008,6009,test
6009,6010,train
6010,6011,train
6011,6012,test
6012,6013,train
6013,6014,validation
6014,6015,validation
6015,6016,train
6016,6017,train
6017,6018,train
6018,6019,train
6019,6020,train
6020,6021,train
6021,6022,train
6022,6023,train
6023,6024,validation
6024,6025,train
6025,6026,train
6026,6027,validation
6027,6028,test
6028,6029,train
6029,6030,train
6030,6031,train
6031,6032,train
6032,6033,train
6033,6034,train
6034,6035,train
6035,6036,train
6036,6037,train
6037,6038,train
6038,6039,test
6039,6040,train
6040,6041,test
6041,6042,train
6042,6043,train
6043,6044,train
6044,6045,train
6045,6046,train
6046,6047,test
6047,6048,test
6048,6049,validation
6049,6050,validation
6050,6051,train
6051,6052,test
6052,6053,train
6053,6054,train
6054,6055,train
6055,6056,validation
6056,6057,train
6057,6058,train
6058,6059,train
6059,6060,train
6060,6061,test
6061,6062,train
6062,6063,train
6063,6064,train
6064,6065,train
6065,6066,validation
6066,6067,validation
6067,6068,train
6068,6069,train
6069,6070,train
6070,6071,train
6071,6072,train
6072,6073,train
6073,6074,train
6074,6075,train
6075,6076,train
6076,6077,validation
6077,6078,test
6078,6079,train
6079,6080,train
6080,6081,train
6081,6082,train
6082,6083,train
6083,6084,train
6084,6085,train
6085,6086,train
6086,6087,train
6087,6088,train
6088,6089,test
6089,6090,train
6090,6091,train
6091,6092,train
6092,6093,test
6093,6094,train
6094,6095,test
6095,6096,train
6096,6097,train
6097,6098,train
6098,6099,train
6099,6100,train
6100,6101,train
6101,6102,train
6102,6103,validation
6103,6104,train
6104,6105,test
6105,6106,train
6106,6107,train
6107,6108,validation
6108,6109,validation
6109,6110,train
6110,6111,validation
6111,6112,train
6112,6113,train
6113,6114,train
6114,6115,test
6115,6116,train
6116,6117,train
6117,6118,train
6118,6119,train
6119,6120,train
6120,6121,test
6121,6122,train
6122,6123,validation
6123,6124,train
6124,6125,train
6125,6126,train
6126,6127,validation
6127,6128,validation
6128,6129,train
6129,6130,validation
6130,6131,train
6131,6132,train
6132,6133,test
6133,6134,train
6134,6135,train
6135,6136,train
6136,6137,test
6137,6138,train
6138,6139,train
6139,6140,train
6140,6141,train
6141,6142,test
6142,6143,train
6143,6144,validation
6144,6145,train
6145,6146,train
6146,6147,train
6147,6148,test
6148,6149,train
6149,6150,train
6150,6151,train
6151,6152,train
6152,6153,train
6153,6154,test
6154,6155,train
6155,6156,train
6156,6157,train
6157,6158,train
6158,6159,train
6159,6160,train
6160,6161,train
6161,6162,train
6162,6163,train
6163,6164,train
6164,6165,train
6165,6166,validation
6166,6167,train
6167,6168,train
6168,6169,train
6169,6170,test
6170,6171,validation
6171,6172,train
6172,6173,train
6173,6174,train
6174,6175,train
6175,6176,train
6176,6177,test
6177,6178,train
6178,6179,train
6179,6180,train
6180,6181,train
6181,6182,train
6182,6183,validation
6183,6184,test
6184,6185,train
6185,6186,train
6186,6187,train
6187,6188,train
6188,6189,train
6189,6190,train
6190,6191,train
6191,6192,test
6192,6193,train
6193,6194,train
6194,6195,validation
6195,6196,train
6196,6197,train
6197,6198,test
6198,6199,train
6199,6200,train
6200,6201,train
6201,6202,validation
6202,6203,test
6203,6204,train
6204,6205,train
6205,6206,test
6206,6207,train
6207,6208,train
6208,6209,validation
6209,6210,train
6210,6211,train
6211,6212,train
6212,6213,train
6213,6214,test
6214,6215,train
6215,6216,train
6216,6217,train
6217,6218,train
6218,6219,train
6219,6220,train
6220,6221,train
6221,6222,train
6222,6223,train
6223,6224,train
6224,6225,train
6225,6226,train
6226,6227,train
6227,6228,train
6228,6229,train
6229,6230,test
6230,6231,test
6231,6232,train
6232,6233,train
6233,6234,train
6234,6235,train
6235,6236,train
6236,6237,test
6237,6238,train
6238,6239,train
6239,6240,train
6240,6241,validation
6241,6242,validation
6242,6243,train
6243,6244,train
6244,6245,train
6245,6246,train
6246,6247,validation
6247,6248,train
6248,6249,test
6249,6250,test
6250,6251,train
6251,6252,test
6252,6253,train
6253,6254,train
6254,6255,test
6255,6256,validation
6256,6257,train
6257,6258,train
6258,6259,train
6259,6260,train
6260,6261,validation
6261,6262,train
6262,6263,test
6263,6264,train
6264,6265,test
6265,6266,train
6266,6267,train
6267,6268,train
6268,6269,validation
6269,6270,validation
6270,6271,test
6271,6272,train
6272,6273,validation
6273,6274,test
6274,6275,train
6275,6276,test
6276,6277,train
6277,6278,train
6278,6279,train
6279,6280,validation
6280,6281,test
6281,6282,train
6282,6283,train
6283,6284,validation
6284,6285,train
6285,6286,train
6286,6287,train
6287,6288,validation
6288,6289,train
6289,6290,test
6290,6291,train
6291,6292,train
6292,6293,train
6293,6294,train
6294,6295,train
6295,6296,train
6296,6297,validation
6297,6298,train
6298,6299,train
6299,6300,train
6300,6301,train
6301,6302,train
6302,6303,test
6303,6304,train
6304,6305,train
6305,6306,validation
6306,6307,train
6307,6308,test
6308,6309,validation
6309,6310,test
6310,6311,train
6311,6312,train
6312,6313,train
6313,6314,train
6314,6315,validation
6315,6316,train
6316,6317,train
6317,6318,train
6318,6319,test
6319,6320,train
6320,6321,train
6321,6322,train
6322,6323,train
6323,6324,train
6324,6325,train
6325,6326,train
6326,6327,train
6327,6328,train
6328,6329,test
6329,6330,train
6330,6331,train
6331,6332,test
6332,6333,validation
6333,6334,test
6334,6335,train
6335,6336,test
6336,6337,train
6337,6338,train
6338,6339,validation
6339,6340,validation
6340,6341,train
6341,6342,train
6342,6343,train
6343,6344,train
6344,6345,test
6345,6346,test
6346,6347,train
6347,6348,train
6348,6349,train
6349,6350,validation
6350,6351,validation
6351,6352,train
6352,6353,train
6353,6354,validation
6354,6355,train
6355,6356,train
6356,6357,train
6357,6358,train
6358,6359,validation
6359,6360,train
6360,6361,train
6361,6362,train
6362,6363,train
6363,6364,test
6364,6365,test
6365,6366,train
6366,6367,train
6367,6368,train
6368,6369,train
6369,6370,test
6370,6371,train
6371,6372,train
6372,6373,train
6373,6374,train
6374,6375,train
6375,6376,test
6376,6377,train
6377,6378,train
6378,6379,validation
6379,6380,test
6380,6381,train
6381,6382,train
6382,6383,test
6383,6384,train
6384,6385,validation
6385,6386,train
6386,6387,train
6387,6388,train
6388,6389,train
6389,6390,train
6390,6391,train
6391,6392,train
6392,6393,test
6393,6394,validation
6394,6395,train
6395,6396,validation
6396,6397,train
6397,6398,train
6398,6399,train
6399,6400,train
6400,6401,train
6401,6402,train
6402,6403,validation
6403,6404,train
6404,6405,test
6405,6406,train
6406,6407,test
6407,6408,train
6408,6409,train
6409,6410,train
6410,6411,train
6411,6412,train
6412,6413,train
6413,6414,train
6414,6415,train
6415,6416,train
6416,6417,train
6417,6418,train
6418,6419,train
6419,6420,train
6420,6421,train
6421,6422,test
6422,6423,train
6423,6424,train
6424,6425,train
6425,6426,validation
6426,6427,train
6427,6428,test
6428,6429,validation
6429,6430,train
6430,6431,train
6431,6432,train
6432,6433,train
6433,6434,validation
6434,6435,train
6435,6436,train
6436,6437,train
6437,6438,train
6438,6439,train
6439,6440,train
6440,6441,train
6441,6442,validation
6442,6443,train
6443,6444,train
6444,6445,train
6445,6446,train
6446,6447,test
6447,6448,train
6448,6449,train
6449,6450,test
6450,6451,validation
6451,6452,validation
6452,6453,train
6453,6454,test
6454,6455,train
6455,6456,train
6456,6457,validation
6457,6458,test
6458,6459,train
6459,6460,test
6460,6461,train
6461,6462,train
6462,6463,test
6463,6464,train
6464,6465,validation
6465,6466,test
6466,6467,train
6467,6468,train
6468,6469,train
6469,6470,train
6470,6471,train
6471,6472,train
6472,6473,train
6473,6474,train
6474,6475,train
6475,6476,train
6476,6477,validation
6477,6478,train
6478,6479,train
6479,6480,train
6480,6481,train
6481,6482,train
6482,6483,train
6483,6484,train
6484,6485,test
6485,6486,train
6486,6487,train
6487,6488,train
6488,6489,train
6489,6490,train
6490,6491,train
6491,6492,validation
6492,6493,train
6493,6494,train
6494,6495,train
6495,6496,validation
6496,6497,train
6497,6498,train
6498,6499,validation
6499,6500,test
6500,6501,train
6501,6502,train
6502,6503,train
6503,6504,train
6504,6505,train
6505,6506,train
6506,6507,train
6507,6508,train
6508,6509,train
6509,6510,train
6510,6511,train
6511,6512,train
6512,6513,test
6513,6514,train
6514,6515,train
6515,6516,validation
6516,6517,train
6517,6518,train
6518,6519,train
6519,6520,train
6520,6521,validation
6521,6522,train
6522,6523,train
6523,6524,train
6524,6525,train
6525,6526,train
6526,6527,validation
6527,6528,train
6528,6529,validation
6529,6530,train
6530,6531,test
6531,6532,train
6532,6533,train
6533,6534,validation
6534,6535,train
6535,6536,validation
6536,6537,test
6537,6538,train
6538,6539,validation
6539,6540,validation
6540,6541,train
6541,6542,train
6542,6543,train
6543,6544,train
6544,6545,train
6545,6546,train
6546,6547,train
6547,6548,test
6548,6549,validation
6549,6550,train
6550,6551,train
6551,6552,test
6552,6553,train
6553,6554,test
6554,6555,train
6555,6556,train
6556,6557,train
6557,6558,train
6558,6559,train
6559,6560,test
6560,6561,validation
6561,6562,test
6562,6563,train
6563,6564,test
6564,6565,train
6565,6566,test
6566,6567,train
6567,6568,test
6568,6569,validation
6569,6570,train
6570,6571,test
6571,6572,test
6572,6573,train
6573,6574,test
6574,6575,train
6575,6576,train
6576,6577,validation
6577,6578,train
6578,6579,train
6579,6580,train
6580,6581,validation
6581,6582,train
6582,6583,train
6583,6584,train
6584,6585,train
6585,6586,train
6586,6587,test
6587,6588,train
6588,6589,train
6589,6590,test
6590,6591,train
6591,6592,validation
6592,6593,train
6593,6594,train
6594,6595,validation
6595,6596,train
6596,6597,train
6597,6598,train
6598,6599,train
6599,6600,train
6600,6601,test
6601,6602,validation
6602,6603,train
6603,6604,test
6604,6605,test
6605,6606,validation
6606,6607,train
6607,6608,train
6608,6609,train
6609,6610,validation
6610,6611,train
6611,6612,test
6612,6613,train
6613,6614,train
6614,6615,validation
6615,6616,train
6616,6617,train
6617,6618,train
6618,6619,test
6619,6620,train
6620,6621,validation
6621,6622,train
6622,6623,train
6623,6624,train
6624,6625,train
6625,6626,validation
6626,6627,test
6627,6628,train
6628,6629,train
6629,6630,train
6630,6631,train
6631,6632,train
6632,6633,train
6633,6634,train
6634,6635,train
6635,6636,train
6636,6637,train
6637,6638,train
6638,6639,validation
6639,6640,validation
6640,6641,train
6641,6642,train
6642,6643,train
6643,6644,train
6644,6645,test
6645,6646,train
6646,6647,train
6647,6648,train
6648,6649,train
6649,6650,train
6650,6651,train
6651,6652,train
6652,6653,train
6653,6654,test
6654,6655,train
6655,6656,train
6656,6657,train
6657,6658,train
6658,6659,test
6659,6660,train
6660,6661,train
6661,6662,train
6662,6663,train
6663,6664,train
6664,6665,train
6665,6666,train
6666,6667,train
6667,6668,train
6668,6669,validation
6669,6670,train
6670,6671,train
6671,6672,train
6672,6673,test
6673,6674,train
6674,6675,test
6675,6676,train
6676,6677,train
6677,6678,validation
6678,6679,train
6679,6680,train
6680,6681,train
6681,6682,train
6682,6683,train
6683,6684,train
6684,6685,train
6685,6686,validation
6686,6687,train
6687,6688,train
6688,6689,train
6689,6690,test
6690,6691,train
6691,6692,train
6692,6693,train
6693,6694,train
6694,6695,train
6695,6696,train
6696,6697,train
6697,6698,train
6698,6699,train
6699,6700,train
6700,6701,train
6701,6702,train
6702,6703,test
6703,6704,validation
6704,6705,train
6705,6706,train
6706,6707,train
6707,6708,validation
6708,6709,train
6709,6710,train
6710,6711,train
6711,6712,train
6712,6713,train
6713,6714,train
6714,6715,train
6715,6716,test
6716,6717,test
6717,6718,test
6718,6719,train
6719,6720,train
6720,6721,train
6721,6722,train
6722,6723,train
6723,6724,train
6724,6725,test
6725,6726,train
6726,6727,test
6727,6728,train
6728,6729,train
6729,6730,test
6730,6731,train
6731,6732,train
6732,6733,train
6733,6734,train
6734,6735,train
6735,6736,test
6736,6737,train
6737,6738,train
6738,6739,train
6739,6740,validation
6740,6741,validation
6741,6742,validation
6742,6743,test
6743,6744,test
6744,6745,validation
6745,6746,train
6746,6747,train
6747,6748,train
6748,6749,train
6749,6750,train
6750,6751,train
6751,6752,train
6752,6753,train
6753,6754,validation
6754,6755,train
6755,6756,validation
6756,6757,train
6757,6758,test
6758,6759,test
6759,6760,validation
6760,6761,train
6761,6762,train
6762,6763,train
6763,6764,train
6764,6765,test
6765,6766,train
6766,6767,test
6767,6768,test
6768,6769,train
6769,6770,train
6770,6771,train
6771,6772,test
6772,6773,train
6773,6774,train
6774,6775,test
6775,6776,train
6776,6777,test
6777,6778,validation
6778,6779,train
6779,6780,train
6780,6781,train
6781,6782,train
6782,6783,test
6783,6784,train
6784,6785,train
6785,6786,train
6786,6787,validation
6787,6788,train
6788,6789,test
6789,6790,train
6790,6791,train
6791,6792,train
6792,6793,train
6793,6794,validation
6794,6795,test
6795,6796,validation
6796,6797,test
6797,6798,train
6798,6799,train
6799,6800,train
6800,6801,train
6801,6802,train
6802,6803,test
6803,6804,test
6804,6805,train
6805,6806,train
6806,6807,train
6807,6808,validation
6808,6809,test
6809,6810,validation
6810,6811,train
6811,6812,train
6812,6813,train
6813,6814,train
6814,6815,train
6815,6816,test
6816,6817,train
6817,6818,train
6818,6819,test
6819,6820,train
6820,6821,train
6821,6822,train
6822,6823,train
6823,6824,train
6824,6825,train
6825,6826,train
6826,6827,test
6827,6828,validation
6828,6829,train
6829,6830,test
6830,6831,train
6831,6832,test
6832,6833,train
6833,6834,train
6834,6835,test
6835,6836,train
6836,6837,train
6837,6838,train
6838,6839,test
6839,6840,test
6840,6841,test
6841,6842,train
6842,6843,train
6843,6844,validation
6844,6845,train
6845,6846,train
6846,6847,train
6847,6848,train
6848,6849,validation
6849,6850,train
6850,6851,train
6851,6852,train
6852,6853,train
6853,6854,train
6854,6855,test
6855,6856,test
6856,6857,train
6857,6858,train
6858,6859,validation
6859,6860,validation
6860,6861,train
6861,6862,train
6862,6863,train
6863,6864,train
6864,6865,validation
6865,6866,train
6866,6867,train
6867,6868,train
6868,6869,test
6869,6870,train
6870,6871,train
6871,6872,validation
6872,6873,test
6873,6874,train
6874,6875,validation
6875,6876,train
6876,6877,train
6877,6878,test
6878,6879,validation
6879,6880,train
6880,6881,train
6881,6882,train
6882,6883,train
6883,6884,test
6884,6885,validation
6885,6886,train
6886,6887,train
6887,6888,validation
6888,6889,test
6889,6890,train
6890,6891,train
6891,6892,train
6892,6893,train
6893,6894,train
6894,6895,validation
6895,6896,test
6896,6897,train
6897,6898,train
6898,6899,train
6899,6900,train
6900,6901,validation
6901,6902,train
6902,6903,train
6903,6904,train
6904,6905,test
6905,6906,train
6906,6907,train
6907,6908,validation
6908,6909,train
6909,6910,test
6910,6911,train
6911,6912,train
6912,6913,train
6913,6914,test
6914,6915,train
6915,6916,train
6916,6917,train
6917,6918,train
6918,6919,train
6919,6920,train
6920,6921,test
6921,6922,train
6922,6923,train
6923,6924,test
6924,6925,test
6925,6926,train
6926,6927,train
6927,6928,train
6928,6929,validation
6929,6930,train
6930,6931,test
6931,6932,train
6932,6933,test
6933,6934,test
6934,6935,train
6935,6936,train
6936,6937,train
6937,6938,train
6938,6939,train
6939,6940,test
6940,6941,train
6941,6942,test
6942,6943,train
6943,6944,test
6944,6945,train
6945,6946,train
6946,6947,train
6947,6948,train
6948,6949,train
6949,6950,train
6950,6951,train
6951,6952,test
6952,6953,test
6953,6954,test
6954,6955,train
6955,6956,validation
6956,6957,train
6957,6958,train
6958,6959,train
6959,6960,test
6960,6961,test
6961,6962,validation
6962,6963,train
6963,6964,train
6964,6965,train
6965,6966,train
6966,6967,test
6967,6968,train
6968,6969,train
6969,6970,train
6970,6971,test
6971,6972,train
6972,6973,validation
6973,6974,train
6974,6975,validation
6975,6976,test
6976,6977,validation
6977,6978,test
6978,6979,train
6979,6980,validation
6980,6981,train
6981,6982,train
6982,6983,validation
6983,6984,train
6984,6985,train
6985,6986,test
6986,6987,train
6987,6988,test
6988,6989,train
6989,6990,train
6990,6991,train
6991,6992,validation
6992,6993,train
6993,6994,test
6994,6995,train
6995,6996,train
6996,6997,train
6997,6998,train
6998,6999,test
6999,7000,validation
7000,7001,train
7001,7002,test
7002,7003,train
7003,7004,train
7004,7005,train
7005,7006,train
7006,7007,train
7007,7008,train
7008,7009,train
7009,7010,validation
7010,7011,train
7011,7012,test
7012,7013,train
7013,7014,test
7014,7015,train
7015,7016,train
7016,7017,train
7017,7018,train
7018,7019,train
7019,7020,train
7020,7021,train
7021,7022,validation
7022,7023,validation
7023,7024,train
7024,7025,train
7025,7026,test
7026,7027,train
7027,7028,train
7028,7029,validation
7029,7030,train
7030,7031,train
7031,7032,validation
7032,7033,train
7033,7034,train
7034,7035,train
7035,7036,train
7036,7037,train
7037,7038,validation
7038,7039,train
7039,7040,test
7040,7041,train
7041,7042,train
7042,7043,train
7043,7044,train
7044,7045,train
7045,7046,train
7046,7047,train
7047,7048,test
7048,7049,validation
7049,7050,train
7050,7051,train
7051,7052,test
7052,7053,train
7053,7054,train
7054,7055,train
7055,7056,train
7056,7057,validation
7057,7058,train
7058,7059,train
7059,7060,test
7060,7061,train
7061,7062,train
7062,7063,train
7063,7064,train
7064,7065,train
7065,7066,validation
7066,7067,test
7067,7068,test
7068,7069,train
7069,7070,test
7070,7071,train
7071,7072,train
7072,7073,train
7073,7074,train
7074,7075,train
7075,7076,train
7076,7077,validation
7077,7078,train
7078,7079,train
7079,7080,train
7080,7081,train
7081,7082,train
7082,7083,train
7083,7084,train
7084,7085,train
7085,7086,train
7086,7087,train
7087,7088,test
7088,7089,train
7089,7090,train
7090,7091,train
7091,7092,validation
7092,7093,validation
7093,7094,train
7094,7095,train
7095,7096,train
7096,7097,train
7097,7098,train
7098,7099,validation
7099,7100,train
7100,7101,train
7101,7102,test
7102,7103,test
7103,7104,train
7104,7105,train
7105,7106,validation
7106,7107,train
7107,7108,train
7108,7109,train
7109,7110,train
7110,7111,train
7111,7112,test
7112,7113,train
7113,7114,train
7114,7115,train
7115,7116,train
7116,7117,train
7117,7118,train
7118,7119,train
7119,7120,train
7120,7121,validation
7121,7122,train
7122,7123,train
7123,7124,test
7124,7125,train
7125,7126,train
7126,7127,train
7127,7128,test
7128,7129,validation
7129,7130,train
7130,7131,train
7131,7132,train
7132,7133,test
7133,7134,train
7134,7135,train
7135,7136,validation
7136,7137,test
7137,7138,train
7138,7139,validation
7139,7140,train
7140,7141,train
7141,7142,test
7142,7143,test
7143,7144,validation
7144,7145,train
7145,7146,test
7146,7147,train
7147,7148,train
7148,7149,test
7149,7150,train
7150,7151,train
7151,7152,train
7152,7153,train
7153,7154,train
7154,7155,train
7155,7156,train
7156,7157,validation
7157,7158,train
7158,7159,train
7159,7160,train
7160,7161,train
7161,7162,train
7162,7163,test
7163,7164,train
7164,7165,validation
7165,7166,train
7166,7167,train
7167,7168,test
7168,7169,train
7169,7170,train
7170,7171,test
7171,7172,test
7172,7173,train
7173,7174,train
7174,7175,train
7175,7176,train
7176,7177,train
7177,7178,test
7178,7179,test
7179,7180,test
7180,7181,test
7181,7182,validation
7182,7183,test
7183,7184,test
7184,7185,validation
7185,7186,test
7186,7187,train
7187,7188,test
7188,7189,train
7189,7190,train
7190,7191,train
7191,7192,validation
7192,7193,train
7193,7194,train
7194,7195,train
7195,7196,test
7196,7197,train
7197,7198,train
7198,7199,train
7199,7200,train
7200,7201,test
7201,7202,validation
7202,7203,test
7203,7204,train
7204,7205,validation
7205,7206,train
7206,7207,train
7207,7208,train
7208,7209,train
7209,7210,train
7210,7211,train
7211,7212,train
7212,7213,train
7213,7214,train
7214,7215,validation
7215,7216,train
7216,7217,train
7217,7218,test
7218,7219,train
7219,7220,test
7220,7221,train
7221,7222,validation
7222,7223,train
7223,7224,train
7224,7225,validation
7225,7226,train
7226,7227,train
7227,7228,test
7228,7229,train
7229,7230,train
7230,7231,test
7231,7232,train
7232,7233,test
7233,7234,train
7234,7235,train
7235,7236,train
7236,7237,test
7237,7238,train
7238,7239,validation
7239,7240,validation
7240,7241,train
7241,7242,train
7242,7243,train
7243,7244,train
7244,7245,train
7245,7246,test
7246,7247,validation
7247,7248,train
7248,7249,validation
7249,7250,train
7250,7251,train
7251,7252,train
7252,7253,validation
7253,7254,train
7254,7255,train
7255,7256,train
7256,7257,train
7257,7258,train
7258,7259,validation
7259,7260,validation
7260,7261,train
7261,7262,train
7262,7263,train
7263,7264,train
7264,7265,train
7265,7266,test
7266,7267,train
7267,7268,train
7268,7269,train
7269,7270,test
7270,7271,test
7271,7272,train
7272,7273,train
7273,7274,validation
7274,7275,train
7275,7276,train
7276,7277,test
7277,7278,train
7278,7279,train
7279,7280,train
7280,7281,train
7281,7282,train
7282,7283,train
7283,7284,train
7284,7285,train
7285,7286,train
7286,7287,validation
7287,7288,train
7288,7289,train
7289,7290,train
7290,7291,train
7291,7292,train
7292,7293,test
7293,7294,train
7294,7295,train
7295,7296,train
7296,7297,train
7297,7298,train
7298,7299,train
7299,7300,train
7300,7301,validation
7301,7302,train
7302,7303,train
7303,7304,train
7304,7305,train
7305,7306,train
7306,7307,train
7307,7308,test
7308,7309,train
7309,7310,test
7310,7311,train
7311,7312,train
7312,7313,train
7313,7314,validation
7314,7315,train
7315,7316,validation
7316,7317,test
7317,7318,test
7318,7319,train
7319,7320,test
7320,7321,train
7321,7322,validation
7322,7323,train
7323,7324,train
7324,7325,train
7325,7326,train
7326,7327,train
7327,7328,train
7328,7329,train
7329,7330,train
7330,7331,train
7331,7332,validation
7332,7333,train
7333,7334,train
7334,7335,train
7335,7336,train
7336,7337,train
7337,7338,test
7338,7339,train
7339,7340,train
7340,7341,test
7341,7342,train
7342,7343,train
7343,7344,train
7344,7345,train
7345,7346,train
7346,7347,train
7347,7348,train
7348,7349,train
7349,7350,test
7350,7351,train
7351,7352,train
7352,7353,validation
7353,7354,validation
7354,7355,train
7355,7356,validation
7356,7357,validation
7357,7358,train
7358,7359,train
7359,7360,validation
7360,7361,train
7361,7362,validation
7362,7363,validation
7363,7364,train
7364,7365,train
7365,7366,train
7366,7367,test
7367,7368,train
7368,7369,train
7369,7370,validation
7370,7371,train
7371,7372,validation
7372,7373,train
7373,7374,train
7374,7375,train
7375,7376,train
7376,7377,validation
7377,7378,train
7378,7379,train
7379,7380,train
7380,7381,train
7381,7382,train
7382,7383,train
7383,7384,validation
7384,7385,train
7385,7386,train
7386,7387,test
7387,7388,train
7388,7389,train
7389,7390,test
7390,7391,train
7391,7392,test
7392,7393,train
7393,7394,train
7394,7395,train
7395,7396,test
7396,7397,train
7397,7398,train
7398,7399,train
7399,7400,train
7400,7401,train
7401,7402,validation
7402,7403,train
7403,7404,train
7404,7405,train
7405,7406,train
7406,7407,train
7407,7408,test
7408,7409,validation
7409,7410,train
7410,7411,test
7411,7412,train
7412,7413,validation
7413,7414,train
7414,7415,train
7415,7416,train
7416,7417,train
7417,7418,train
7418,7419,train
7419,7420,test
7420,7421,train
7421,7422,test
7422,7423,train
7423,7424,train
7424,7425,train
7425,7426,train
7426,7427,train
7427,7428,train
7428,7429,train
7429,7430,validation
7430,7431,train
7431,7432,train
7432,7433,test
7433,7434,train
7434,7435,train
7435,7436,test
7436,7437,train
7437,7438,train
7438,7439,test
7439,7440,train
7440,7441,train
7441,7442,train
7442,7443,train
7443,7444,train
7444,7445,train
7445,7446,validation
7446,7447,train
7447,7448,train
7448,7449,train
7449,7450,train
7450,7451,train
7451,7452,train
7452,7453,validation
7453,7454,train
7454,7455,train
7455,7456,test
7456,7457,train
7457,7458,train
7458,7459,train
7459,7460,train
7460,7461,train
7461,7462,train
7462,7463,train
7463,7464,train
7464,7465,train
7465,7466,test
7466,7467,train
7467,7468,train
7468,7469,train
7469,7470,train
7470,7471,validation
7471,7472,train
7472,7473,train
7473,7474,train
7474,7475,train
7475,7476,train
7476,7477,train
7477,7478,validation
7478,7479,test
7479,7480,train
7480,7481,train
7481,7482,train
7482,7483,test
7483,7484,train
7484,7485,train
7485,7486,train
7486,7487,train
7487,7488,validation
7488,7489,train
7489,7490,test
7490,7491,test
7491,7492,train
7492,7493,train
7493,7494,validation
7494,7495,validation
7495,7496,train
7496,7497,train
7497,7498,train
7498,7499,validation
7499,7500,train
7500,7501,train
7501,7502,validation
7502,7503,train
7503,7504,train
7504,7505,train
7505,7506,validation
7506,7507,train
7507,7508,test
7508,7509,train
7509,7510,train
7510,7511,train
7511,7512,train
7512,7513,train
7513,7514,train
7514,7515,train
7515,7516,train
7516,7517,train
7517,7518,train
7518,7519,test
7519,7520,train
7520,7521,train
7521,7522,test
7522,7523,validation
7523,7524,test
7524,7525,train
7525,7526,train
7526,7527,train
7527,7528,validation
7528,7529,train
7529,7530,test
7530,7531,train
7531,7532,train
7532,7533,train
7533,7534,train
7534,7535,validation
7535,7536,train
7536,7537,train
7537,7538,train
7538,7539,validation
7539,7540,train
7540,7541,test
7541,7542,train
7542,7543,test
7543,7544,train
7544,7545,train
7545,7546,train
7546,7547,train
7547,7548,train
7548,7549,test
7549,7550,train
7550,7551,train
7551,7552,train
7552,7553,train
7553,7554,train
7554,7555,validation
7555,7556,train
7556,7557,train
7557,7558,validation
7558,7559,train
7559,7560,train
7560,7561,train
7561,7562,train
7562,7563,train
7563,7564,validation
7564,7565,train
7565,7566,train
7566,7567,train
7567,7568,train
7568,7569,test
7569,7570,train
7570,7571,train
7571,7572,test
7572,7573,test
7573,7574,train
7574,7575,train
7575,7576,train
7576,7577,train
7577,7578,train
7578,7579,test
7579,7580,train
7580,7581,test
7581,7582,test
7582,7583,train
7583,7584,test
7584,7585,train
7585,7586,test
7586,7587,train
7587,7588,train
7588,7589,train
7589,7590,train
7590,7591,test
7591,7592,validation
7592,7593,train
7593,7594,train
7594,7595,train
7595,7596,train
7596,7597,test
7597,7598,train
7598,7599,train
7599,7600,train
7600,7601,train
7601,7602,test
7602,7603,test
7603,7604,train
7604,7605,test
7605,7606,validation
7606,7607,train
7607,7608,train
7608,7609,train
7609,7610,train
7610,7611,validation
7611,7612,train
7612,7613,test
7613,7614,train
7614,7615,validation
7615,7616,train
7616,7617,validation
7617,7618,train
7618,7619,train
7619,7620,validation
7620,7621,train
7621,7622,train
7622,7623,validation
7623,7624,train
7624,7625,train
7625,7626,validation
7626,7627,train
7627,7628,test
7628,7629,validation
7629,7630,validation
7630,7631,test
7631,7632,test
7632,7633,train
7633,7634,train
7634,7635,train
7635,7636,test
7636,7637,train
7637,7638,train
7638,7639,train
7639,7640,train
7640,7641,train
7641,7642,train
7642,7643,train
7643,7644,train
7644,7645,train
7645,7646,validation
7646,7647,train
7647,7648,train
7648,7649,train
7649,7650,train
7650,7651,train
7651,7652,train
7652,7653,train
7653,7654,train
7654,7655,train
7655,7656,train
7656,7657,validation
7657,7658,test
7658,7659,train
7659,7660,train
7660,7661,train
7661,7662,test
7662,7663,train
7663,7664,train
7664,7665,train
7665,7666,train
7666,7667,train
7667,7668,train
7668,7669,test
7669,7670,train
7670,7671,train
7671,7672,train
7672,7673,validation
7673,7674,validation
7674,7675,train
7675,7676,test
7676,7677,train
7677,7678,validation
7678,7679,train
7679,7680,train
7680,7681,train
7681,7682,test
7682,7683,train
7683,7684,train
7684,7685,train
7685,7686,train
7686,7687,train
7687,7688,train
7688,7689,train
7689,7690,train
7690,7691,test
7691,7692,train
7692,7693,test
7693,7694,train
7694,7695,train
7695,7696,train
7696,7697,test
7697,7698,validation
7698,7699,train
7699,7700,train
7700,7701,train
7701,7702,test
7702,7703,train
7703,7704,validation
7704,7705,train
7705,7706,train
7706,7707,train
7707,7708,train
7708,7709,test
7709,7710,train
7710,7711,validation
7711,7712,test
7712,7713,train
7713,7714,train
7714,7715,test
7715,7716,test
7716,7717,validation
7717,7718,train
7718,7719,train
7719,7720,train
7720,7721,validation
7721,7722,test
7722,7723,train
7723,7724,train
7724,7725,train
7725,7726,train
7726,7727,train
7727,7728,test
7728,7729,train
7729,7730,train
7730,7731,test
7731,7732,train
7732,7733,train
7733,7734,test
7734,7735,train
7735,7736,train
7736,7737,train
7737,7738,train
7738,7739,train
7739,7740,train
7740,7741,train
7741,7742,train
7742,7743,train
7743,7744,test
7744,7745,train
7745,7746,test
7746,7747,validation
7747,7748,train
7748,7749,train
7749,7750,validation
7750,7751,train
7751,7752,train
7752,7753,train
7753,7754,train
7754,7755,test
7755,7756,validation
7756,7757,validation
7757,7758,train
7758,7759,train
7759,7760,test
7760,7761,train
7761,7762,train
7762,7763,validation
7763,7764,train
7764,7765,validation
7765,7766,test
7766,7767,train
7767,7768,train
7768,7769,test
7769,7770,train
7770,7771,validation
7771,7772,train
7772,7773,train
7773,7774,train
7774,7775,train
7775,7776,test
7776,7777,train
7777,7778,validation
7778,7779,train
7779,7780,test
7780,7781,test
7781,7782,validation
7782,7783,train
7783,7784,train
7784,7785,validation
7785,7786,train
7786,7787,train
7787,7788,train
7788,7789,train
7789,7790,train
7790,7791,train
7791,7792,train
7792,7793,test
7793,7794,test
7794,7795,train
7795,7796,train
7796,7797,train
7797,7798,train
7798,7799,validation
7799,7800,train
7800,7801,train
7801,7802,train
7802,7803,train
7803,7804,train
7804,7805,train
7805,7806,train
7806,7807,train
7807,7808,train
7808,7809,train
7809,7810,test
7810,7811,train
7811,7812,validation
7812,7813,train
7813,7814,train
7814,7815,train
7815,7816,train
7816,7817,train
7817,7818,train
7818,7819,train
7819,7820,train
7820,7821,train
7821,7822,test
7822,7823,train
7823,7824,train
7824,7825,train
7825,7826,validation
7826,7827,train
7827,7828,test
7828,7829,train
7829,7830,train
7830,7831,train
7831,7832,validation
7832,7833,train
7833,7834,test
7834,7835,train
7835,7836,train
7836,7837,train
7837,7838,train
7838,7839,train
7839,7840,test
7840,7841,train
7841,7842,train
7842,7843,test
7843,7844,train
7844,7845,train
7845,7846,test
7846,7847,train
7847,7848,train
7848,7849,test
7849,7850,train
7850,7851,validation
7851,7852,train
7852,7853,train
7853,7854,train
7854,7855,train
7855,7856,validation
7856,7857,train
7857,7858,validation
7858,7859,train
7859,7860,test
7860,7861,test
7861,7862,train
7862,7863,train
7863,7864,validation
7864,7865,train
7865,7866,test
7866,7867,train
7867,7868,train
7868,7869,train
7869,7870,test
7870,7871,validation
7871,7872,train
7872,7873,train
7873,7874,train
7874,7875,train
7875,7876,validation
7876,7877,train
7877,7878,train
7878,7879,train
7879,7880,train
7880,7881,validation
7881,7882,train
7882,7883,train
7883,7884,test
7884,7885,train
7885,7886,test
7886,7887,train
7887,7888,train
7888,7889,train
7889,7890,train
7890,7891,test
7891,7892,test
7892,7893,train
7893,7894,validation
7894,7895,train
7895,7896,train
7896,7897,train
7897,7898,train
7898,7899,train
7899,7900,train
7900,7901,train
7901,7902,train
7902,7903,train
7903,7904,test
7904,7905,train
7905,7906,train
7906,7907,train
7907,7908,train
7908,7909,train
7909,7910,train
7910,7911,test
7911,7912,test
7912,7913,validation
7913,7914,train
7914,7915,train
7915,7916,test
7916,7917,train
7917,7918,test
7918,7919,validation
7919,7920,train
7920,7921,train
7921,7922,train
7922,7923,train
7923,7924,train
7924,7925,train
7925,7926,validation
7926,7927,train
7927,7928,train
7928,7929,train
7929,7930,train
7930,7931,validation
7931,7932,validation
7932,7933,validation
7933,7934,validation
7934,7935,test
7935,7936,train
7936,7937,test
7937,7938,test
7938,7939,train
7939,7940,validation
7940,7941,train
7941,7942,test
7942,7943,test
7943,7944,train
7944,7945,train
7945,7946,test
7946,7947,train
7947,7948,validation
7948,7949,train
7949,7950,test
7950,7951,train
7951,7952,train
7952,7953,train
7953,7954,train
7954,7955,test
7955,7956,train
7956,7957,train
7957,7958,train
7958,7959,train
7959,7960,train
7960,7961,train
7961,7962,train
7962,7963,train
7963,7964,test
7964,7965,train
7965,7966,train
7966,7967,train
7967,7968,train
7968,7969,validation
7969,7970,train
7970,7971,test
7971,7972,test
7972,7973,train
7973,7974,train
7974,7975,train
7975,7976,test
7976,7977,train
7977,7978,train
7978,7979,train
7979,7980,validation
7980,7981,validation
7981,7982,train
7982,7983,train
7983,7984,train
7984,7985,validation
7985,7986,train
7986,7987,train
7987,7988,test
7988,7989,test
7989,7990,train
7990,7991,train
7991,7992,train
7992,7993,train
7993,7994,test
7994,7995,test
7995,7996,train
7996,7997,train
7997,7998,test
7998,7999,train
7999,8000,train
8000,8001,train
8001,8002,validation
8002,8003,train
8003,8004,train
8004,8005,train
8005,8006,validation
8006,8007,train
8007,8008,test
8008,8009,train
8009,8010,train
8010,8011,train
8011,8012,train
8012,8013,train
8013,8014,test
8014,8015,train
8015,8016,train
8016,8017,train
8017,8018,train
8018,8019,train
8019,8020,train
8020,8021,train
8021,8022,train
8022,8023,train
8023,8024,train
8024,8025,validation
8025,8026,test
8026,8027,train
8027,8028,train
8028,8029,train
8029,8030,train
8030,8031,test
8031,8032,train
8032,8033,train
8033,8034,test
8034,8035,train
8035,8036,train
8036,8037,train
8037,8038,train
8038,8039,train
8039,8040,train
8040,8041,train
8041,8042,train
8042,8043,test
8043,8044,train
8044,8045,validation
8045,8046,train
8046,8047,validation
8047,8048,train
8048,8049,validation
8049,8050,train
8050,8051,train
8051,8052,train
8052,8053,train
8053,8054,train
8054,8055,train
8055,8056,test
8056,8057,validation
8057,8058,train
8058,8059,train
8059,8060,train
8060,8061,train
8061,8062,train
8062,8063,test
8063,8064,test
8064,8065,train
8065,8066,train
8066,8067,train
8067,8068,train
8068,8069,train
8069,8070,train
8070,8071,train
8071,8072,train
8072,8073,train
8073,8074,validation
8074,8075,train
8075,8076,train
8076,8077,train
8077,8078,train
8078,8079,test
8079,8080,train
8080,8081,train
8081,8082,train
8082,8083,validation
8083,8084,train
8084,8085,train
8085,8086,train
8086,8087,train
8087,8088,train
8088,8089,train
8089,8090,train
8090,8091,train
8091,8092,validation
8092,8093,test
8093,8094,train
8094,8095,train
8095,8096,validation
8096,8097,test
8097,8098,validation
8098,8099,train
8099,8100,train
8100,8101,test
8101,8102,test
8102,8103,validation
8103,8104,train
8104,8105,train
8105,8106,train
8106,8107,train
8107,8108,train
8108,8109,train
8109,8110,train
8110,8111,test
8111,8112,train
8112,8113,train
8113,8114,train
8114,8115,train
8115,8116,train
8116,8117,train
8117,8118,train
8118,8119,train
8119,8120,train
8120,8121,validation
8121,8122,train
8122,8123,train
8123,8124,train
8124,8125,train
8125,8126,train
8126,8127,test
8127,8128,validation
8128,8129,train
8129,8130,test
8130,8131,test
8131,8132,validation
8132,8133,train
8133,8134,train
8134,8135,train
8135,8136,train
8136,8137,train
8137,8138,test
8138,8139,train
8139,8140,train
8140,8141,validation
8141,8142,train
8142,8143,train
8143,8144,train
8144,8145,train
8145,8146,validation
8146,8147,train
8147,8148,train
8148,8149,train
8149,8150,train
8150,8151,train
8151,8152,train
8152,8153,train
8153,8154,train
8154,8155,test
8155,8156,train
8156,8157,train
8157,8158,train
8158,8159,train
8159,8160,train
8160,8161,validation
8161,8162,train
8162,8163,validation
8163,8164,test
8164,8165,test
8165,8166,train
8166,8167,train
8167,8168,train
8168,8169,train
8169,8170,train
8170,8171,train
8171,8172,train
8172,8173,train
8173,8174,train
8174,8175,validation
8175,8176,train
8176,8177,train
8177,8178,train
8178,8179,validation
8179,8180,validation
8180,8181,train
8181,8182,train
8182,8183,validation
8183,8184,train
8184,8185,test
8185,8186,train
8186,8187,validation
8187,8188,validation
8188,8189,train
8189,8190,test
8190,8191,test
8191,8192,train
8192,8193,test
8193,8194,test
8194,8195,train
8195,8196,validation
8196,8197,train
8197,8198,validation
8198,8199,train
8199,8200,train
8200,8201,test
8201,8202,train
8202,8203,validation
8203,8204,train
8204,8205,train
8205,8206,train
8206,8207,validation
8207,8208,train
8208,8209,test
8209,8210,validation
8210,8211,train
8211,8212,train
8212,8213,train
8213,8214,train
8214,8215,validation
8215,8216,train
8216,8217,validation
8217,8218,test
8218,8219,validation
8219,8220,test
8220,8221,train
8221,8222,train
8222,8223,train
8223,8224,test
8224,8225,train
8225,8226,validation
8226,8227,train
8227,8228,train
8228,8229,train
8229,8230,train
8230,8231,train
8231,8232,test
8232,8233,train
8233,8234,train
8234,8235,train
8235,8236,train
8236,8237,train
8237,8238,validation
8238,8239,test
8239,8240,test
8240,8241,validation
8241,8242,test
8242,8243,train
8243,8244,train
8244,8245,train
8245,8246,train
8246,8247,train
8247,8248,test
8248,8249,train
8249,8250,train
8250,8251,validation
8251,8252,validation
8252,8253,test
8253,8254,train
8254,8255,train
8255,8256,train
8256,8257,train
8257,8258,test
8258,8259,train
8259,8260,train
8260,8261,train
8261,8262,test
8262,8263,train
8263,8264,train
8264,8265,train
8265,8266,train
8266,8267,test
8267,8268,validation
8268,8269,train
8269,8270,test
8270,8271,validation
8271,8272,train
8272,8273,validation
8273,8274,validation
8274,8275,train
8275,8276,train
8276,8277,validation
8277,8278,train
8278,8279,test
8279,8280,train
8280,8281,test
8281,8282,test
8282,8283,train
8283,8284,train
8284,8285,validation
8285,8286,train
8286,8287,test
8287,8288,train
8288,8289,test
8289,8290,test
8290,8291,validation
8291,8292,validation
8292,8293,train
8293,8294,validation
8294,8295,train
8295,8296,train
8296,8297,validation
8297,8298,train
8298,8299,train
8299,8300,train
8300,8301,validation
8301,8302,validation
8302,8303,train
8303,8304,train
8304,8305,test
8305,8306,test
8306,8307,train
8307,8308,train
8308,8309,train
8309,8310,train
8310,8311,validation
8311,8312,train
8312,8313,train
8313,8314,train
8314,8315,train
8315,8316,train
8316,8317,train
8317,8318,validation
8318,8319,test
8319,8320,train
8320,8321,train
8321,8322,validation
8322,8323,train
8323,8324,train
8324,8325,train
8325,8326,train
8326,8327,train
8327,8328,test
8328,8329,train
8329,8330,train
8330,8331,train
8331,8332,validation
8332,8333,train
8333,8334,train
8334,8335,train
8335,8336,train
8336,8337,train
8337,8338,validation
8338,8339,train
8339,8340,validation
8340,8341,train
8341,8342,test
8342,8343,train
8343,8344,train
8344,8345,train
8345,8346,train
8346,8347,validation
8347,8348,validation
8348,8349,test
8349,8350,validation
8350,8351,train
8351,8352,train
8352,8353,train
8353,8354,test
8354,8355,train
8355,8356,train
8356,8357,train
8357,8358,train
8358,8359,validation
8359,8360,train
8360,8361,train
8361,8362,train
8362,8363,test
8363,8364,validation
8364,8365,train
8365,8366,train
8366,8367,train
8367,8368,train
8368,8369,train
8369,8370,test
8370,8371,train
8371,8372,train
8372,8373,train
8373,8374,validation
8374,8375,train
8375,8376,validation
8376,8377,test
8377,8378,validation
8378,8379,validation
8379,8380,validation
8380,8381,train
8381,8382,train
8382,8383,train
8383,8384,train
8384,8385,train
8385,8386,test
8386,8387,train
8387,8388,validation
8388,8389,train
8389,8390,train
8390,8391,validation
8391,8392,train
8392,8393,train
8393,8394,train
8394,8395,train
8395,8396,validation
8396,8397,train
8397,8398,train
8398,8399,test
8399,8400,train
8400,8401,validation
8401,8402,train
8402,8403,validation
8403,8404,train
8404,8405,train
8405,8406,train
8406,8407,test
8407,8408,test
8408,8409,train
8409,8410,train
8410,8411,validation
8411,8412,train
8412,8413,test
8413,8414,train
8414,8415,validation
8415,8416,train
8416,8417,train
8417,8418,test
8418,8419,train
8419,8420,validation
8420,8421,test
8421,8422,train
8422,8423,validation
8423,8424,train
8424,8425,train
8425,8426,train
8426,8427,train
8427,8428,test
8428,8429,test
8429,8430,train
8430,8431,train
8431,8432,train
8432,8433,train
8433,8434,train
8434,8435,train
8435,8436,test
8436,8437,train
8437,8438,validation
8438,8439,test
8439,8440,train
8440,8441,train
8441,8442,train
8442,8443,validation
8443,8444,train
8444,8445,train
8445,8446,train
8446,8447,train
8447,8448,validation
8448,8449,train
8449,8450,train
8450,8451,train
8451,8452,train
8452,8453,test
8453,8454,train
8454,8455,train
8455,8456,validation
8456,8457,train
8457,8458,train
8458,8459,test
8459,8460,train
8460,8461,validation
8461,8462,train
8462,8463,validation
8463,8464,train
8464,8465,validation
8465,8466,test
8466,8467,train
8467,8468,train
8468,8469,validation
8469,8470,test
8470,8471,train
8471,8472,train
8472,8473,train
8473,8474,train
8474,8475,train
8475,8476,train
8476,8477,train
8477,8478,train
8478,8479,train
8479,8480,train
8480,8481,train
8481,8482,test
8482,8483,train
8483,8484,train
8484,8485,train
8485,8486,test
8486,8487,train
8487,8488,train
8488,8489,train
8489,8490,test
8490,8491,train
8491,8492,train
8492,8493,train
8493,8494,train
8494,8495,train
8495,8496,train
8496,8497,test
8497,8498,validation
8498,8499,train
8499,8500,train
8500,8501,train
8501,8502,train
8502,8503,test
8503,8504,train
8504,8505,validation
8505,8506,train
8506,8507,train
8507,8508,train
8508,8509,train
8509,8510,test
8510,8511,train
8511,8512,train
8512,8513,train
8513,8514,train
8514,8515,train
8515,8516,train
8516,8517,train
8517,8518,train
8518,8519,train
8519,8520,validation
8520,8521,validation
8521,8522,train
8522,8523,test
8523,8524,train
8524,8525,validation
8525,8526,train
8526,8527,train
8527,8528,train
8528,8529,train
8529,8530,train
8530,8531,train
8531,8532,train
8532,8533,train
8533,8534,train
8534,8535,train
8535,8536,train
8536,8537,train
8537,8538,test
8538,8539,test
8539,8540,train
8540,8541,validation
8541,8542,train
8542,8543,train
8543,8544,validation
8544,8545,validation
8545,8546,train
8546,8547,train
8547,8548,train
8548,8549,test
8549,8550,train
8550,8551,train
8551,8552,train
8552,8553,train
8553,8554,train
8554,8555,train
8555,8556,train
8556,8557,train
8557,8558,train
8558,8559,validation
8559,8560,validation
8560,8561,validation
8561,8562,train
8562,8563,train
8563,8564,test
8564,8565,train
8565,8566,test
8566,8567,train
8567,8568,validation
8568,8569,validation
8569,8570,test
8570,8571,validation
8571,8572,train
8572,8573,train
8573,8574,validation
8574,8575,train
8575,8576,test
8576,8577,train
8577,8578,test
8578,8579,validation
8579,8580,train
8580,8581,validation
8581,8582,train
8582,8583,train
8583,8584,validation
8584,8585,train
8585,8586,train
8586,8587,train
8587,8588,train
8588,8589,train
8589,8590,train
8590,8591,train
8591,8592,train
8592,8593,train
8593,8594,train
8594,8595,train
8595,8596,train
8596,8597,train
8597,8598,train
8598,8599,train
8599,8600,train
8600,8601,train
8601,8602,test
8602,8603,train
8603,8604,train
8604,8605,train
8605,8606,train
8606,8607,test
8607,8608,train
8608,8609,train
8609,8610,train
8610,8611,train
8611,8612,train
8612,8613,train
8613,8614,train
8614,8615,train
8615,8616,train
8616,8617,test
8617,8618,train
8618,8619,validation
8619,8620,train
8620,8621,train
8621,8622,validation
8622,8623,train
8623,8624,train
8624,8625,test
8625,8626,train
8626,8627,train
8627,8628,validation
8628,8629,train
8629,8630,train
8630,8631,test
8631,8632,train
8632,8633,train
8633,8634,train
8634,8635,train
8635,8636,test
8636,8637,validation
8637,8638,train
8638,8639,train
8639,8640,train
8640,8641,train
8641,8642,train
8642,8643,test
8643,8644,train
8644,8645,train
8645,8646,train
8646,8647,validation
8647,8648,train
8648,8649,train
8649,8650,train
8650,8651,train
8651,8652,test
8652,8653,train
8653,8654,test
8654,8655,train
8655,8656,train
8656,8657,train
8657,8658,train
8658,8659,validation
8659,8660,validation
8660,8661,train
8661,8662,train
8662,8663,train
8663,8664,train
8664,8665,validation
8665,8666,test
8666,8667,train
8667,8668,test
8668,8669,train
8669,8670,train
8670,8671,train
8671,8672,test
8672,8673,train
8673,8674,test
8674,8675,train
8675,8676,test
8676,8677,train
8677,8678,train
8678,8679,train
8679,8680,train
8680,8681,train
8681,8682,train
8682,8683,train
8683,8684,train
8684,8685,test
8685,8686,train
8686,8687,train
8687,8688,test
8688,8689,train
8689,8690,validation
8690,8691,validation
8691,8692,test
8692,8693,train
8693,8694,train
8694,8695,train
8695,8696,test
8696,8697,test
8697,8698,train
8698,8699,test
8699,8700,validation
8700,8701,train
8701,8702,train
8702,8703,train
8703,8704,train
8704,8705,train
8705,8706,test
8706,8707,test
8707,8708,train
8708,8709,test
8709,8710,train
8710,8711,test
8711,8712,train
8712,8713,train
8713,8714,train
8714,8715,test
8715,8716,train
8716,8717,test
8717,8718,train
8718,8719,validation
8719,8720,train
8720,8721,validation
8721,8722,test
8722,8723,train
8723,8724,validation
8724,8725,test
8725,8726,train
8726,8727,test
8727,8728,train
8728,8729,train
8729,8730,train
8730,8731,train
8731,8732,train
8732,8733,train
8733,8734,train
8734,8735,train
8735,8736,train
8736,8737,train
8737,8738,train
8738,8739,validation
8739,8740,train
8740,8741,train
8741,8742,train
8742,8743,train
8743,8744,validation
8744,8745,train
8745,8746,train
8746,8747,validation
8747,8748,train
8748,8749,validation
8749,8750,train
8750,8751,train
8751,8752,train
8752,8753,train
8753,8754,test
8754,8755,train
8755,8756,train
8756,8757,train
8757,8758,train
8758,8759,train
8759,8760,train
8760,8761,train
8761,8762,train
8762,8763,train
8763,8764,train
8764,8765,train
8765,8766,train
8766,8767,train
8767,8768,train
8768,8769,train
8769,8770,train
8770,8771,train
8771,8772,train
8772,8773,train
8773,8774,train
8774,8775,train
8775,8776,train
8776,8777,train
8777,8778,test
8778,8779,test
8779,8780,train
8780,8781,validation
8781,8782,train
8782,8783,train
8783,8784,train
8784,8785,validation
8785,8786,validation
8786,8787,test
8787,8788,train
8788,8789,train
8789,8790,train
8790,8791,train
8791,8792,validation
8792,8793,train
8793,8794,test
8794,8795,test
8795,8796,train
8796,8797,train
8797,8798,test
8798,8799,train
8799,8800,train
8800,8801,train
8801,8802,validation
8802,8803,train
8803,8804,train
8804,8805,train
8805,8806,train
8806,8807,validation
8807,8808,train
8808,8809,train
8809,8810,train
8810,8811,train
8811,8812,train
8812,8813,train
8813,8814,train
8814,8815,train
8815,8816,train
8816,8817,train
8817,8818,train
8818,8819,train
8819,8820,validation
8820,8821,train
8821,8822,train
8822,8823,test
8823,8824,test
8824,8825,train
8825,8826,train
8826,8827,train
8827,8828,train
8828,8829,validation
8829,8830,train
8830,8831,train
8831,8832,validation
8832,8833,train
8833,8834,test
8834,8835,validation
8835,8836,test
8836,8837,validation
8837,8838,train
8838,8839,train
8839,8840,train
8840,8841,train
8841,8842,train
8842,8843,train
8843,8844,train
8844,8845,train
8845,8846,train
8846,8847,train
8847,8848,test
8848,8849,test
8849,8850,train
8850,8851,test
8851,8852,train
8852,8853,train
8853,8854,test
8854,8855,train
8855,8856,train
8856,8857,test
8857,8858,train
8858,8859,test
8859,8860,test
8860,8861,train
8861,8862,train
8862,8863,train
8863,8864,train
8864,8865,validation
8865,8866,validation
8866,8867,train
8867,8868,validation
8868,8869,train
8869,8870,train
8870,8871,validation
8871,8872,train
8872,8873,validation
8873,8874,train
8874,8875,train
8875,8876,train
8876,8877,test
8877,8878,train
8878,8879,validation
8879,8880,train
8880,8881,validation
8881,8882,train
8882,8883,train
8883,8884,train
8884,8885,train
8885,8886,train
8886,8887,train
8887,8888,train
8888,8889,test
8889,8890,train
8890,8891,train
8891,8892,train
8892,8893,test
8893,8894,train
8894,8895,test
8895,8896,train
8896,8897,train
8897,8898,train
8898,8899,train
8899,8900,train
8900,8901,test
8901,8902,train
8902,8903,validation
8903,8904,validation
8904,8905,test
8905,8906,train
8906,8907,train
8907,8908,validation
8908,8909,test
8909,8910,train
8910,8911,test
8911,8912,train
8912,8913,train
8913,8914,train
8914,8915,train
8915,8916,test
8916,8917,train
8917,8918,train
8918,8919,train
8919,8920,train
8920,8921,train
8921,8922,validation
8922,8923,train
8923,8924,validation
8924,8925,train
8925,8926,train
8926,8927,validation
8927,8928,train
8928,8929,train
8929,8930,train
8930,8931,train
8931,8932,train
8932,8933,train
8933,8934,train
8934,8935,train
8935,8936,train
8936,8937,test
8937,8938,test
8938,8939,train
8939,8940,train
8940,8941,test
8941,8942,validation
8942,8943,train
8943,8944,train
8944,8945,train
8945,8946,train
8946,8947,validation
8947,8948,test
8948,8949,train
8949,8950,train
8950,8951,train
8951,8952,validation
8952,8953,train
8953,8954,train
8954,8955,train
8955,8956,train
8956,8957,validation
8957,8958,train
8958,8959,train
8959,8960,train
8960,8961,test
8961,8962,train
8962,8963,train
8963,8964,train
8964,8965,train
8965,8966,train
8966,8967,train
8967,8968,train
8968,8969,train
8969,8970,train
8970,8971,validation
8971,8972,validation
8972,8973,validation
8973,8974,train
8974,8975,test
8975,8976,train
8976,8977,test
8977,8978,train
8978,8979,train
8979,8980,train
8980,8981,train
8981,8982,train
8982,8983,train
8983,8984,train
8984,8985,train
8985,8986,train
8986,8987,train
8987,8988,validation
8988,8989,train
8989,8990,train
8990,8991,validation
8991,8992,train
8992,8993,train
8993,8994,train
8994,8995,train
8995,8996,train
8996,8997,train
8997,8998,train
8998,8999,train
8999,9000,test
9000,9001,train
9001,9002,train
9002,9003,validation
9003,9004,train
9004,9005,train
9005,9006,train
9006,9007,train
9007,9008,train
9008,9009,train
9009,9010,train
9010,9011,train
9011,9012,train
9012,9013,train
9013,9014,train
9014,9015,train
9015,9016,train
9016,9017,train
9017,9018,train
9018,9019,train
9019,9020,train
9020,9021,train
9021,9022,train
9022,9023,train
9023,9024,validation
9024,9025,validation
9025,9026,train
9026,9027,test
9027,9028,train
9028,9029,train
9029,9030,test
9030,9031,train
9031,9032,train
9032,9033,train
9033,9034,validation
9034,9035,validation
9035,9036,train
9036,9037,train
9037,9038,validation
9038,9039,train
9039,9040,train
9040,9041,train
9041,9042,train
9042,9043,train
9043,9044,train
9044,9045,validation
9045,9046,validation
9046,9047,train
9047,9048,validation
9048,9049,train
9049,9050,train
9050,9051,train
9051,9052,test
9052,9053,validation
9053,9054,test
9054,9055,train
9055,9056,train
9056,9057,train
9057,9058,validation
9058,9059,train
9059,9060,train
9060,9061,train
9061,9062,train
9062,9063,validation
9063,9064,train
9064,9065,train
9065,9066,train
9066,9067,train
9067,9068,validation
9068,9069,validation
9069,9070,train
9070,9071,train
9071,9072,train
9072,9073,train
9073,9074,test
9074,9075,train
9075,9076,train
9076,9077,test
9077,9078,train
9078,9079,test
9079,9080,train
9080,9081,validation
9081,9082,test
9082,9083,train
9083,9084,train
9084,9085,train
9085,9086,train
9086,9087,train
9087,9088,test
9088,9089,train
9089,9090,test
9090,9091,train
9091,9092,train
9092,9093,train
9093,9094,train
9094,9095,train
9095,9096,train
9096,9097,train
9097,9098,train
9098,9099,train
9099,9100,train
9100,9101,test
9101,9102,validation
9102,9103,validation
9103,9104,test
9104,9105,validation
9105,9106,test
9106,9107,test
9107,9108,train
9108,9109,train
9109,9110,validation
9110,9111,validation
9111,9112,validation
9112,9113,train
9113,9114,train
9114,9115,train
9115,9116,train
9116,9117,validation
9117,9118,train
9118,9119,train
9119,9120,train
9120,9121,test
9121,9122,train
9122,9123,validation
9123,9124,test
9124,9125,train
9125,9126,train
9126,9127,train
9127,9128,validation
9128,9129,train
9129,9130,test
9130,9131,train
9131,9132,validation
9132,9133,train
9133,9134,validation
9134,9135,train
9135,9136,test
9136,9137,train
9137,9138,train
9138,9139,test
9139,9140,train
9140,9141,test
9141,9142,validation
9142,9143,train
9143,9144,test
9144,9145,train
9145,9146,train
9146,9147,train
9147,9148,train
9148,9149,test
9149,9150,test
9150,9151,test
9151,9152,test
9152,9153,validation
9153,9154,train
9154,9155,train
9155,9156,validation
9156,9157,test
9157,9158,validation
9158,9159,train
9159,9160,train
9160,9161,train
9161,9162,train
9162,9163,train
9163,9164,train
9164,9165,validation
9165,9166,train
9166,9167,test
9167,9168,train
9168,9169,train
9169,9170,train
9170,9171,train
9171,9172,test
9172,9173,train
9173,9174,train
9174,9175,train
9175,9176,train
9176,9177,train
9177,9178,train
9178,9179,validation
9179,9180,train
9180,9181,test
9181,9182,test
9182,9183,train
9183,9184,train
9184,9185,train
9185,9186,train
9186,9187,train
9187,9188,train
9188,9189,train
9189,9190,train
9190,9191,train
9191,9192,test
9192,9193,train
9193,9194,train
9194,9195,train
9195,9196,validation
9196,9197,train
9197,9198,validation
9198,9199,train
9199,9200,train
9200,9201,train
9201,9202,test
9202,9203,train
9203,9204,train
9204,9205,test
9205,9206,train
9206,9207,train
9207,9208,train
9208,9209,test
9209,9210,train
9210,9211,train
9211,9212,test
9212,9213,validation
9213,9214,train
9214,9215,train
9215,9216,train
9216,9217,validation
9217,9218,train
9218,9219,train
9219,9220,validation
9220,9221,test
9221,9222,train
9222,9223,validation
9223,9224,validation
9224,9225,train
9225,9226,train
9226,9227,train
9227,9228,train
9228,9229,test
9229,9230,validation
9230,9231,train
9231,9232,train
9232,9233,train
9233,9234,train
9234,9235,train
9235,9236,validation
9236,9237,validation
9237,9238,train
9238,9239,train
9239,9240,train
9240,9241,train
9241,9242,validation
9242,9243,train
9243,9244,test
9244,9245,validation
9245,9246,train
9246,9247,validation
9247,9248,train
9248,9249,train
9249,9250,train
9250,9251,train
9251,9252,train
9252,9253,train
9253,9254,train
9254,9255,train
9255,9256,train
9256,9257,train
9257,9258,train
9258,9259,train
9259,9260,validation
9260,9261,train
9261,9262,train
9262,9263,train
9263,9264,test
9264,9265,test
9265,9266,train
9266,9267,test
9267,9268,validation
9268,9269,validation
9269,9270,train
9270,9271,train
9271,9272,test
9272,9273,train
9273,9274,validation
9274,9275,train
9275,9276,train
9276,9277,train
9277,9278,train
9278,9279,train
9279,9280,validation
9280,9281,train
9281,9282,train
9282,9283,train
9283,9284,train
9284,9285,train
9285,9286,validation
9286,9287,train
9287,9288,train
9288,9289,validation
9289,9290,test
9290,9291,train
9291,9292,train
9292,9293,validation
9293,9294,train
9294,9295,train
9295,9296,train
9296,9297,train
9297,9298,train
9298,9299,validation
9299,9300,train
9300,9301,train
9301,9302,train
9302,9303,train
9303,9304,train
9304,9305,train
9305,9306,train
9306,9307,train
9307,9308,validation
9308,9309,train
9309,9310,train
9310,9311,validation
9311,9312,train
9312,9313,train
9313,9314,train
9314,9315,validation
9315,9316,test
9316,9317,train
9317,9318,train
9318,9319,train
9319,9320,train
9320,9321,train
9321,9322,validation
9322,9323,validation
9323,9324,train
9324,9325,train
9325,9326,test
9326,9327,train
9327,9328,validation
9328,9329,train
9329,9330,validation
9330,9331,train
9331,9332,train
9332,9333,train
9333,9334,train
9334,9335,train
9335,9336,test
9336,9337,train
9337,9338,train
9338,9339,train
9339,9340,validation
9340,9341,train
9341,9342,train
9342,9343,train
9343,9344,train
9344,9345,train
9345,9346,train
9346,9347,train
9347,9348,validation
9348,9349,train
9349,9350,train
9350,9351,validation
9351,9352,train
9352,9353,train
9353,9354,train
9354,9355,train
9355,9356,train
9356,9357,test
9357,9358,train
9358,9359,train
9359,9360,validation
9360,9361,train
9361,9362,train
9362,9363,train
9363,9364,train
9364,9365,train
9365,9366,train
9366,9367,train
9367,9368,validation
9368,9369,train
9369,9370,train
9370,9371,train
9371,9372,train
9372,9373,train
9373,9374,train
9374,9375,train
9375,9376,test
9376,9377,test
9377,9378,train
9378,9379,validation
9379,9380,train
9380,9381,train
9381,9382,test
9382,9383,validation
9383,9384,validation
9384,9385,train
9385,9386,train
9386,9387,train
9387,9388,train
9388,9389,train
9389,9390,train
9390,9391,train
9391,9392,train
9392,9393,train
9393,9394,test
9394,9395,test
9395,9396,validation
9396,9397,validation
9397,9398,train
9398,9399,test
9399,9400,test
9400,9401,train
9401,9402,train
9402,9403,validation
9403,9404,validation
9404,9405,train
9405,9406,train
9406,9407,train
9407,9408,train
9408,9409,train
9409,9410,train
9410,9411,train
9411,9412,validation
9412,9413,train
9413,9414,validation
9414,9415,train
9415,9416,train
9416,9417,train
9417,9418,train
9418,9419,train
9419,9420,train
9420,9421,validation
9421,9422,train
9422,9423,train
9423,9424,train
9424,9425,train
9425,9426,train
9426,9427,train
9427,9428,validation
9428,9429,test
9429,9430,train
9430,9431,validation
9431,9432,test
9432,9433,train
9433,9434,test
9434,9435,train
9435,9436,validation
9436,9437,train
9437,9438,train
9438,9439,train
9439,9440,train
9440,9441,train
9441,9442,train
9442,9443,train
9443,9444,test
9444,9445,train
9445,9446,train
9446,9447,train
9447,9448,train
9448,9449,test
9449,9450,train
9450,9451,test
9451,9452,train
9452,9453,train
9453,9454,train
9454,9455,train
9455,9456,validation
9456,9457,train
9457,9458,validation
9458,9459,train
9459,9460,validation
9460,9461,train
9461,9462,test
9462,9463,train
9463,9464,train
9464,9465,train
9465,9466,validation
9466,9467,train
9467,9468,train
9468,9469,train
9469,9470,train
9470,9471,test
9471,9472,train
9472,9473,train
9473,9474,train
9474,9475,train
9475,9476,train
9476,9477,test
9477,9478,train
9478,9479,train
9479,9480,train
9480,9481,train
9481,9482,validation
9482,9483,train
9483,9484,train
9484,9485,train
9485,9486,train
9486,9487,validation
9487,9488,train
9488,9489,train
9489,9490,train
9490,9491,train
9491,9492,train
9492,9493,train
9493,9494,test
9494,9495,train
9495,9496,train
9496,9497,validation
9497,9498,train
9498,9499,train
9499,9500,train
9500,9501,train
9501,9502,train
9502,9503,train
9503,9504,train
9504,9505,train
9505,9506,validation
9506,9507,train
9507,9508,train
9508,9509,train
9509,9510,validation
9510,9511,validation
9511,9512,validation
9512,9513,train
9513,9514,train
9514,9515,train
9515,9516,validation
9516,9517,train
9517,9518,train
9518,9519,validation
9519,9520,train
9520,9521,test
9521,9522,test
9522,9523,train
9523,9524,train
9524,9525,train
9525,9526,train
9526,9527,train
9527,9528,train
9528,9529,train
9529,9530,test
9530,9531,train
9531,9532,test
9532,9533,train
9533,9534,test
9534,9535,train
9535,9536,train
9536,9537,train
9537,9538,train
9538,9539,validation
9539,9540,test
9540,9541,train
9541,9542,train
9542,9543,train
9543,9544,test
9544,9545,validation
9545,9546,train
9546,9547,train
9547,9548,train
9548,9549,train
9549,9550,train
9550,9551,train
9551,9552,validation
9552,9553,train
9553,9554,train
9554,9555,train
9555,9556,train
9556,9557,train
9557,9558,train
9558,9559,train
9559,9560,train
9560,9561,train
9561,9562,train
9562,9563,train
9563,9564,validation
9564,9565,train
9565,9566,train
9566,9567,train
9567,9568,train
9568,9569,test
9569,9570,train
9570,9571,validation
9571,9572,train
9572,9573,train
9573,9574,validation
9574,9575,test
9575,9576,train
9576,9577,test
9577,9578,train
9578,9579,train
9579,9580,train
9580,9581,train
9581,9582,validation
9582,9583,test
9583,9584,train
9584,9585,train
9585,9586,validation
9586,9587,validation
9587,9588,train
9588,9589,train
9589,9590,validation
9590,9591,train
9591,9592,train
9592,9593,validation
9593,9594,validation
9594,9595,validation
9595,9596,train
9596,9597,train
9597,9598,train
9598,9599,train
9599,9600,train
9600,9601,train
9601,9602,train
9602,9603,train
9603,9604,test
9604,9605,validation
9605,9606,train
9606,9607,train
9607,9608,train
9608,9609,train
9609,9610,train
9610,9611,train
9611,9612,train
9612,9613,train
9613,9614,validation
9614,9615,train
9615,9616,train
9616,9617,train
9617,9618,train
9618,9619,train
9619,9620,test
9620,9621,train
9621,9622,train
9622,9623,train
9623,9624,train
9624,9625,train
9625,9626,train
9626,9627,validation
9627,9628,validation
9628,9629,validation
9629,9630,train
9630,9631,train
9631,9632,train
9632,9633,train
9633,9634,train
9634,9635,train
9635,9636,train
9636,9637,train
9637,9638,test
9638,9639,train
9639,9640,train
9640,9641,train
9641,9642,train
9642,9643,train
9643,9644,test
9644,9645,train
9645,9646,train
9646,9647,train
9647,9648,train
9648,9649,train
9649,9650,train
9650,9651,validation
9651,9652,train
9652,9653,train
9653,9654,train
9654,9655,train
9655,9656,validation
9656,9657,train
9657,9658,train
9658,9659,train
9659,9660,train
9660,9661,train
9661,9662,train
9662,9663,train
9663,9664,train
9664,9665,train
9665,9666,train
9666,9667,train
9667,9668,train
9668,9669,train
9669,9670,test
9670,9671,train
9671,9672,test
9672,9673,train
9673,9674,train
9674,9675,train
9675,9676,train
9676,9677,train
9677,9678,train
9678,9679,train
9679,9680,train
9680,9681,train
9681,9682,validation
9682,9683,validation
9683,9684,test
9684,9685,train
9685,9686,train
9686,9687,train
9687,9688,validation
9688,9689,train
9689,9690,train
9690,9691,train
9691,9692,validation
9692,9693,test
9693,9694,validation
9694,9695,train
9695,9696,train
9696,9697,train
9697,9698,train
9698,9699,train
9699,9700,train
9700,9701,test
9701,9702,test
9702,9703,train
9703,9704,train
9704,9705,train
9705,9706,train
9706,9707,test
9707,9708,train
9708,9709,train
9709,9710,validation
9710,9711,test
9711,9712,validation
9712,9713,train
9713,9714,train
9714,9715,test
9715,9716,train
9716,9717,train
9717,9718,train
9718,9719,train
9719,9720,train
9720,9721,train
9721,9722,train
9722,9723,train
9723,9724,train
9724,9725,train
9725,9726,train
9726,9727,train
9727,9728,train
9728,9729,test
9729,9730,train
9730,9731,train
9731,9732,train
9732,9733,train
9733,9734,train
9734,9735,train
9735,9736,train
9736,9737,train
9737,9738,test
9738,9739,train
9739,9740,train
9740,9741,train
9741,9742,test
9742,9743,train
9743,9744,train
9744,9745,test
9745,9746,train
9746,9747,test
9747,9748,train
9748,9749,train
9749,9750,train
9750,9751,train
9751,9752,train
9752,9753,train
9753,9754,validation
9754,9755,train
9755,9756,train
9756,9757,train
9757,9758,validation
9758,9759,train
9759,9760,validation
9760,9761,train
9761,9762,train
9762,9763,train
9763,9764,test
9764,9765,validation
9765,9766,test
9766,9767,train
9767,9768,train
9768,9769,train
9769,9770,train
9770,9771,train
9771,9772,test
9772,9773,train
9773,9774,validation
9774,9775,validation
9775,9776,train
9776,9777,test
9777,9778,train
9778,9779,train
9779,9780,train
9780,9781,train
9781,9782,train
9782,9783,test
9783,9784,train
9784,9785,test
9785,9786,validation
9786,9787,train
9787,9788,train
9788,9789,test
9789,9790,train
9790,9791,train
9791,9792,train
9792,9793,validation
9793,9794,validation
9794,9795,test
9795,9796,train
9796,9797,train
9797,9798,validation
9798,9799,validation
9799,9800,train
9800,9801,train
9801,9802,test
9802,9803,train
9803,9804,train
9804,9805,train
9805,9806,train
9806,9807,train
9807,9808,train
9808,9809,train
9809,9810,train
9810,9811,train
9811,9812,train
9812,9813,test
9813,9814,train
9814,9815,train
9815,9816,train
9816,9817,train
9817,9818,validation
9818,9819,test
9819,9820,train
9820,9821,train
9821,9822,validation
9822,9823,train
9823,9824,train
9824,9825,validation
9825,9826,train
9826,9827,test
9827,9828,train
9828,9829,train
9829,9830,train
9830,9831,test
9831,9832,test
9832,9833,train
9833,9834,train
9834,9835,train
9835,9836,train
9836,9837,validation
9837,9838,train
9838,9839,test
9839,9840,train
9840,9841,validation
9841,9842,validation
9842,9843,train
9843,9844,train
9844,9845,validation
9845,9846,train
9846,9847,train
9847,9848,validation
9848,9849,train
9849,9850,test
9850,9851,train
9851,9852,test
9852,9853,train
9853,9854,train
9854,9855,train
9855,9856,train
9856,9857,validation
9857,9858,validation
9858,9859,train
9859,9860,train
9860,9861,test
9861,9862,validation
9862,9863,train
9863,9864,validation
9864,9865,train
9865,9866,train
9866,9867,train
9867,9868,test
9868,9869,train
9869,9870,train
9870,9871,train
9871,9872,train
9872,9873,train
9873,9874,train
9874,9875,train
9875,9876,train
9876,9877,train
9877,9878,train
9878,9879,train
9879,9880,train
9880,9881,train
9881,9882,validation
9882,9883,train
9883,9884,train
9884,9885,train
9885,9886,train
9886,9887,train
9887,9888,train
9888,9889,train
9889,9890,train
9890,9891,validation
9891,9892,train
9892,9893,train
9893,9894,train
9894,9895,validation
9895,9896,validation
9896,9897,test
9897,9898,train
9898,9899,train
9899,9900,train
9900,9901,train
9901,9902,train
9902,9903,test
9903,9904,validation
9904,9905,validation
9905,9906,train
9906,9907,train
9907,9908,train
9908,9909,train
9909,9910,train
9910,9911,train
9911,9912,train
9912,9913,validation
9913,9914,test
9914,9915,validation
9915,9916,test
9916,9917,validation
9917,9918,test
9918,9919,train
9919,9920,train
9920,9921,train
9921,9922,train
9922,9923,train
9923,9924,train
9924,9925,train
9925,9926,validation
9926,9927,validation
9927,9928,test
9928,9929,train
9929,9930,train
9930,9931,train
9931,9932,train
9932,9933,test
9933,9934,train
9934,9935,validation
9935,9936,train
9936,9937,train
9937,9938,train
9938,9939,train
9939,9940,train
9940,9941,train
9941,9942,train
9942,9943,validation
9943,9944,train
9944,9945,train
9945,9946,train
9946,9947,test
9947,9948,train
9948,9949,train
9949,9950,train
9950,9951,train
9951,9952,train
9952,9953,train
9953,9954,train
9954,9955,train
9955,9956,train
9956,9957,validation
9957,9958,train
9958,9959,test
9959,9960,train
9960,9961,validation
9961,9962,validation
9962,9963,train
9963,9964,validation
9964,9965,train
9965,9966,train
9966,9967,train
9967,9968,train
9968,9969,train
9969,9970,train
9970,9971,train
9971,9972,train
9972,9973,validation
9973,9974,validation
9974,9975,validation
9975,9976,train
9976,9977,train
9977,9978,validation
9978,9979,train
9979,9980,train
9980,9981,validation
9981,9982,train
9982,9983,validation
9983,9984,train
9984,9985,train
9985,9986,train
9986,9987,train
9987,9988,test
9988,9989,train
9989,9990,train
9990,9991,train
9991,9992,train
9992,9993,train
9993,9994,train
9994,9995,train
9995,9996,train
9996,9997,train
9997,9998,train
9998,9999,train
9999,10000,train
10000,10001,validation
10001,10002,train
10002,10003,validation
10003,10004,train
10004,10005,train
10005,10006,train
10006,10007,train
10007,10008,train
10008,10009,validation
10009,10010,validation
10010,10011,train
10011,10012,train
10012,10013,train
10013,10014,train
10014,10015,test
10015,10016,train
10016,10017,test
10017,10018,train
10018,10019,train
10019,10020,train
10020,10021,train
10021,10022,train
10022,10023,test
10023,10024,validation
10024,10025,train
10025,10026,validation
10026,10027,test
10027,10028,train
10028,10029,train
10029,10030,validation
10030,10031,train
10031,10032,train
10032,10033,test
10033,10034,train
10034,10035,train
10035,10036,train
10036,10037,train
10037,10038,train
10038,10039,train
10039,10040,train
10040,10041,validation
10041,10042,train
10042,10043,validation
10043,10044,validation
10044,10045,validation
10045,10046,train
10046,10047,train
10047,10048,train
10048,10049,train
10049,10050,train
10050,10051,train
10051,10052,train
10052,10053,validation
10053,10054,train
10054,10055,validation
10055,10056,validation
10056,10057,train
10057,10058,train
10058,10059,validation
10059,10060,train
10060,10061,train
10061,10062,train
10062,10063,train
10063,10064,train
10064,10065,train
10065,10066,train
10066,10067,train
10067,10068,test
10068,10069,train
10069,10070,train
10070,10071,train
10071,10072,train
10072,10073,train
10073,10074,train
10074,10075,validation
10075,10076,train
10076,10077,train
10077,10078,train
10078,10079,test
10079,10080,train
10080,10081,train
10081,10082,train
10082,10083,train
10083,10084,validation
10084,10085,train
10085,10086,validation
10086,10087,train
10087,10088,test
10088,10089,train
10089,10090,test
10090,10091,test
10091,10092,train
10092,10093,train
10093,10094,train
10094,10095,train
10095,10096,test
10096,10097,train
10097,10098,train
10098,10099,test
10099,10100,train
10100,10101,test
10101,10102,test
10102,10103,train
10103,10104,train
10104,10105,train
10105,10106,train
10106,10107,train
10107,10108,train
10108,10109,train
10109,10110,train
10110,10111,train
10111,10112,train
10112,10113,train
10113,10114,train
10114,10115,test
10115,10116,test
10116,10117,train
10117,10118,test
10118,10119,test
10119,10120,test
10120,10121,train
10121,10122,validation
10122,10123,train
10123,10124,train
10124,10125,train
10125,10126,train
10126,10127,train
10127,10128,train
10128,10129,test
10129,10130,train
10130,10131,train
10131,10132,train
10132,10133,validation
10133,10134,train
10134,10135,train
10135,10136,train
10136,10137,train
10137,10138,train
10138,10139,train
10139,10140,test
10140,10141,train
10141,10142,train
10142,10143,train
10143,10144,train
10144,10145,train
10145,10146,validation
10146,10147,train
10147,10148,train
10148,10149,train
10149,10150,train
10150,10151,validation
10151,10152,train
10152,10153,test
10153,10154,train
10154,10155,test
10155,10156,validation
10156,10157,train
10157,10158,test
10158,10159,validation
10159,10160,test
10160,10161,train
10161,10162,train
10162,10163,train
10163,10164,train
10164,10165,train
10165,10166,train
10166,10167,train
10167,10168,train
10168,10169,train
10169,10170,train
10170,10171,train
10171,10172,validation
10172,10173,train
10173,10174,validation
10174,10175,validation
10175,10176,train
10176,10177,test
10177,10178,validation
10178,10179,train
10179,10180,validation
10180,10181,validation
10181,10182,train
10182,10183,train
10183,10184,test
10184,10185,train
10185,10186,train
10186,10187,train
10187,10188,train
10188,10189,train
10189,10190,train
10190,10191,train
10191,10192,test
10192,10193,train
10193,10194,validation
10194,10195,train
10195,10196,validation
10196,10197,train
10197,10198,validation
10198,10199,test
10199,10200,train
10200,10201,train
10201,10202,train
10202,10203,train
10203,10204,train
10204,10205,validation
10205,10206,validation
10206,10207,validation
10207,10208,train
10208,10209,train
10209,10210,train
10210,10211,validation
10211,10212,train
10212,10213,test
10213,10214,validation
10214,10215,train
10215,10216,test
10216,10217,train
10217,10218,train
10218,10219,test
10219,10220,train
10220,10221,train
10221,10222,test
10222,10223,validation
10223,10224,train
10224,10225,test
10225,10226,validation
10226,10227,train
10227,10228,validation
10228,10229,train
10229,10230,train
10230,10231,train
10231,10232,train
10232,10233,train
10233,10234,train
10234,10235,test
10235,10236,train
10236,10237,validation
10237,10238,validation
10238,10239,train
10239,10240,train
10240,10241,train
10241,10242,train
10242,10243,train
10243,10244,train
10244,10245,train
10245,10246,train
10246,10247,train
10247,10248,validation
10248,10249,test
10249,10250,train
10250,10251,validation
10251,10252,train
10252,10253,test
10253,10254,train
10254,10255,train
10255,10256,test
10256,10257,train
10257,10258,validation
10258,10259,train
10259,10260,train
10260,10261,train
10261,10262,train
10262,10263,train
10263,10264,train
10264,10265,train
10265,10266,train
10266,10267,train
10267,10268,train
10268,10269,train
10269,10270,train
10270,10271,validation
10271,10272,validation
10272,10273,test
10273,10274,train
10274,10275,test
10275,10276,train
10276,10277,validation
10277,10278,train
10278,10279,train
10279,10280,train
10280,10281,validation
10281,10282,validation
10282,10283,train
10283,10284,train
10284,10285,train
10285,10286,train
10286,10287,train
10287,10288,train
10288,10289,train
10289,10290,train
10290,10291,train
10291,10292,train
10292,10293,train
10293,10294,validation
10294,10295,train
10295,10296,train
10296,10297,train
10297,10298,train
10298,10299,train
10299,10300,train
10300,10301,train
10301,10302,validation
10302,10303,train
10303,10304,train
10304,10305,train
10305,10306,train
10306,10307,train
10307,10308,train
10308,10309,train
10309,10310,train
10310,10311,train
10311,10312,train
10312,10313,train
10313,10314,test
10314,10315,train
10315,10316,validation
10316,10317,train
10317,10318,train
10318,10319,train
10319,10320,train
10320,10321,train
10321,10322,validation
10322,10323,train
10323,10324,validation
10324,10325,train
10325,10326,train
10326,10327,validation
10327,10328,train
10328,10329,train
10329,10330,test
10330,10331,test
10331,10332,train
10332,10333,test
10333,10334,train
10334,10335,test
10335,10336,train
10336,10337,train
10337,10338,train
10338,10339,test
10339,10340,train
10340,10341,validation
10341,10342,train
10342,10343,test
10343,10344,validation
10344,10345,test
10345,10346,train
10346,10347,train
10347,10348,train
10348,10349,test
10349,10350,train
10350,10351,train
10351,10352,train
10352,10353,validation
10353,10354,train
10354,10355,train
10355,10356,validation
10356,10357,train
10357,10358,train
10358,10359,test
10359,10360,train
10360,10361,train
10361,10362,train
10362,10363,train
10363,10364,test
10364,10365,test
10365,10366,train
10366,10367,train
10367,10368,test
10368,10369,validation
10369,10370,train
10370,10371,train
10371,10372,validation
10372,10373,validation
10373,10374,train
10374,10375,train
10375,10376,test
10376,10377,train
10377,10378,train
10378,10379,train
10379,10380,test
10380,10381,train
10381,10382,train
10382,10383,train
10383,10384,train
10384,10385,train
10385,10386,train
10386,10387,train
10387,10388,train
10388,10389,validation
10389,10390,train
10390,10391,train
10391,10392,train
10392,10393,train
10393,10394,test
10394,10395,test
10395,10396,train
10396,10397,train
10397,10398,train
10398,10399,train
10399,10400,train
10400,10401,train
10401,10402,train
10402,10403,validation
10403,10404,train
10404,10405,train
10405,10406,validation
10406,10407,test
10407,10408,train
10408,10409,train
10409,10410,train
10410,10411,validation
10411,10412,train
10412,10413,train
10413,10414,train
10414,10415,train
10415,10416,train
10416,10417,train
10417,10418,train
10418,10419,train
10419,10420,train
10420,10421,validation
10421,10422,train
10422,10423,train
10423,10424,train
10424,10425,test
10425,10426,train
10426,10427,train
10427,10428,validation
10428,10429,test
10429,10430,test
10430,10431,train
10431,10432,validation
10432,10433,train
10433,10434,train
10434,10435,train
10435,10436,train
10436,10437,train
10437,10438,test
10438,10439,train
10439,10440,train
10440,10441,train
10441,10442,train
10442,10443,train
10443,10444,test
10444,10445,train
10445,10446,train
10446,10447,train
10447,10448,train
10448,10449,train
10449,10450,train
10450,10451,validation
10451,10452,train
10452,10453,test
10453,10454,train
10454,10455,train
10455,10456,train
10456,10457,test
10457,10458,train
10458,10459,train
10459,10460,train
10460,10461,train
10461,10462,train
10462,10463,train
10463,10464,train
10464,10465,validation
10465,10466,train
10466,10467,train
10467,10468,train
10468,10469,train
10469,10470,train
10470,10471,train
10471,10472,train
10472,10473,train
10473,10474,train
10474,10475,train
10475,10476,train
10476,10477,train
10477,10478,train
10478,10479,test
10479,10480,train
10480,10481,train
10481,10482,train
10482,10483,train
10483,10484,test
10484,10485,train
10485,10486,validation
10486,10487,test
10487,10488,train
10488,10489,train
10489,10490,train
10490,10491,train
10491,10492,train
10492,10493,train
10493,10494,train
10494,10495,validation
10495,10496,train
10496,10497,test
10497,10498,train
10498,10499,validation
10499,10500,train
10500,10501,train
10501,10502,train
10502,10503,train
10503,10504,train
10504,10505,validation
10505,10506,train
10506,10507,train
10507,10508,train
10508,10509,validation
10509,10510,train
10510,10511,train
10511,10512,train
10512,10513,train
10513,10514,train
10514,10515,test
10515,10516,validation
10516,10517,train
10517,10518,train
10518,10519,train
10519,10520,train
10520,10521,train
10521,10522,train
10522,10523,test
10523,10524,train
10524,10525,validation
10525,10526,train
