example_id,time_min,CFD_temperature_C,predicted_temperature_C,heating_stage_duration_min
1,0.0,20.0,20.034271240234375,11.066667079925537
1,0.016666667289044482,20.0,20.056198970381036,11.066667079925537
1,0.033333334578088965,20.0,20.078126700527697,11.066667079925537
1,0.05000000186713345,20.0,20.10005443067436,11.066667079925537
1,0.06666666915617793,20.0,20.135428348219538,11.066667079925537
1,0.08333333644522241,20.0,20.177627224520027,11.066667079925537
1,0.1000000037342669,20.0,20.21982610082052,11.066667079925537
1,0.11666667102331138,20.0,20.246569219842016,11.066667079925537
1,0.13333333831235586,20.000027,20.241449700780663,11.066667079925537
1,0.15000000560140034,20.000113,20.23633018171931,11.066667079925537
1,0.16666667289044482,20.000196,20.231210662657958,11.066667079925537
1,0.1833333401794893,20.000282,20.22025007799447,11.066667079925537
1,0.2000000074685338,20.000368,20.209230193172594,11.066667079925537
1,0.21666667475757828,20.000452,20.198210308350713,11.066667079925537
1,0.23333334204662276,20.000538,20.189270410193018,11.066667079925537
1,0.25000000933566724,20.000622,20.181434504957085,11.066667079925537
1,0.2666666766247117,20.000837,20.17359859972115,11.066667079925537
1,0.2833333439137562,20.001127,20.16688904130315,11.066667079925537
1,0.3000000112028007,20.001415,20.162610961730223,11.066667079925537
1,0.31666667849184515,20.001705,20.158332882157293,11.066667079925537
1,0.33333334578088963,20.001993,20.154054802584362,11.066667079925537
1,0.3500000130699341,20.002283,20.152979603732923,11.066667079925537
1,0.3666666803589786,20.002682,20.151970104998853,11.066667079925537
1,0.38333334764802307,20.00337,20.150960606264782,11.066667079925537
1,0.4000000149370676,20.004059,20.150507042206915,11.066667079925537
1,0.4166666822261121,20.004747,20.150361848164753,11.066667079925537
1,0.43333334951515656,20.005434,20.150216654122595,11.066667079925537
1,0.45000001680420104,20.006123,20.15006024578968,11.066667079925537
1,0.4666666840932455,20.006811,20.149878467421935,11.066667079925537
1,0.48333335138229,20.008043,20.149696689054192,11.066667079925537
1,0.5000000186713345,20.009323,20.149514910686445,11.066667079925537
1,0.5166666859603789,20.010601,20.149254408227392,11.066667079925537
1,0.5333333532494234,20.01188,20.14899145838726,11.066667079925537
1,0.550000020538468,20.01316,20.148728508547126,11.066667079925537
1,0.5666666878275124,20.01444,20.148040645093804,11.066667079925537
1,0.5833333551165569,20.01586,20.14710660153125,11.066667079925537
1,0.6000000224056014,20.017447,20.14617255796869,11.066667079925537
1,0.6166666896946459,20.019106,20.14529037475586,11.066667079925537
1,0.6333333569836903,20.020838,20.14453125,11.066667079925537
1,0.6500000242727348,20.022642,20.14377212524414,11.066667079925537
1,0.6666666915617793,20.024519,20.14301300048828,11.066667079925537
1,0.6833333588508238,20.02649,20.14197735614087,11.066667079925537
1,0.7000000261398682,20.028637,20.140930129821044,11.066667079925537
1,0.7166666934289128,20.030888,20.139882903501213,11.066667079925537
1,0.7333333607179572,20.033245,20.139139152434936,11.066667079925537
1,0.7500000280070017,20.035706,20.138578954949438,11.066667079925537
1,0.7666666952960461,20.038273,20.13801875746394,11.066667079925537
1,0.7833333625850907,20.040943,20.137350496039332,11.066667079925537
1,0.8000000298741352,20.043758,20.136413022696253,11.066667079925537
1,0.8166666971631796,20.046698,20.135475549353174,11.066667079925537
1,0.8333333644522242,20.049753,20.134538076010095,11.066667079925537
1,0.8500000317412686,20.052927,20.133865540286145,11.066667079925537
1,0.8666666990303131,20.056217,20.13320702242564,11.066667079925537
1,0.8833333663193575,20.059628,20.132548504565136,11.066667079925537
1,0.9000000336084021,20.063164,20.131803075951265,11.066667079925537
1,0.9166667008974465,20.066832,20.131002793829126,11.066667079925537
1,0.933333368186491,20.070623,20.130202511706983,11.066667079925537
1,0.9500000354755355,20.074537,20.12897471347487,11.066667079925537
1,0.96666670276458,20.078577,20.12662760033665,11.066667079925537
1,0.9833333700536244,20.082739,20.124280487198426,11.066667079925537
1,1.000000037342669,20.087042,20.121933374060205,11.066667079925537
1,1.0166667046317135,20.09162,20.11838194835617,11.066667079925537
1,1.0333333719207578,20.096367,20.114753240562347,11.066667079925537
1,1.0500000392098023,20.101282,20.111124532768525,11.066667079925537
1,1.0666667064988469,20.106363,20.106818141707453,11.066667079925537
1,1.0833333737878914,20.111614,20.10206560916211,11.066667079925537
1,1.100000041076936,20.117033,20.09731307661677,11.066667079925537
1,1.1166667083659803,20.1233,20.092643973339033,11.066667079925537
1,1.1333333756550248,20.130165,20.0882046940815,11.066667079925537
1,1.1500000429440693,20.137447,20.08376541482397,11.066667079925537
1,1.1666667102331139,20.145147,20.079326135566436,11.066667079925537
1,1.1833333775221582,20.153265,20.077056091952038,11.066667079925537
1,1.2000000448112027,20.161802,20.074950206710632,11.066667079925537
1,1.2166667121002472,20.17091,20.072844321469226,11.066667079925537
1,1.2333333793892918,20.180744,20.0742961240102,11.066667079925537
1,1.250000046678336,20.191841,20.078190068164503,11.066667079925537
1,1.2666667139673806,20.204317,20.082084012318806,11.066667079925537
1,1.2833333812564252,20.218071,20.08878398228841,11.066667079925537
1,1.3000000485454697,20.233662,20.10362692913377,11.066667079925537
1,1.316666715834514,20.251226,20.118469875979137,11.066667079925537
1,1.3333333831235585,20.27053,20.1333128228245,11.066667079925537
1,1.350000050412603,20.29384,20.164905714701458,11.066667079925537
1,1.3666667177016476,20.320843,20.197963082646748,11.066667079925537
1,1.3833333849906921,20.35339,20.23102045059204,11.066667079925537
1,1.4000000522797365,20.39697,20.27944553329284,11.066667079925537
1,1.416666719568781,20.448109,20.338866480861803,11.066667079925537
1,1.4333333868578255,20.499247,20.398287428430763,11.066667079925537
1,1.45000005414687,20.573254,20.46663916254618,11.066667079925537
1,1.4666667214359144,20.649961,20.562330039150744,11.066667079925537
1,1.483333388724959,20.728075,20.658020915755305,11.066667079925537
1,1.5000000560140034,20.820093,20.75371179235987,11.066667079925537
1,1.516666723303048,20.922453,20.894093329647937,11.066667079925537
1,1.5333333905920923,21.037613,21.0389192420316,11.066667079925537
1,1.5500000578811368,21.170004,21.183745154415266,11.066667079925537
1,1.5666667251701814,21.321692,21.364766592002777,11.066667079925537
1,1.5833333924592259,21.490158,21.572775921189642,11.066667079925537
1,1.6000000597482704,21.67707,21.780785250376507,11.066667079925537
1,1.6166667270373147,21.89427,22.006994752998807,11.066667079925537
1,1.6333333943263593,22.122398,22.2920643909868,11.066667079925537
1,1.6500000616154038,22.38508,22.577134028974786,11.066667079925537
1,1.6666667289044483,22.658606,22.862203666962774,11.066667079925537
1,1.6833333961934926,22.965265,23.23048508310892,11.066667079925537
1,1.7000000634825372,23.283987,23.608063904635877,11.066667079925537
1,1.7166667307715817,23.643967,23.98564272616283,11.066667079925537
1,1.7333333980606263,24.020224,24.42264285719538,11.066667079925537
1,1.7500000653496706,24.4263,24.90580061257603,11.066667079925537
1,1.766666732638715,24.862492,25.388958367956686,11.066667079925537
1,1.7833333999277596,25.315922,25.888434812247034,11.066667079925537
1,1.8000000672168042,25.813541,26.44375743636166,11.066667079925537
1,1.8166667345058485,26.323757,26.999080060476278,11.066667079925537
1,1.833333401794893,26.86839,27.554402684590904,11.066667079925537
1,1.8500000690839375,27.440718,28.17543237180595,11.066667079925537
1,1.866666736372982,28.032063,28.804629038615403,11.066667079925537
1,1.8833334036620266,28.65956,29.43382570542485,11.066667079925537
1,1.900000070951071,29.30874,30.100377105804807,11.066667079925537
1,1.9166667382401155,29.975304,30.797151881528187,11.066667079925537
1,1.93333340552916,30.676807,31.493926657251567,11.066667079925537
1,1.9500000728182045,31.390705,32.203176509903145,11.066667079925537
1,1.9666667401072488,32.118332,32.95768478117793,11.066667079925537
1,1.9833334073962934,32.901108,33.71219305245273,11.066667079925537
1,2.000000074685338,33.68809,34.466701323727534,11.066667079925537
1,2.0166667419743822,34.47508,35.26125989477318,11.066667079925537
1,2.033333409263427,35.274136,36.06131107835885,11.066667079925537
1,2.0500000765524713,36.09169,36.8613622619445,11.066667079925537
1,2.0666667438415156,36.921787,37.67964884746504,11.066667079925537
1,2.0833334111305604,37.761906,38.513300447578885,11.066667079925537
1,2.1000000784196047,38.612427,39.34695204769271,11.066667079925537
1,2.1166667457086494,39.47088,40.18504698879748,11.066667079925537
1,2.1333334129976937,40.33286,41.040265048842826,11.066667079925537
1,2.150000080286738,41.205322,41.89548310888818,11.066667079925537
1,2.166666747575783,42.081814,42.75070116893355,11.066667079925537
1,2.183333414864827,42.960358,43.6149348006191,11.066667079925537
1,2.200000082153872,43.841995,44.48052337370724,11.066667079925537
1,2.216666749442916,44.723667,45.34611194679537,11.066667079925537
1,2.2333334167319605,45.605713,46.212215101862526,11.066667079925537
1,2.2500000840210053,46.48776,47.078769729798104,11.066667079925537
1,2.2666667513100496,47.367058,47.94532435773366,11.066667079925537
1,2.283333418599094,48.245445,48.81034868309295,11.066667079925537
1,2.3000000858881386,49.119984,49.669094844036785,11.066667079925537
1,2.316666753177183,49.989338,50.5278410049806,11.066667079925537
1,2.3333334204662277,50.858696,51.386587165924446,11.066667079925537
1,2.350000087755272,51.719196,52.23323802488395,11.066667079925537
1,2.3666667550443163,52.575603,53.07790836655949,11.066667079925537
1,2.383333422333361,53.432014,53.922578708235044,11.066667079925537
1,2.4000000896224054,54.273163,54.757001624049906,11.066667079925537
1,2.41666675691145,55.11337,55.58206391047284,11.066667079925537
1,2.4333334242004945,55.94982,56.407126196895746,11.066667079925537
1,2.450000091489539,56.771206,57.22775605787714,11.066667079925537
1,2.4666667587785835,57.59259,58.02897908314166,11.066667079925537
1,2.483333426067628,58.404385,58.830202108406155,11.066667079925537
1,2.500000093356672,59.204784,59.631425133670646,11.066667079925537
1,2.516666760645717,60.005184,60.4102754937597,11.066667079925537
1,2.5333334279347612,60.789574,61.1851543748235,11.066667079925537
1,2.550000095223806,61.567574,61.96003325588732,11.066667079925537
1,2.5666667625128503,62.345573,62.72006308314312,11.066667079925537
1,2.5833334298018946,63.100647,63.46597175138541,11.066667079925537
1,2.6000000970909394,63.855072,64.21188041962773,11.066667079925537
1,2.6166667643799837,64.598206,64.95248269460286,11.066667079925537
1,2.633333431669028,65.303535,65.66822072684046,11.066667079925537
1,2.6500000989580728,66.00887,66.38395875907807,11.066667079925537
1,2.666666766247117,66.71421,67.09969679131565,11.066667079925537
1,2.683333433536162,67.41954,67.78951323176005,11.066667079925537
1,2.700000100825206,68.12488,68.47436266060336,11.066667079925537
1,2.7166667681142505,68.79353,69.15921208944665,11.066667079925537
1,2.733333435403295,69.44965,69.82851317991694,11.066667079925537
1,2.7500001026923395,70.10577,70.48242141539792,11.066667079925537
1,2.7666667699813843,70.76189,71.1363296508789,11.066667079925537
1,2.7833334372704286,71.41801,71.78520476099956,11.066667079925537
1,2.800000104559473,72.0616,72.40876172536827,11.066667079925537
1,2.8166667718485177,72.66963,73.03231868973698,11.066667079925537
1,2.833333439137562,73.27767,73.65587565410567,11.066667079925537
1,2.8500001064266063,73.885704,74.2541911573295,11.066667079925537
1,2.866666773715651,74.493744,74.84730538977198,11.066667079925537
1,2.8833334410046954,75.101776,75.44041962221443,11.066667079925537
1,2.90000010829374,75.6741,76.01918829492776,11.066667079925537
1,2.9166667755827844,76.236115,76.58317225812429,11.066667079925537
1,2.9333334428718287,76.79813,77.14715622132083,11.066667079925537
1,2.9500001101608735,77.36014,77.70663756634816,11.066667079925537
1,2.966666777449918,77.92215,78.24171762581331,11.066667079925537
1,2.9833334447389626,78.47152,78.77679768527847,11.066667079925537
1,3.000000112028007,78.99015,79.31187774474361,11.066667079925537
1,3.016666779317051,79.50877,79.82472299093223,11.066667079925537
1,3.033333446606096,80.0274,80.33265748081438,11.066667079925537
1,3.0500001138951403,80.54603,80.84059197069651,11.066667079925537
1,3.0666667811841846,81.06465,81.33615029576312,11.066667079925537
1,3.0833334484732293,81.550674,81.81843002732978,11.066667079925537
1,3.1000001157622736,82.028885,82.30070975889642,11.066667079925537
1,3.1166667830513184,82.507095,82.77935481933227,11.066667079925537
1,3.1333334503403627,82.985306,83.2366931869323,11.066667079925537
1,3.150000117629407,83.46352,83.69403155453233,11.066667079925537
1,3.1666667849184518,83.92969,84.15136992213239,11.066667079925537
1,3.183333452207496,84.37051,84.59013900986636,11.066667079925537
1,3.200000119496541,84.811325,85.02452528620341,11.066667079925537
1,3.216666786785585,85.25215,85.45891156254044,11.066667079925537
1,3.2333334540746295,85.69297,85.88306098386465,11.066667079925537
1,3.250000121363674,86.13379,86.29577562033411,11.066667079925537
1,3.2666667886527185,86.5458,86.70849025680357,11.066667079925537
1,3.283333455941763,86.9522,87.11852728602398,11.066667079925537
1,3.3000001232308076,87.358604,87.51150696536145,11.066667079925537
1,3.316666790519852,87.76501,87.9044866446989,11.066667079925537
1,3.3333334578088967,88.17141,88.29746632403638,11.066667079925537
1,3.350000125097941,88.56888,88.67553652338235,11.066667079925537
1,3.3666667923869853,88.94993,89.04985591015183,11.066667079925537
1,3.38333345967603,89.330986,89.42417529692133,11.066667079925537
1,3.4000001269650744,89.71204,89.7903857863093,11.066667079925537
1,3.4166667942541187,90.093094,90.1471652754818,11.066667079925537
1,3.4333334615431634,90.47415,90.50394476465432,11.066667079925537
1,3.4500001288322077,90.81962,90.85873791108648,11.066667079925537
1,3.4666667961212525,91.15967,91.19970611204583,11.066667079925537
1,3.483333463410297,91.49972,91.54067431300518,11.066667079925537
1,3.500000130699341,91.839775,91.88164251396454,11.066667079925537
1,3.516666797988386,92.179825,92.21017797309231,11.066667079925537
1,3.53333346527743,92.51988,92.53538747580654,11.066667079925537
1,3.550000132566475,92.85111,92.86059697852077,11.066667079925537
1,3.5666667998555193,93.16037,93.17936090676181,11.066667079925537
1,3.5833334671445636,93.469635,93.49031852814088,11.066667079925537
1,3.6000001344336083,93.77889,93.80127614951996,11.066667079925537
1,3.6166668017226526,94.08815,94.1106182810772,11.066667079925537
1,3.633333469011697,94.39741,94.40759840356299,11.066667079925537
1,3.6500001363007417,94.706665,94.70457852604878,11.066667079925537
1,3.666666803589786,94.99329,95.00155864853457,11.066667079925537
1,3.683333470878831,95.27045,95.28815400456809,11.066667079925537
1,3.700000138167875,95.5476,95.571801426899,11.066667079925537
1,3.7166668054569194,95.82475,95.85544884922992,11.066667079925537
1,3.733333472745964,96.101906,96.13343195168369,11.066667079925537
1,3.7500001400350085,96.37906,96.40427028701966,11.066667079925537
1,3.7666668073240532,96.65621,96.67510862235564,11.066667079925537
1,3.7833334746130975,96.933365,96.94459524499365,11.066667079925537
1,3.800000141902142,97.18385,97.20262449333467,11.066667079925537
1,3.8166668091911866,97.432594,97.46065374167569,11.066667079925537
1,3.833333476480231,97.681335,97.7186829900167,11.066667079925537
1,3.8500001437692752,97.93008,97.96783972361001,11.066667079925537
1,3.86666681105832,98.17881,98.21432890374977,11.066667079925537
1,3.8833334783473643,98.42755,98.4608180838895,11.066667079925537
1,3.900000145636409,98.67629,98.70252760921616,11.066667079925537
1,3.9166668129254534,98.920685,98.93795689042793,11.066667079925537
1,3.9333334802144977,99.14416,99.17338617163968,11.066667079925537
1,3.9500001475035424,99.36763,99.4077749826822,11.066667079925537
1,3.9666668147925868,99.5911,99.63230670791074,11.066667079925537
1,3.983333482081631,99.814575,99.85683843313929,11.066667079925537
1,4.000000149370676,100.03805,100.08137015836785,11.066667079925537
1,4.01666681665972,100.26152,100.29863571258913,11.066667079925537
1,4.0333334839487645,100.48499,100.51359149059617,11.066667079925537
1,4.05000015123781,100.69934,100.72854726860322,11.066667079925537
1,4.066666818526854,100.90034,100.93942426198936,11.066667079925537
1,4.083333485815898,101.10133,101.14471720500164,11.066667079925537
1,4.100000153104943,101.30234,101.35001014801392,11.066667079925537
1,4.116666820393987,101.503334,101.55454559785774,11.066667079925537
1,4.133333487683031,101.70433,101.7509714149567,11.066667079925537
1,4.150000154972076,101.90533,101.94739723205566,11.066667079925537
1,4.166666822261121,102.10632,102.14382304915462,11.066667079925537
1,4.183333489550165,102.29455,102.3338236636426,11.066667079925537
1,4.200000156839209,102.47558,102.52166816987186,11.066667079925537
1,4.216666824128254,102.65661,102.70951267610113,11.066667079925537
1,4.233333491417299,102.83763,102.8941386808832,11.066667079925537
1,4.250000158706343,103.01866,103.07417243360037,11.066667079925537
1,4.2666668259953875,103.19969,103.25420618631753,11.066667079925537
1,4.283333493284432,103.380714,103.4336430882833,11.066667079925537
1,4.300000160573476,103.561745,103.60575862103198,11.066667079925537
1,4.316666827862521,103.72722,103.77787415378066,11.066667079925537
1,4.333333495151566,103.890434,103.94998968652932,11.066667079925537
1,4.35000016244061,104.05365,104.11653139505042,11.066667079925537
1,4.366666829729654,104.216866,104.28110141064747,11.066667079925537
1,4.383333497018699,104.38008,104.44567142624453,11.066667079925537
1,4.400000164307744,104.54329,104.60703525773015,11.066667079925537
1,4.416666831596788,104.706505,104.76362989034997,11.066667079925537
1,4.433333498885832,104.86803,104.92022452296982,11.066667079925537
1,4.450000166174877,105.01539,105.07633609082326,11.066667079925537
1,4.466666833463921,105.16276,105.2255361166345,11.066667079925537
1,4.483333500752965,105.31012,105.37473614244576,11.066667079925537
1,4.5000001680420105,105.45748,105.52393616825702,11.066667079925537
1,4.516666835331055,105.60485,105.6676615289895,11.066667079925537
1,4.533333502620099,105.75221,105.80934804893401,11.066667079925537
1,4.5500001699091435,105.899574,105.95103456887854,11.066667079925537
1,4.566666837198188,106.04307,106.0897985021752,11.066667079925537
1,4.583333504487233,106.17906,106.22402867926172,11.066667079925537
1,4.600000171776277,106.315056,106.35825885634824,11.066667079925537
1,4.616666839065322,106.45105,106.49210910337517,11.066667079925537
1,4.633333506354366,106.58705,106.61946600029268,11.066667079925537
1,4.65000017364341,106.723045,106.74682289721018,11.066667079925537
1,4.666666840932455,106.85904,106.87417979412768,11.066667079925537
1,4.6833335082215,106.99503,106.9968095572598,11.066667079925537
1,4.700000175510544,107.12079,107.1175881351333,11.066667079925537
1,4.716666842799588,107.23895,107.23836671300681,11.066667079925537
1,4.733333510088633,107.35712,107.35653603795063,11.066667079925537
1,4.750000177377678,107.47529,107.47048249302141,11.066667079925537
1,4.766666844666722,107.59345,107.58442894809218,11.066667079925537
1,4.7833335119557665,107.71162,107.69812835555479,11.066667079925537
1,4.800000179244811,107.82978,107.80661231351186,11.066667079925537
1,4.816666846533855,107.94795,107.91509627146893,11.066667079925537
1,4.8333335138229,108.06612,108.023580229426,11.066667079925537
1,4.850000181111945,108.17954,108.12794589996338,11.066667079925537
1,4.866666848400989,108.286156,108.23061752319336,11.066667079925537
1,4.883333515690033,108.39277,108.33328914642334,11.066667079925537
1,4.900000182979078,108.49938,108.43427639696972,11.066667079925537
1,4.916666850268122,108.605995,108.53241842338838,11.066667079925537
1,4.933333517557167,108.71261,108.63056044980705,11.066667079925537
1,4.950000184846211,108.81922,108.72853646795434,11.066667079925537
1,4.966666852135256,108.92584,108.82195911637272,11.066667079925537
1,4.9833335194243,109.02941,108.91538176479109,11.066667079925537
1,5.000000186713344,109.117294,109.00880441320948,11.066667079925537
1,5.0166668540023895,109.20517,109.09997352921819,11.066667079925537
1,5.033333521291434,109.29305,109.19016989742417,11.066667079925537
1,5.050000188580478,109.380936,109.28036626563015,11.066667079925537
1,5.0666668558695225,109.46881,109.36922326145401,11.066667079925537
1,5.083333523158567,109.556694,109.455717753215,11.066667079925537
1,5.100000190447612,109.64458,109.542212244976,11.066667079925537
1,5.116666857736656,109.73246,109.6286480800215,11.066667079925537
1,5.133333525025701,109.820335,109.71280803450618,11.066667079925537
1,5.150000192314745,109.90822,109.79696798899087,11.066667079925537
1,5.166666859603789,109.9961,109.88112794347556,11.066667079925537
1,5.183333526892834,110.08398,109.96348078854113,11.066667079925537
1,5.200000194181879,110.17186,110.04501581766519,11.066667079925537
1,5.216666861470923,110.25974,110.12655084678926,11.066667079925537
1,5.233333528759967,110.347626,110.20746495350298,11.066667079925537
1,5.250000196049012,110.4355,110.28723478891763,11.066667079925537
1,5.266666863338056,110.51447,110.36700462433228,11.066667079925537
1,5.283333530627101,110.589,110.44675095110054,11.066667079925537
1,5.3000001979161455,110.66352,110.5249613796372,11.066667079925537
1,5.31666686520519,110.73804,110.60317180817385,11.066667079925537
1,5.333333532494234,110.81256,110.68138223671052,11.066667079925537
1,5.3500001997832785,110.88708,110.75860302706799,11.066667079925537
1,5.366666867072324,110.9616,110.835354655622,11.066667079925537
1,5.383333534361368,111.036125,110.91210628417602,11.066667079925537
1,5.400000201650412,111.11064,110.98831645551934,11.066667079925537
1,5.416666868939457,111.185165,111.06348352547151,11.066667079925537
1,5.433333536228501,111.25968,111.13865059542368,11.066667079925537
1,5.450000203517546,111.334206,111.21380927763789,11.066667079925537
1,5.46666687080659,111.40873,111.28730718773532,11.066667079925537
1,5.483333538095635,111.483246,111.36080509783274,11.066667079925537
1,5.500000205384679,111.5529,111.43430300793015,11.066667079925537
1,5.516666872673723,111.61638,111.5075380715979,11.066667079925537
1,5.5333335399627686,111.679855,111.58064270019531,11.066667079925537
1,5.550000207251813,111.74333,111.6537473287927,11.066667079925537
1,5.566666874540857,111.80681,111.7261573148061,11.066667079925537
1,5.5833335418299015,111.870285,111.79716749076384,11.066667079925537
1,5.600000209118946,111.93376,111.86817766672156,11.066667079925537
1,5.616666876407991,111.997246,111.93918784267932,11.066667079925537
1,5.633333543697035,112.06072,112.00908780385213,11.066667079925537
1,5.65000021098608,112.1242,112.07898215787957,11.066667079925537
1,5.666666878275124,112.187675,112.148876511907,11.066667079925537
1,5.683333545564168,112.25115,112.21734996014331,11.066667079925537
1,5.700000212853213,112.31463,112.28508583896131,11.066667079925537
1,5.716666880142258,112.378105,112.35282171777932,11.066667079925537
1,5.733333547431302,112.43962,112.42012226150696,11.066667079925537
1,5.750000214720346,112.49396,112.48650452027837,11.066667079925537
1,5.766666882009391,112.548294,112.55288677904979,11.066667079925537
1,5.783333549298435,112.60263,112.61926903782121,11.066667079925537
1,5.80000021658748,112.65697,112.6832911479904,11.066667079925537
1,5.8166668838765245,112.7113,112.74727713343609,11.066667079925537
1,5.833333551165569,112.76563,112.81126311888178,11.066667079925537
1,5.850000218454613,112.81997,112.87368091904973,11.066667079925537
1,5.8666668857436575,112.874306,112.93524776596621,11.066667079925537
1,5.883333553032703,112.92864,112.99681461288269,11.066667079925537
1,5.900000220321747,112.98298,113.05769614713738,11.066667079925537
1,5.916666887610791,113.037315,113.11706336147815,11.066667079925537
1,5.933333554899836,113.09165,113.1764305758189,11.066667079925537
1,5.95000022218888,113.14599,113.23579779015967,11.066667079925537
1,5.966666889477925,113.200325,113.29216021802051,11.066667079925537
1,5.983333556766969,113.24714,113.34844520293086,11.066667079925537
1,6.000000224056014,113.29387,113.40473018784121,11.066667079925537
1,6.016666891345058,113.3406,113.45944357492837,11.066667079925537
1,6.033333558634102,113.38733,113.51326597742288,11.066667079925537
1,6.050000225923147,113.43406,113.56708837991737,11.066667079925537
1,6.066666893212192,113.48079,113.62006143776767,11.066667079925537
1,6.083333560501236,113.52752,113.67106684719224,11.066667079925537
1,6.1000002277902805,113.57426,113.7220722566168,11.066667079925537
1,6.116666895079325,113.62099,113.77307766604136,11.066667079925537
1,6.133333562368369,113.66772,113.82111809052617,11.066667079925537
1,6.150000229657414,113.71445,113.86905041660171,11.066667079925537
1,6.166666896946459,113.76118,113.91698274267725,11.066667079925537
1,6.183333564235503,113.80791,113.96342423450515,11.066667079925537
1,6.200000231524547,113.85464,114.00898315245847,11.066667079925537
1,6.216666898813592,113.896515,114.05454207041177,11.066667079925537
1,6.233333566102637,113.93689,114.09925663040345,11.066667079925537
1,6.250000233391681,113.977264,114.14191852707461,11.066667079925537
1,6.266666900680725,114.01764,114.18458042374577,11.066667079925537
1,6.28333356796977,114.058014,114.22724232041692,11.066667079925537
1,6.300000235258814,114.09839,114.2676359659218,11.066667079925537
1,6.316666902547859,114.138756,114.30792216795037,11.066667079925537
1,6.3333335698369035,114.17913,114.34820836997893,11.066667079925537
1,6.350000237125948,114.219505,114.38709260182209,11.066667079925537
1,6.366666904414992,114.25988,114.42511057566448,11.066667079925537
1,6.3833335717040365,114.300255,114.46312854950686,11.066667079925537
1,6.400000238993082,114.34063,114.50048313370671,11.066667079925537
1,6.416666906282126,114.381004,114.5361437050693,11.066667079925537
1,6.43333357357117,114.42137,114.5718042764319,11.066667079925537
1,6.450000240860215,114.4589,114.6074648477945,11.066667079925537
1,6.466666908149259,114.493965,114.64114674028144,11.066667079925537
1,6.483333575438303,114.52903,114.67471285900437,11.066667079925537
1,6.500000242727348,114.5641,114.70827897772732,11.066667079925537
1,6.516666910016393,114.59917,114.7404464583799,11.066667079925537
1,6.533333577305437,114.63423,114.77171233763178,11.066667079925537
1,6.550000244594481,114.6693,114.80297821688364,11.066667079925537
1,6.566666911883526,114.70437,114.83399156777256,11.066667079925537
1,6.583333579172571,114.73943,114.86432683324239,11.066667079925537
1,6.600000246461615,114.7745,114.89466209871223,11.066667079925537
1,6.6166669137506595,114.80957,114.92499736418208,11.066667079925537
1,6.633333581039704,114.844635,114.95405247699783,11.066667079925537
1,6.650000248328748,114.8797,114.98301811677864,11.066667079925537
1,6.666666915617793,114.914764,115.01198375655945,11.066667079925537
1,6.683333582906838,114.948715,115.04011943541377,11.066667079925537
1,6.700000250195882,114.98018,115.06769715734275,11.066667079925537
1,6.716666917484926,115.01164,115.09527487927173,11.066667079925537
1,6.733333584773971,115.043106,115.12259030629353,11.066667079925537
1,6.750000252063016,115.07457,115.14916424578931,11.066667079925537
1,6.76666691935206,115.10603,115.17573818528508,11.066667079925537
1,6.783333586641104,115.13749,115.20231212478086,11.066667079925537
1,6.800000253930149,115.16895,115.22814187658838,11.066667079925537
1,6.816666921219193,115.20042,115.25391096092132,11.066667079925537
1,6.833333588508237,115.23188,115.27968004525425,11.066667079925537
1,6.8500002557972826,115.26334,115.30509691353303,11.066667079925537
1,6.866666923086327,115.29481,115.33026692953455,11.066667079925537
1,6.883333590375371,115.32627,115.35543694553606,11.066667079925537
1,6.9000002576644155,115.357735,115.3804621868823,11.066667079925537
1,6.91666692495346,115.38881,115.40505599975586,11.066667079925537
1,6.933333592242505,115.415726,115.42964981262942,11.066667079925537
1,6.950000259531549,115.44264,115.45424362550298,11.066667079925537
1,6.966666926820594,115.46956,115.47910929300699,11.066667079925537
1,6.983333594109638,115.496475,115.50400035352592,11.066667079925537
1,7.000000261398682,115.52339,115.52889141404485,11.066667079925537
1,7.0166669286877275,115.55031,115.55334246302226,11.066667079925537
1,7.033333595976772,115.577225,115.57747211226497,11.066667079925537
1,7.050000263265816,115.60414,115.6016017615077,11.066667079925537
1,7.06666693055486,115.63106,115.6257485079478,11.066667079925537
1,7.083333597843905,115.657974,115.64994903932134,11.066667079925537
1,7.10000026513295,115.68489,115.6741495706949,11.066667079925537
1,7.116666932421994,115.71181,115.69835010206843,11.066667079925537
1,7.1333335997110385,115.73872,115.72258372479175,11.066667079925537
1,7.150000267000083,115.76323,115.74682084049087,11.066667079925537
1,7.166666934289127,115.78741,115.77105795618999,11.066667079925537
1,7.1833336015781715,115.811584,115.7955119006605,11.066667079925537
1,7.200000268867217,115.83576,115.82013086525791,11.066667079925537
1,7.216666936156261,115.85994,115.84474982985532,11.066667079925537
1,7.233333603445305,115.88412,115.86937038007989,11.066667079925537
1,7.25000027073435,115.908295,115.89399620423833,11.066667079925537
1,7.266666938023394,115.93248,115.9186220283968,11.066667079925537
1,7.283333605312439,115.95666,115.94324785255525,11.066667079925537
1,7.300000272601483,115.980835,115.96743190719421,11.066667079925537
1,7.316666939890528,116.00501,115.99156384295728,11.066667079925537
1,7.333333607179572,116.02919,116.01569577872036,11.066667079925537
1,7.350000274468616,116.049095,116.04049474647246,11.066667079925537
1,7.366666941757662,116.068985,116.06582253237805,11.066667079925537
1,7.383333609046706,116.088875,116.09115031828364,11.066667079925537
1,7.40000027633575,116.108765,116.11644069257989,11.066667079925537
1,7.4166669436247945,116.128654,116.14159927597964,11.066667079925537
1,7.433333610913839,116.148544,116.16675785937942,11.066667079925537
1,7.450000278202884,116.168434,116.19191644277917,11.066667079925537
1,7.466666945491928,116.188324,116.2170123364552,11.066667079925537
1,7.483333612780973,116.20821,116.24210003772414,11.066667079925537
1,7.500000280070017,116.2281,116.26718773899309,11.066667079925537
1,7.516666947359061,116.24799,116.29266118428794,11.066667079925537
1,7.5333336146481065,116.26788,116.31845313382436,11.066667079925537
1,7.550000281937151,116.28777,116.34424508336079,11.066667079925537
1,7.566666949226195,116.30766,116.36988357176264,11.066667079925537
1,7.583333616515239,116.32755,116.3949484078281,11.066667079925537
1,7.600000283804284,116.34744,116.42001324389354,11.066667079925537
1,7.616666951093328,116.36734,116.44507807995899,11.066667079925537
1,7.633333618382373,116.38723,116.46974506148374,11.066667079925537
1,7.6500002856714175,116.40712,116.49435487999973,11.066667079925537
1,7.666666952960462,116.42701,116.51896469851575,11.066667079925537
1,7.683333620249506,116.4469,116.54381056866013,11.066667079925537
1,7.7000002875385505,116.46679,116.56885939908315,11.066667079925537
1,7.716666954827596,116.48668,116.59390822950616,11.066667079925537
1,7.73333362211664,116.50586,116.61878562835325,11.066667079925537
1,7.750000289405684,116.52264,116.6429815866861,11.066667079925537
1,7.766666956694729,116.53941,116.66717754501894,11.066667079925537
1,7.783333623983773,116.55619,116.69137350335178,11.066667079925537
1,7.800000291272818,116.57297,116.71528092349868,11.066667079925537
1,7.816666958561862,116.589745,116.73914304986057,11.066667079925537
1,7.833333625850907,116.60652,116.76300517622246,11.066667079925537
1,7.850000293139951,116.6233,116.78629544269607,11.066667079925537
1,7.866666960428995,116.640076,116.80907375841255,11.066667079925537
1,7.883333627718041,116.65686,116.83185207412903,11.066667079925537
1,7.900000295007085,116.67364,116.85461816443018,11.066667079925537
1,7.916666962296129,116.690414,116.87733245757688,11.066667079925537
1,7.9333336295851735,116.70719,116.9000467507236,11.066667079925537
1,7.950000296874218,116.72397,116.92276104387031,11.066667079925537
1,7.966666964163262,116.740746,116.94407676788698,11.066667079925537
1,7.983333631452307,116.75752,116.96515391246382,11.066667079925537
1,8.000000298741352,116.7743,116.98623105704067,11.066667079925537
1,8.016666966030396,116.79108,117.00722299139184,11.066667079925537
1,8.03333363331944,116.80786,117.02813550650356,11.066667079925537
1,8.050000300608485,116.82464,117.04904802161526,11.066667079925537
1,8.066666967897529,116.841415,117.06976033406086,11.066667079925537
1,8.083333635186573,116.85819,117.08956617332366,11.066667079925537
1,8.10000030247562,116.87287,117.10937201258648,11.066667079925537
1,8.116666969764664,116.887146,117.12917785184929,11.066667079925537
1,8.133333637053708,116.90141,117.14787954307464,11.066667079925537
1,8.150000304342752,116.91569,117.16637749269785,11.066667079925537
1,8.166666971631797,116.929955,117.18487544232104,11.066667079925537
1,8.18333363892084,116.94423,117.20284884809011,11.066667079925537
1,8.200000306209885,116.958496,117.22031329051558,11.066667079925537
1,8.21666697349893,116.97277,117.23777773294104,11.066667079925537
1,8.233333640787974,116.98704,117.2551281021302,11.066667079925537
1,8.250000308077018,117.00131,117.27192488061377,11.066667079925537
1,8.266666975366062,117.01559,117.28872165909732,11.066667079925537
1,8.283333642655109,117.029854,117.30551843758089,11.066667079925537
1,8.300000309944153,117.04413,117.32151412963867,11.066667079925537
1,8.316666977233197,117.058395,117.33735056957566,11.066667079925537
1,8.333333644522241,117.07267,117.35318700951267,11.066667079925537
1,8.350000311811286,117.08694,117.36858209357204,11.066667079925537
1,8.36666697910033,117.10121,117.38353136361363,11.066667079925537
1,8.383333646389374,117.11548,117.39848063365523,11.066667079925537
1,8.400000313678419,117.12975,117.41326444694795,11.066667079925537
1,8.416666980967463,117.14403,117.4271847828325,11.066667079925537
1,8.433333648256507,117.158295,117.44110511871706,11.066667079925537
1,8.450000315545553,117.17183,117.45502545460161,11.066667079925537
1,8.466666982834598,117.18444,117.46877619731858,11.066667079925537
1,8.483333650123642,117.19705,117.48249074637172,11.066667079925537
1,8.500000317412686,117.20966,117.49620529542486,11.066667079925537
1,8.51666698470173,117.22228,117.50924443624106,11.066667079925537
1,8.533333651990775,117.23489,117.52157335396272,11.066667079925537
1,8.55000031927982,117.247505,117.5339022716844,11.066667079925537
1,8.566666986568864,117.26012,117.54609192997576,11.066667079925537
1,8.583333653857908,117.272736,117.55749709347644,11.066667079925537
1,8.600000321146952,117.28535,117.56890225697713,11.066667079925537
1,8.616666988435997,117.29796,117.58030742047781,11.066667079925537
1,8.633333655725043,117.31057,117.591254682426,11.066667079925537
1,8.650000323014087,117.32318,117.60209736192083,11.066667079925537
1,8.666666990303131,117.3358,117.61294004141567,11.066667079925537
1,8.683333657592176,117.34841,117.6237827209105,11.066667079925537
1,8.70000032488122,117.36102,117.63462540040533,11.066667079925537
1,8.716666992170264,117.373634,117.64546807990017,11.066667079925537
1,8.733333659459309,117.386246,117.65621166918652,11.066667079925537
1,8.750000326748353,117.398865,117.66635010041387,11.066667079925537
1,8.766666994037397,117.411476,117.67648853164121,11.066667079925537
1,8.783333661326441,117.42409,117.68662696286856,11.066667079925537
1,8.800000328615488,117.4366,117.69600061623447,11.066667079925537
1,8.816666995904532,117.44732,117.70518785499665,11.066667079925537
1,8.833333663193576,117.45804,117.71437509375882,11.066667079925537
1,8.85000033048262,117.46875,117.72382092763142,11.066667079925537
1,8.866666997771665,117.47947,117.73356150431805,11.066667079925537
1,8.883333665060709,117.49019,117.74330208100469,11.066667079925537
1,8.900000332349753,117.50091,117.75288193484387,11.066667079925537
1,8.916666999638798,117.51163,117.76139236358274,11.066667079925537
1,8.933333666927842,117.52235,117.76990279232163,11.066667079925537
1,8.950000334216886,117.533066,117.77841322106052,11.066667079925537
1,8.96666700150593,117.543785,117.78704709891814,11.066667079925537
1,8.983333668794977,117.554504,117.79571301104075,11.066667079925537
1,9.000000336084021,117.565216,117.80437892316336,11.066667079925537
1,9.016667003373065,117.575935,117.81279702933438,11.066667079925537
1,9.03333367066211,117.586655,117.82092103613428,11.066667079925537
1,9.050000337951154,117.597374,117.82904504293418,11.066667079925537
1,9.066667005240198,117.60809,117.83714726459549,11.066667079925537
1,9.083333672529243,117.61881,117.84509063628782,11.066667079925537
1,9.100000339818287,117.629364,117.85303400798016,11.066667079925537
1,9.116667007107331,117.63899,117.86097737967249,11.066667079925537
1,9.133333674396376,117.64861,117.86845471485552,11.066667079925537
1,9.150000341685422,117.65824,117.87580359125712,11.066667079925537
1,9.166667008974466,117.66786,117.88315246765872,11.066667079925537
1,9.18333367626351,117.67748,117.89055554263562,11.066667079925537
1,9.200000343552555,117.68711,117.89802560461573,11.066667079925537
1,9.216667010841599,117.69673,117.90549566659583,11.066667079925537
1,9.233333678130643,117.70636,117.91296699248164,11.066667079925537
1,9.250000345419688,117.71598,117.92044848706348,11.066667079925537
1,9.266667012708732,117.72561,117.92792998164533,11.066667079925537
1,9.283333679997776,117.73523,117.93541147622717,11.066667079925537
1,9.30000034728682,117.74486,117.94245060380683,11.066667079925537
1,9.316667014575865,117.75448,117.94936046830142,11.066667079925537
1,9.33333368186491,117.76411,117.95627033279602,11.066667079925537
1,9.350000349153955,117.77373,117.96307223676199,11.066667079925537
1,9.366667016443,117.783295,117.9697351570589,11.066667079925537
1,9.383333683732044,117.79152,117.97639807735581,11.066667079925537
1,9.400000351021088,117.799736,117.98311270288674,11.066667079925537
1,9.416667018310132,117.80795,117.99029009026218,11.066667079925537
1,9.433333685599177,117.81618,117.9974674776376,11.066667079925537
1,9.450000352888221,117.824394,118.00464486501303,11.066667079925537
1,9.466667020177265,117.83261,118.01124940435571,11.066667079925537
1,9.48333368746631,117.840836,118.01767681305667,11.066667079925537
1,9.500000354755356,117.84905,118.02410422175764,11.066667079925537
1,9.5166670220444,117.85727,118.03059901961362,11.066667079925537
1,9.533333689333444,117.86549,118.03718419821865,11.066667079925537
1,9.550000356622489,117.87371,118.0437693768237,11.066667079925537
1,9.566667023911533,117.88193,118.05034069842603,11.066667079925537
1,9.583333691200577,117.890144,118.0567726801677,11.066667079925537
1,9.600000358489622,117.89837,118.06320466190935,11.066667079925537
1,9.616667025778666,117.906586,118.06963664365102,11.066667079925537
1,9.63333369306771,117.9148,118.0758704219956,11.066667079925537
1,9.650000360356755,117.92303,118.08203945389712,11.066667079925537
1,9.6666670276458,117.931244,118.08820848579866,11.066667079925537
1,9.683333694934845,117.93946,118.09459018707275,11.066667079925537
1,9.70000036222389,117.947685,118.10126911301211,11.066667079925537
1,9.716667029512934,117.9559,118.10794803895146,11.066667079925537
1,9.733333696801978,117.96412,118.11457107727786,11.066667079925537
1,9.750000364091022,117.97234,118.12055490103113,11.066667079925537
1,9.766667031380067,117.98056,118.1265387247844,11.066667079925537
1,9.78333369866911,117.98878,118.13252254853765,11.066667079925537
1,9.800000365958155,117.997,118.13864241450666,11.066667079925537
1,9.8166670332472,118.00522,118.14480915988784,11.066667079925537
1,9.833333700536244,118.013435,118.15097590526902,11.066667079925537
1,9.85000036782529,118.02165,118.15715474967497,11.066667079925537
1,9.866667035114334,118.02988,118.16335121982068,11.066667079925537
1,9.883333702403378,118.03809,118.16954768996641,11.066667079925537
1,9.900000369692423,118.04631,118.17570748386613,11.066667079925537
1,9.916667036981467,118.05346,118.18138262737229,11.066667079925537
1,9.933333704270511,118.060356,118.18705777087844,11.066667079925537
1,9.950000371559556,118.06726,118.19273291438459,11.066667079925537
1,9.9666670388486,118.07416,118.19854561679334,11.066667079925537
1,9.983333706137644,118.08106,118.20440825496811,11.066667079925537
1,10.000000373426689,118.08796,118.21027089314288,11.066667079925537
1,10.016667040715735,118.09486,118.21637861412692,11.066667079925537
1,10.033333708004779,118.10176,118.2228586127959,11.066667079925537
1,10.050000375293823,118.10866,118.2293386114649,11.066667079925537
1,10.066667042582868,118.11556,118.23577007615422,11.066667079925537
1,10.083333709871912,118.12246,118.24144521966038,11.066667079925537
1,10.100000377160956,118.129364,118.24712036316653,11.066667079925537
1,10.11666704445,118.13626,118.25279550667268,11.066667079925537
1,10.133333711739045,118.143166,118.25824562900037,11.066667079925537
1,10.15000037902809,118.15006,118.26360980573907,11.066667079925537
1,10.166667046317134,118.15697,118.26897398247776,11.066667079925537
1,10.183333713606178,118.163864,118.27478583462268,11.066667079925537
1,10.200000380895224,118.17076,118.28130699065794,11.066667079925537
1,10.216667048184268,118.177666,118.28782814669322,11.066667079925537
1,10.233333715473313,118.18456,118.29430472132671,11.066667079925537
1,10.250000382762357,118.19147,118.29993870746658,11.066667079925537
1,10.266667050051401,118.19794,118.30557269360645,11.066667079925537
1,10.283333717340446,118.20422,118.31120667974633,11.066667079925537
1,10.30000038462949,118.21051,118.31689287668252,11.066667079925537
1,10.316667051918534,118.2168,118.32260003147356,11.066667079925537
1,10.333333719207578,118.22308,118.3283071862646,11.066667079925537
1,10.350000386496623,118.22937,118.33414963641799,11.066667079925537
1,10.366667053785669,118.23566,118.34021577490381,11.066667079925537
1,10.383333721074713,118.24194,118.34628191338965,11.066667079925537
1,10.400000388363758,118.24823,118.35233656182346,11.066667079925537
1,10.416667055652802,118.25452,118.35811688526567,11.066667079925537
1,10.433333722941846,118.2608,118.36389720870788,11.066667079925537
1,10.45000039023089,118.26709,118.36967753215008,11.066667079925537
1,10.466667057519935,118.27338,118.37535651333361,11.066667079925537
1,10.483333724808979,118.27966,118.38099278599383,11.066667079925537
1,10.500000392098023,118.28595,118.38662905865405,11.066667079925537
1,10.516667059387068,118.29224,118.39218648657742,11.066667079925537
1,10.533333726676112,118.29852,118.39760782632483,11.066667079925537
1,10.550000393965158,118.304565,118.40302916607224,11.066667079925537
1,10.566667061254202,118.31037,118.40845464223838,11.066667079925537
1,10.583333728543247,118.316185,118.41401317320674,11.066667079925537
1,10.600000395832291,118.32199,118.4195717041751,11.066667079925537
1,10.616667063121335,118.327805,118.42513023514346,11.066667079925537
1,10.63333373041038,118.33361,118.43083464381206,11.066667079925537
1,10.650000397699424,118.339424,118.43660353465252,11.066667079925537
1,10.666667064988468,118.34523,118.44237242549299,11.066667079925537
1,10.683333732277513,118.35104,118.44813478998391,11.066667079925537
1,10.700000399566557,118.35686,118.45388538866158,11.066667079925537
1,10.716667066855603,118.36266,118.45963598733925,11.066667079925537
1,10.733333734144647,118.36848,118.46538203595632,11.066667079925537
1,10.750000401433692,118.37428,118.47090626911945,11.066667079925537
1,10.766667068722736,118.3801,118.47643050228257,11.066667079925537
1,10.78333373601178,118.3859,118.48195473544568,11.066667079925537
1,10.800000403300825,118.391716,118.48752272272685,11.066667079925537
1,10.816667070589869,118.39752,118.49311097845974,11.066667079925537
1,10.833333737878913,118.40318,118.49869923419263,11.066667079925537
1,10.850000405167957,118.40855,118.50436994253872,11.066667079925537
1,10.866667072457002,118.41392,118.51019599638789,11.066667079925537
1,10.883333739746046,118.41928,118.51602205023708,11.066667079925537
1,10.900000407035092,118.42465,118.52184323230422,11.066667079925537
1,10.916667074324137,118.430016,118.52718454383943,11.066667079925537
1,10.93333374161318,118.43539,118.53252585537463,11.066667079925537
1,10.950000408902225,118.44075,118.53786716690982,11.066667079925537
1,10.96666707619127,118.44612,118.54344866649214,11.066667079925537
1,10.983333743480314,118.451485,118.54914667520178,11.066667079925537
1,11.000000410769358,118.456856,118.55484468391143,11.066667079925537
1,11.016667078058402,118.46222,118.56043029693235,11.066667079925537
1,11.033333745347447,118.46759,118.56579447367105,11.066667079925537
1,11.050000412636491,118.47295,118.57115865040974,11.066667079925537
1,11.066667079925537,118.478325,118.57652282714844,11.066667079925537
1,11.083333746925074,118.47834,118.51894246845345,11.066667079925537
1,11.100000413924612,118.483536,118.41303305101644,11.066667079925537
1,11.116667080924149,118.48875,118.27211897285821,11.066667079925537
1,11.133333747923686,118.4905,118.09139163831142,11.066667079925537
1,11.150000414923223,118.46569,117.97451175070557,11.066667079925537
1,11.16666708192276,118.36107,117.84433910110234,11.066667079925537
1,11.183333748922298,118.07587,117.54751363225009,11.066667079925537
1,11.200000415921835,117.38923,116.96573235476828,11.066667079925537
1,11.216667082921372,116.50376,116.08277901055301,11.066667079925537
1,11.23333374992091,115.44236,114.95643967234027,11.066667079925537
1,11.250000416920447,114.08368,113.66348638085171,11.066667079925537
1,11.266667083919984,112.68409,112.24800305591204,11.066667079925537
1,11.283333750919521,111.125244,110.71007769519746,11.066667079925537
1,11.300000417919058,109.47797,109.0416860131069,11.066667079925537
1,11.316667084918596,107.75642,107.27862904333944,11.066667079925537
1,11.333333751918133,106.01799,105.50404669477054,11.066667079925537
1,11.350000418917672,104.26735,103.78944033477943,11.066667079925537
1,11.366667085917209,102.54996,102.15831928353035,11.066667079925537
1,11.383333752916746,100.845184,100.58334841902968,11.066667079925537
1,11.400000419916283,99.1404,99.02339352113414,11.066667079925537
1,11.41666708691582,97.49046,97.44248227424022,11.066667079925537
1,11.433333753915358,95.868515,95.830630876631,11.066667079925537
1,11.450000420914895,94.246574,94.20170133900268,11.066667079925537
1,11.466667087914432,92.68603,92.57629446459066,11.066667079925537
1,11.48333375491397,91.16654,90.97157347514367,11.066667079925537
1,11.500000421913507,89.647064,89.40187568065383,11.066667079925537
1,11.516667088913044,88.2397,87.8781652400631,11.066667079925537
1,11.533333755912581,86.92924,86.40817768037007,11.066667079925537
1,11.550000422912118,85.618774,84.99800010002096,11.066667079925537
1,11.566667089911656,84.30831,83.64891771246626,11.066667079925537
1,11.583333756911193,82.99785,82.35663121408193,11.066667079925537
1,11.60000042391073,81.687386,81.11224936440352,11.066667079925537
1,11.616667090910267,80.45333,79.90803983199035,11.066667079925537
1,11.633333757909805,79.32891,78.73596638784359,11.066667079925537
1,11.650000424909342,78.20448,77.58835765578984,11.066667079925537
1,11.666667091908879,77.080055,76.46079749461867,11.066667079925537
1,11.683333758908416,75.95563,75.35155710749602,11.066667079925537
1,11.700000425907954,74.8312,74.25992779956438,11.066667079925537
1,11.71666709290749,73.75027,73.18743676789768,11.066667079925537
1,11.733333759907028,72.77841,72.13724613689003,11.066667079925537
1,11.750000426906565,71.80655,71.11121899669708,11.066667079925537
1,11.766667093906102,70.834694,70.11258765415371,11.066667079925537
1,11.78333376090564,69.86283,69.14232339908939,11.066667079925537
1,11.800000427905177,68.890976,68.19933418952982,11.066667079925537
1,11.816667094904714,67.941376,67.28586115013243,11.066667079925537
1,11.833333761904251,67.10914,66.39862983264224,11.066667079925537
1,11.85000042890379,66.2769,65.53633924554155,11.066667079925537
1,11.866667095903328,65.44467,64.6985925804258,11.066667079925537
1,11.883333762902865,64.612434,63.87995603072082,11.066667079925537
1,11.900000429902402,63.7802,63.08703201853168,11.066667079925537
1,11.91666709690194,62.951767,62.31328642680383,11.066667079925537
1,11.933333763901476,62.232124,61.56089678859212,11.066667079925537
1,11.950000430901014,61.512486,60.82842142794145,11.066667079925537
1,11.966667097900551,60.792843,60.11684577502505,11.066667079925537
1,11.983333764900088,60.073204,59.42823428009193,11.066667079925537
1,12.000000431899625,59.35356,58.75891153225724,11.066667079925537
1,12.016667098899163,58.633923,58.110608964690364,11.066667079925537
1,12.0333337658987,58.06106,57.480490160238055,11.066667079925537
1,12.050000432898237,57.503056,56.86985141694233,11.066667079925537
1,12.066667099897774,56.945053,56.27605174598894,11.066667079925537
1,12.083333766897312,56.38705,55.697888359349434,11.066667079925537
1,12.100000433896849,55.82905,55.133695033208234,11.066667079925537
1,12.116667100896386,55.27104,54.583181231433805,11.066667079925537
1,12.133333767895923,54.71304,54.04406482636617,11.066667079925537
1,12.15000043489546,54.155037,53.51412784117054,11.066667079925537
1,12.166667101894998,53.59703,52.99569494437173,11.066667079925537
1,12.183333768894535,53.03903,52.485174448702345,11.066667079925537
1,12.200000435894072,52.481026,51.985082696245605,11.066667079925537
1,12.21666710289361,51.923023,51.49304638607964,11.066667079925537
1,12.233333769893147,51.451393,51.00755989114651,11.066667079925537
1,12.250000436892684,51.024906,50.532841088260035,11.066667079925537
1,12.266667103892221,50.598423,50.065042365908,11.066667079925537
1,12.283333770891758,50.171936,49.60607658506064,11.066667079925537
1,12.300000437891295,49.74545,49.15546309386249,11.066667079925537
1,12.316667104890833,49.318966,48.71383423330896,11.066667079925537
1,12.33333377189037,48.89248,48.2806458598032,11.066667079925537
1,12.350000438889907,48.465992,47.85689504733261,11.066667079925537
1,12.366667105889444,48.03951,47.44220993281659,11.066667079925537
1,12.383333772888982,47.61302,47.03713547871374,11.066667079925537
1,12.400000439888519,47.186535,46.64173757343392,11.066667079925537
1,12.416667106888056,46.76005,46.25441044912289,11.066667079925537
1,12.433333773887593,46.370537,45.87797522420035,11.066667079925537
1,12.450000440887132,46.035248,45.511536922754416,11.066667079925537
1,12.46666710788667,45.69996,45.153984209629876,11.066667079925537
1,12.483333774886207,45.36467,44.80529885017435,11.066667079925537
1,12.500000441885744,45.02938,44.46642912620025,11.066667079925537
1,12.516667108885281,44.69409,44.13587572187653,11.066667079925537
1,12.533333775884818,44.358803,43.81206081050853,11.066667079925537
1,12.550000442884356,44.023514,43.497758376036636,11.066667079925537
1,12.566667109883893,43.68822,43.18996697071335,11.066667079925537
1,12.58333377688343,43.352932,42.89079546304273,11.066667079925537
1,12.600000443882967,43.017643,42.59738390857636,11.066667079925537
1,12.616667110882505,42.682354,42.30910961290929,11.066667079925537
1,12.633333777882042,42.36152,42.02908057567336,11.066667079925537
1,12.650000444881579,42.120033,41.753994387481846,11.066667079925537
1,12.666667111881116,41.878544,41.48451220926814,11.066667079925537
1,12.683333778880653,41.63706,41.22155364271234,11.066667079925537
1,12.70000044588019,41.39557,40.960483590969865,11.066667079925537
1,12.716667112879728,41.154083,40.70542354483879,11.066667079925537
1,12.733333779879265,40.912594,40.45543766521034,11.066667079925537
1,12.750000446878802,40.67111,40.20659088214655,11.066667079925537
1,12.76666711387834,40.429623,39.963955944121196,11.066667079925537
1,12.783333780877877,40.188133,39.72582482542667,11.066667079925537
1,12.800000447877414,39.946648,39.489655919099974,11.066667079925537
1,12.816667114876951,39.70516,39.25593145480331,11.066667079925537
1,12.833333781876489,39.463673,39.02806229117029,11.066667079925537
1,12.850000448876026,39.222183,38.80187071555572,11.066667079925537
1,12.866667115875563,38.980698,38.57824748972948,11.066667079925537
1,12.8833337828751,38.739212,38.358583080830996,11.066667079925537
1,12.90000044987464,38.497723,38.14092404430449,11.066667079925537
1,12.916667116874176,38.256237,37.92688379737095,11.066667079925537
1,12.933333783873714,38.014748,37.717288711308186,11.066667079925537
1,12.950000450873251,37.783817,37.510974804144254,11.066667079925537
1,12.966667117872788,37.610832,37.305697376191304,11.066667079925537
1,12.983333784872325,37.43785,37.10437337266213,11.066667079925537
1,13.000000451871863,37.264866,36.90686426612095,11.066667079925537
1,13.0166671188714,37.09188,36.71043905288137,11.066667079925537
1,13.033333785870937,36.9189,36.5190207795947,11.066667079925537
1,13.050000452870474,36.745914,36.3307435999366,11.066667079925537
1,13.066667119870012,36.572933,36.14724078353163,11.066667079925537
1,13.083333786869549,36.39995,35.962509834329495,11.066667079925537
1,13.100000453869086,36.226963,35.784501899599405,11.066667079925537
1,13.116667120868623,36.05398,35.60862727939146,11.066667079925537
1,13.13333378786816,35.880997,35.43372115289977,11.066667079925537
1,13.150000454867698,35.70801,35.26515175784445,11.066667079925537
1,13.166667121867235,35.53503,35.09904725638984,11.066667079925537
1,13.183333788866772,35.362045,34.93567627512348,11.066667079925537
1,13.20000045586631,35.18906,34.774441324603494,11.066667079925537
1,13.216667122865847,35.01608,34.61719750609073,11.066667079925537
1,13.233333789865384,34.843094,34.462166391742166,11.066667079925537
1,13.250000456864921,34.67011,34.310114336263446,11.066667079925537
1,13.266667123864458,34.503605,34.16175055379019,11.066667079925537
1,13.283333790863995,34.372673,34.01498652752781,11.066667079925537
1,13.300000457863533,34.241737,33.87142115488102,11.066667079925537
1,13.31666712486307,34.1108,33.73101049692843,11.066667079925537
1,13.333333791862607,33.97987,33.59340320207686,11.066667079925537
1,13.350000458862144,33.848934,33.457347150872515,11.066667079925537
1,13.366667125861682,33.718,33.3236789603508,11.066667079925537
1,13.383333792861219,33.587067,33.19398129048772,11.066667079925537
1,13.400000459860756,33.45613,33.06360380562188,11.066667079925537
1,13.416667126860293,33.3252,32.93786191690654,11.066667079925537
1,13.43333379385983,33.194263,32.81497943338923,11.066667079925537
1,13.450000460859368,33.063328,32.69408894084511,11.066667079925537
1,13.466667127858905,32.932396,32.57277276004172,11.066667079925537
1,13.483333794858442,32.80146,32.455430375343845,11.066667079925537
1,13.50000046185798,32.670525,32.34063363200083,11.066667079925537
1,13.516667128857517,32.539593,32.225447609786585,11.066667079925537
1,13.533333795857054,32.408657,32.11437742622735,11.066667079925537
1,13.550000462856593,32.27772,32.00509599615766,11.066667079925537
1,13.56666712985613,32.14679,31.897128899059993,11.066667079925537
1,13.583333796855667,32.02084,31.78876455416854,11.066667079925537
1,13.600000463855205,31.92225,31.68462763282017,11.066667079925537
1,13.616667130854742,31.823664,31.580892213352065,11.066667079925537
1,13.633333797854279,31.725075,31.478125966656272,11.066667079925537
1,13.650000464853816,31.626488,31.378459411141762,11.066667079925537
1,13.666667131853353,31.527899,31.278168703248987,11.066667079925537
1,13.68333379885289,31.429312,31.179465768224905,11.066667079925537
1,13.700000465852428,31.330723,31.083433480787026,11.066667079925537
1,13.716667132851965,31.232136,30.988445721371637,11.066667079925537
1,13.733333799851502,31.133549,30.89312778093428,11.066667079925537
1,13.75000046685104,31.03496,30.799687889858067,11.066667079925537
1,13.766667133850577,30.936373,30.70828462770472,11.066667079925537
1,13.783333800850114,30.837784,30.616035181814464,11.066667079925537
1,13.800000467849651,30.739197,30.525966144981187,11.066667079925537
1,13.816667134849189,30.640608,30.43842984743767,11.066667079925537
1,13.833333801848726,30.54202,30.35106618991073,11.066667079925537
1,13.850000468848263,30.443434,30.261957138620744,11.066667079925537
1,13.8666671358478,30.344845,30.175920955797764,11.066667079925537
1,13.883333802847337,30.246258,30.092221165202677,11.066667079925537
1,13.900000469846875,30.150957,30.00581343885492,11.066667079925537
1,13.916667136846412,30.073713,29.923366127213882,11.066667079925537
1,13.93333380384595,29.996468,29.84091414206939,11.066667079925537
1,13.950000470845488,29.919224,29.759219384318246,11.066667079925537
1,13.966667137845025,29.841978,29.676378899219774,11.066667079925537
1,13.983333804844563,29.764734,29.596266481888858,11.066667079925537
1,14.0000004718441,29.687489,29.516058936793144,11.066667079925537
1,14.016667138843637,29.610245,29.43581114763989,11.066667079925537
1,14.033333805843174,29.532999,29.35753186210912,11.066667079925537
1,14.050000472842711,29.455755,29.27869029819029,11.066667079925537
1,14.066667139842249,29.37851,29.200125369726052,11.066667079925537
1,14.083333806841786,29.301266,29.123620138118405,11.066667079925537
1,14.100000473841323,29.22402,29.04784591035693,11.066667079925537
1,14.11666714084086,29.146776,28.97091351254448,11.066667079925537
1,14.133333807840398,29.06953,28.89538568227079,11.066667079925537
1,14.150000474839935,28.992285,28.82128374988496,11.066667079925537
1,14.166667141839472,28.915041,28.745452940776087,11.066667079925537
1,14.18333380883901,28.837795,28.670961689574558,11.066667079925537
1,14.200000475838547,28.760551,28.597867516322907,11.066667079925537
1,14.216667142838084,28.685446,28.525531509159745,11.066667079925537
1,14.233333809837621,28.622091,28.451316513940302,11.066667079925537
1,14.250000476837158,28.558735,28.378955841064453,11.066667079925537
2,0.0,20.0,20.011302947998047,15.199999809265137
2,0.01666666645752756,20.0,19.988577482993144,15.199999809265137
2,0.03333333291505512,20.0,19.96585201798824,15.199999809265137
2,0.04999999937258268,20.0,19.943126552983333,15.199999809265137
2,0.06666666583011024,20.0,19.92040108797843,15.199999809265137
2,0.08333333228763781,20.0,19.908202192239592,15.199999809265137
2,0.09999999874516537,20.0,19.910715128246107,15.199999809265137
2,0.11666666520269292,20.0,19.913228064252618,15.199999809265137
2,0.1333333316602205,20.000011,19.915741000259132,15.199999809265137
2,0.14999999811774806,20.00005,19.918253936265643,15.199999809265137
2,0.16666666457527562,20.000086,19.948189902723882,15.199999809265137
2,0.18333333103280317,20.000124,19.98357743547674,15.199999809265137
2,0.19999999749033073,20.000162,20.018964968229596,15.199999809265137
2,0.2166666639478583,20.000198,20.054352500982453,15.199999809265137
2,0.23333333040538584,20.000237,20.086597927829676,15.199999809265137
2,0.2499999968629134,20.000273,20.109479879078112,15.199999809265137
2,0.266666663320441,20.000399,20.13236183032655,15.199999809265137
2,0.28333332977796855,20.000574,20.155243781574985,15.199999809265137
2,0.2999999962354961,20.00075,20.17812573282342,15.199999809265137
2,0.3166666626930237,20.000925,20.188207546869915,15.199999809265137
2,0.33333332915055125,20.0011,20.19193741313198,15.199999809265137
2,0.34999999560807876,20.001276,20.195667279394048,15.199999809265137
2,0.36666666206560633,20.001451,20.199397145656118,15.199999809265137
2,0.3833333285231339,20.001627,20.202056278262223,15.199999809265137
2,0.39999999498066147,20.002079,20.193252262316253,15.199999809265137
2,0.41666666143818903,20.002544,20.18444824637028,15.199999809265137
2,0.4333333278957166,20.003008,20.17564423042431,15.199999809265137
2,0.44999999435324417,20.003473,20.16684021447834,15.199999809265137
2,0.4666666608107717,20.003937,20.156003366436874,15.199999809265137
2,0.48333332726829925,20.004402,20.143154014620865,15.199999809265137
2,0.4999999937258268,20.004866,20.130304662804853,15.199999809265137
2,0.5166666601833544,20.005636,20.117455310988845,15.199999809265137
2,0.533333326640882,20.0072,20.104605959172833,15.199999809265137
2,0.5499999930984095,20.008764,20.09297137511404,15.199999809265137
2,0.5666666595559371,20.010328,20.081443000258062,15.199999809265137
2,0.5833333260134647,20.011892,20.06991462540208,15.199999809265137
2,0.5999999924709922,20.013456,20.058386250546103,15.199999809265137
2,0.6166666589285198,20.01502,20.04814056346291,15.199999809265137
2,0.6333333253860474,20.016584,20.040421962738037,15.199999809265137
2,0.6499999918435749,20.018148,20.032703362013166,15.199999809265137
2,0.6666666583011025,20.019712,20.02498476128829,15.199999809265137
2,0.68333332475863,20.021276,20.01726616056342,15.199999809265137
2,0.6999999912161575,20.02284,20.012075424194336,15.199999809265137
2,0.7166666576736851,20.024405,20.007710456848145,15.199999809265137
2,0.7333333241312127,20.025969,20.003345489501953,15.199999809265137
2,0.7499999905887402,20.027533,19.99898052215576,15.199999809265137
2,0.7666666570462678,20.029095,19.99495217674657,15.199999809265137
2,0.7833333235037954,20.03163,19.992557437796343,15.199999809265137
2,0.7999999899613229,20.034248,19.990162698846113,15.199999809265137
2,0.8166666564188505,20.03687,19.987767959895887,15.199999809265137
2,0.8333333228763781,20.039488,19.98537322094566,15.199999809265137
2,0.8499999893339056,20.042107,19.9840693222849,15.199999809265137
2,0.8666666557914332,20.044727,19.983529944168893,15.199999809265137
2,0.8833333222489608,20.047346,19.982990566052887,15.199999809265137
2,0.8999999887064883,20.049965,19.982451187936885,15.199999809265137
2,0.9166666551640159,20.052586,19.981913528944318,15.199999809265137
2,0.9333333216215434,20.055204,19.98171625639263,15.199999809265137
2,0.9499999880790709,20.057823,19.981518983840942,15.199999809265137
2,0.9666666545365985,20.060444,19.981321711289254,15.199999809265137
2,0.9833333209941261,20.063063,19.981124438737567,15.199999809265137
2,0.9999999874516536,20.06576,19.981352655511152,15.199999809265137
2,1.0166666539091813,20.069193,19.982163387432433,15.199999809265137
2,1.0333333203667088,20.072626,19.982974119353713,15.199999809265137
2,1.0499999868242365,20.07606,19.983784851274994,15.199999809265137
2,1.066666653281764,20.079493,19.98459558319627,15.199999809265137
2,1.0833333197392914,20.082926,19.986106236775715,15.199999809265137
2,1.099999986196819,20.086359,19.987751007080078,15.199999809265137
2,1.1166666526543465,20.089792,19.98939577738444,15.199999809265137
2,1.1333333191118742,20.093224,19.9910405476888,15.199999809265137
2,1.1499999855694016,20.096657,19.99287496115032,15.199999809265137
2,1.1666666520269293,20.10009,19.995259711616917,15.199999809265137
2,1.1833333184844568,20.103523,19.997644462083514,15.199999809265137
2,1.1999999849419845,20.106956,20.000029212550114,15.199999809265137
2,1.216666651399512,20.11039,20.00241396301671,15.199999809265137
2,1.2333333178570396,20.113958,20.0055183862385,15.199999809265137
2,1.249999984314567,20.117891,20.008971904453478,15.199999809265137
2,1.2666666507720947,20.121822,20.012425422668457,15.199999809265137
2,1.2833333172296222,20.125755,20.015878940883436,15.199999809265137
2,1.2999999836871499,20.129688,20.01939434754221,15.199999809265137
2,1.3166666501446773,20.13362,20.023532076885825,15.199999809265137
2,1.333333316602205,20.137552,20.02766980622944,15.199999809265137
2,1.3499999830597325,20.141485,20.031807535573055,15.199999809265137
2,1.36666664951726,20.145416,20.03594526491667,15.199999809265137
2,1.3833333159747876,20.14935,20.040253668500664,15.199999809265137
2,1.399999982432315,20.15328,20.044727676793148,15.199999809265137
2,1.4166666488898427,20.157213,20.04920168508563,15.199999809265137
2,1.4333333153473702,20.161146,20.053675693378114,15.199999809265137
2,1.4499999818048979,20.165077,20.058149701670597,15.199999809265137
2,1.4666666482624253,20.169273,20.06297312284771,15.199999809265137
2,1.483333314719953,20.173798,20.067825028770848,15.199999809265137
2,1.4999999811774805,20.17832,20.072676934693988,15.199999809265137
2,1.5166666476350081,20.182842,20.07752884061713,15.199999809265137
2,1.5333333140925356,20.187366,20.082187334696453,15.199999809265137
2,1.5499999805500633,20.191889,20.08647322654724,15.199999809265137
2,1.5666666470075907,20.196411,20.09075911839803,15.199999809265137
2,1.5833333134651184,20.200933,20.09504501024882,15.199999809265137
2,1.5999999799226459,20.205458,20.09933090209961,15.199999809265137
2,1.6166666463801733,20.20998,20.10302940586157,15.199999809265137
2,1.633333312837701,20.214502,20.106541190231056,15.199999809265137
2,1.6499999792952285,20.219025,20.110052974600542,15.199999809265137
2,1.6666666457527561,20.223549,20.113564758970025,15.199999809265137
2,1.6833333122102836,20.228071,20.11689237544411,15.199999809265137
2,1.6999999786678113,20.232674,20.119357033779746,15.199999809265137
2,1.7166666451253387,20.237326,20.121821692115383,15.199999809265137
2,1.7333333115828664,20.241978,20.12428635045102,15.199999809265137
2,1.7499999780403939,20.246677,20.126751008786652,15.199999809265137
2,1.7666666444979215,20.25161,20.128603642446954,15.199999809265137
2,1.783333310955449,20.256542,20.130036157474184,15.199999809265137
2,1.7999999774129767,20.261475,20.131468672501413,15.199999809265137
2,1.8166666438705041,20.266413,20.132901187528645,15.199999809265137
2,1.8333333103280318,20.271717,20.134327495307254,15.199999809265137
2,1.8499999767855593,20.277021,20.13514238909671,15.199999809265137
2,1.8666666432430867,20.282324,20.13595728288617,15.199999809265137
2,1.8833333097006144,20.287628,20.136772176675628,15.199999809265137
2,1.8999999761581419,20.293442,20.137587070465088,15.199999809265137
2,1.9166666426156695,20.29933,20.138417963396037,15.199999809265137
2,1.933333309073197,20.305218,20.13927031399911,15.199999809265137
2,1.9499999755307247,20.311106,20.140122664602178,15.199999809265137
2,1.9666666419882521,20.31766,20.14097501520525,15.199999809265137
2,1.9833333084457798,20.324465,20.141827365808318,15.199999809265137
2,1.9999999749033073,20.33127,20.143756264134456,15.199999809265137
2,2.016666641360835,20.338076,20.145883811147588,15.199999809265137
2,2.0333333078183626,20.345938,20.148011358160723,15.199999809265137
2,2.04999997427589,20.354572,20.150138905173854,15.199999809265137
2,2.0666666407334175,20.363207,20.152815868980007,15.199999809265137
2,2.0833333071909452,20.37184,20.157045991797197,15.199999809265137
2,2.099999973648473,20.380474,20.161276114614385,15.199999809265137
2,2.116666640106,20.391718,20.165506237431575,15.199999809265137
2,2.133333306563528,20.404167,20.169736360248766,15.199999809265137
2,2.1499999730210555,20.416618,20.17667071442855,15.199999809265137
2,2.1666666394785827,20.429068,20.18488707458764,15.199999809265137
2,2.1833333059361104,20.441517,20.193103434746725,15.199999809265137
2,2.199999972393638,20.453966,20.201319794905814,15.199999809265137
2,2.2166666388511658,20.472122,20.210086584091187,15.199999809265137
2,2.233333305308693,20.490847,20.224067964051898,15.199999809265137
2,2.2499999717662207,20.50957,20.238049344012612,15.199999809265137
2,2.2666666382237484,20.528294,20.252030723973323,15.199999809265137
2,2.283333304681276,20.547016,20.266012103934038,15.199999809265137
2,2.2999999711388033,20.567036,20.284031667207415,15.199999809265137
2,2.316666637596331,20.595343,20.305891463631077,15.199999809265137
2,2.3333333040538586,20.62365,20.32775126005474,15.199999809265137
2,2.3499999705113863,20.651957,20.3496110564784,15.199999809265137
2,2.3666666369689136,20.680264,20.37147085290206,15.199999809265137
2,2.3833333034264412,20.70857,20.402833867491335,15.199999809265137
2,2.399999969883969,20.741846,20.43491604453639,15.199999809265137
2,2.416666636341496,20.78393,20.46699822158144,15.199999809265137
2,2.433333302799024,20.826015,20.499080398626493,15.199999809265137
2,2.4499999692565515,20.8681,20.535604025188245,15.199999809265137
2,2.466666635714079,20.910185,20.580495600114787,15.199999809265137
2,2.4833333021716064,20.952269,20.625387175041332,15.199999809265137
2,2.499999968629134,21.005245,20.670278749967874,15.199999809265137
2,2.5166666350866618,21.065916,20.71517032489442,15.199999809265137
2,2.5333333015441895,21.126585,20.77200762430827,15.199999809265137
2,2.5499999680017167,21.187256,20.832538667478058,15.199999809265137
2,2.5666666344592444,21.247925,20.89306971064785,15.199999809265137
2,2.583333300916772,21.308596,20.953600753817643,15.199999809265137
2,2.5999999673742997,21.38857,21.017563217564632,15.199999809265137
2,2.616666633831827,21.473032,21.097062391147276,15.199999809265137
2,2.6333333002893546,21.557493,21.176561564729923,15.199999809265137
2,2.6499999667468823,21.641953,21.25606073831257,15.199999809265137
2,2.66666663320441,21.726414,21.335559911895217,15.199999809265137
2,2.6833332996619372,21.811943,21.428199713690237,15.199999809265137
2,2.699999966119465,21.925348,21.529673551258288,15.199999809265137
2,2.7166666325769926,22.038754,21.631147388826335,15.199999809265137
2,2.73333329903452,22.152159,21.732621226394382,15.199999809265137
2,2.7499999654920475,22.265564,21.834478039490545,15.199999809265137
2,2.766666631949575,22.37897,21.96135592042354,15.199999809265137
2,2.783333298407103,22.501162,22.088233801356534,15.199999809265137
2,2.79999996486463,22.64806,22.21511168228952,15.199999809265137
2,2.8166666313221578,22.79496,22.341989563222516,15.199999809265137
2,2.8333332977796855,22.941858,22.48109610038891,15.199999809265137
2,2.849999964237213,23.088757,22.63627052307129,15.199999809265137
2,2.8666666306947404,23.235655,22.79144494575366,15.199999809265137
2,2.883333297152268,23.386763,22.94661936843604,15.199999809265137
2,2.8999999636097957,23.5431,23.101793791118418,15.199999809265137
2,2.9166666300673234,23.717018,23.282969755038877,15.199999809265137
2,2.9333332965248506,23.890934,23.46876137716728,15.199999809265137
2,2.9499999629823783,24.067877,23.65455299929568,15.199999809265137
2,2.966666629439906,24.261091,23.840344621424087,15.199999809265137
2,2.9833332958974332,24.454304,24.03483991455613,15.199999809265137
2,2.999999962354961,24.658445,24.253311358000097,15.199999809265137
2,3.0166666288124886,24.892187,24.471782801444064,15.199999809265137
2,3.0333332952700163,25.125929,24.690254244888035,15.199999809265137
2,3.0499999617275435,25.35967,24.908725688331998,15.199999809265137
2,3.066666628185071,25.593412,25.149983322411245,15.199999809265137
2,3.083333294642599,25.827154,25.401796324211247,15.199999809265137
2,3.0999999611001265,26.084852,25.653609326011253,15.199999809265137
2,3.116666627557654,26.366985,25.90542232781125,15.199999809265137
2,3.1333332940151815,26.649118,26.160634258337183,15.199999809265137
2,3.149999960472709,26.93125,26.446266600960175,15.199999809265137
2,3.166666626930237,27.213383,26.731898943583168,15.199999809265137
2,3.183333293387764,27.495516,27.017531286206157,15.199999809265137
2,3.1999999598452917,27.777647,27.30316362882915,15.199999809265137
2,3.2166666263028194,28.082771,27.60565766117029,15.199999809265137
2,3.2333332927603466,28.405554,27.923867443151632,15.199999809265137
2,3.2499999592178743,28.728336,28.242077225132984,15.199999809265137
2,3.266666625675402,29.051119,28.560287007114336,15.199999809265137
2,3.2833332921329297,29.373901,28.87849678909569,15.199999809265137
2,3.299999958590457,29.696686,29.225742214604416,15.199999809265137
2,3.3166666250479846,30.03983,29.575017013047862,15.199999809265137
2,3.3333332915055123,30.400536,29.924291811491308,15.199999809265137
2,3.34999995796304,30.761242,30.273566609934754,15.199999809265137
2,3.366666624420567,31.121948,30.63286816446404,15.199999809265137
2,3.383333290878095,31.482655,31.01064759806582,15.199999809265137
2,3.3999999573356225,31.84336,31.388427031667604,15.199999809265137
2,3.4166666237931502,32.221455,31.766206465269384,15.199999809265137
2,3.4333332902506775,32.61637,32.14398589887116,15.199999809265137
2,3.449999956708205,33.011288,32.54177001902931,15.199999809265137
2,3.466666623165733,33.406204,32.945568620112894,15.199999809265137
2,3.48333328962326,33.80112,33.34936722119648,15.199999809265137
2,3.4999999560807877,34.196037,33.75316582228007,15.199999809265137
2,3.5166666225383154,34.605255,34.16111176055774,15.199999809265137
2,3.533333288995843,35.029995,34.58721631033378,15.199999809265137
2,3.5499999554533703,35.45473,35.013320860109815,15.199999809265137
2,3.566666621910898,35.879467,35.439425409885864,15.199999809265137
2,3.5833332883684257,36.304207,35.865529959661906,15.199999809265137
2,3.5999999548259534,36.728943,36.303088137977994,15.199999809265137
2,3.6166666212834806,37.156918,36.748186621749596,15.199999809265137
2,3.6333332877410083,37.588833,37.193285105521205,15.199999809265137
2,3.649999954198536,38.02724,37.63838358929282,15.199999809265137
2,3.6666666206560636,38.468334,38.0838070250394,15.199999809265137
2,3.683333287113591,38.912388,38.54507186956572,15.199999809265137
2,3.6999999535711185,39.363544,39.00633671409204,15.199999809265137
2,3.7166666200286462,39.81725,39.46760155861838,15.199999809265137
2,3.7333332864861735,40.273712,39.92886640314469,15.199999809265137
2,3.749999952943701,40.73646,40.39596678081311,15.199999809265137
2,3.766666619401229,41.201885,40.870579568963294,15.199999809265137
2,3.7833332858587565,41.67034,41.34519235711348,15.199999809265137
2,3.7999999523162837,42.147457,41.81980514526366,15.199999809265137
2,3.8166666187738114,42.625526,42.29441793341384,15.199999809265137
2,3.833333285231339,43.103596,42.7780115729884,15.199999809265137
2,3.8499999516888668,43.594364,43.263137240158876,15.199999809265137
2,3.866666618146394,44.08676,43.74826290732935,15.199999809265137
2,3.8833332846039217,44.579155,44.23338857449983,15.199999809265137
2,3.8999999510614494,45.071552,44.720864195572695,15.199999809265137
2,3.916666617518977,45.563946,45.214649878050146,15.199999809265137
2,3.9333332839765043,46.056343,45.70843556052758,15.199999809265137
2,3.949999950434032,46.55854,46.202221243005035,15.199999809265137
2,3.9666666168915596,47.062363,46.696006925482486,15.199999809265137
2,3.9833332833490873,47.566185,47.19410187737983,15.199999809265137
2,3.9999999498066146,48.070007,47.69414700959856,15.199999809265137
2,4.016666616264142,48.57383,48.1941921418173,15.199999809265137
2,4.03333328272167,49.077652,48.694237274036055,15.199999809265137
2,4.049999949179197,49.581474,49.194850633018866,15.199999809265137
2,4.066666615636725,50.08929,49.70028039028769,15.199999809265137
2,4.0833332820942525,50.59952,50.20571014755649,15.199999809265137
2,4.09999994855178,51.10975,50.71113990482528,15.199999809265137
2,4.116666615009308,51.619976,51.21656966209411,15.199999809265137
2,4.133333281466835,52.130207,51.724059188575055,15.199999809265137
2,4.149999947924362,52.640434,52.233430235009415,15.199999809265137
2,4.1666666143818905,53.150665,52.7428012814438,15.199999809265137
2,4.183333280839418,53.66168,53.252172327878164,15.199999809265137
2,4.199999947296946,54.173927,53.76154337431255,15.199999809265137
2,4.216666613754473,54.686176,54.273983696050806,15.199999809265137
2,4.233333280212,55.198425,54.786620976632086,15.199999809265137
2,4.249999946669528,55.710674,55.299258257213395,15.199999809265137
2,4.266666613127056,56.222923,55.811895537794676,15.199999809265137
2,4.283333279584583,56.735172,56.32544602427565,15.199999809265137
2,4.299999946042111,57.247135,56.840642853787074,15.199999809265137
2,4.316666612499638,57.757557,57.35583968329847,15.199999809265137
2,4.3333332789571655,58.267975,57.87103651280987,15.199999809265137
2,4.349999945414694,58.778397,58.3862333423213,15.199999809265137
2,4.366666611872221,59.288815,58.90256709383244,15.199999809265137
2,4.383333278329749,59.799236,59.41923306281107,15.199999809265137
2,4.399999944787276,60.309658,59.93589903178967,15.199999809265137
2,4.416666611244803,60.820076,60.45256500076827,15.199999809265137
2,4.4333332777023315,61.325783,60.96940867106119,15.199999809265137
2,4.449999944159859,61.831078,61.48700523376463,15.199999809265137
2,4.466666610617386,62.336376,62.004601796468066,15.199999809265137
2,4.483333277074914,62.84167,62.52219835917154,15.199999809265137
2,4.499999943532441,63.34697,63.03979492187498,15.199999809265137
2,4.5166666099899695,63.85227,63.557698697374576,15.199999809265137
2,4.533333276447497,64.35757,64.07580051087496,15.199999809265137
2,4.549999942905024,64.85754,64.59390232437534,15.199999809265137
2,4.566666609362552,65.35507,65.11200413787574,15.199999809265137
2,4.583333275820079,65.852615,65.63010668336298,15.199999809265137
2,4.599999942277607,66.35015,66.14823762994061,15.199999809265137
2,4.616666608735135,66.84769,66.66636857651828,15.199999809265137
2,4.633333275192662,67.34522,67.18449952309591,15.199999809265137
2,4.649999941650189,67.842766,67.70263046967354,15.199999809265137
2,4.666666608107717,68.33935,68.22075773540296,15.199999809265137
2,4.6833332745652445,68.834785,68.73888035824423,15.199999809265137
2,4.699999941022773,69.32848,69.25700298108552,15.199999809265137
2,4.7166666074803,69.82121,69.7751256039268,15.199999809265137
2,4.733333273937827,70.31217,70.29324822676806,15.199999809265137
2,4.749999940395355,70.80144,70.80966567993163,15.199999809265137
2,4.7666666068528825,71.290695,71.32580392402512,15.199999809265137
2,4.78333327331041,71.77561,71.84194216811862,15.199999809265137
2,4.799999939767938,72.26048,72.35808041221216,15.199999809265137
2,4.816666606225465,72.74525,72.87163562105411,15.199999809265137
2,4.833333272682992,73.22458,73.37842797396473,15.199999809265137
2,4.84999993914052,73.70391,73.88522032687537,15.199999809265137
2,4.866666605598048,74.18324,74.39201267978599,15.199999809265137
2,4.883333272055576,74.66185,74.89880503269664,15.199999809265137
2,4.899999938513103,75.137825,75.3874679364656,15.199999809265137
2,4.91666660497063,75.61268,75.86811709822268,15.199999809265137
2,4.933333271428158,76.085396,76.34876625997978,15.199999809265137
2,4.949999937885686,76.55537,76.82941542173685,15.199999809265137
2,4.966666604343213,77.01972,77.30790687025637,15.199999809265137
2,4.983333270800741,77.48408,77.76903853500099,15.199999809265137
2,4.999999937258268,77.94725,78.23017019974557,15.199999809265137
2,5.016666603715796,78.40368,78.69130186449019,15.199999809265137
2,5.0333332701733235,78.860115,79.15243352923477,15.199999809265137
2,5.049999936630851,79.313805,79.60349803221852,15.199999809265137
2,5.066666603088379,79.76135,80.04555002848308,15.199999809265137
2,5.083333269545906,80.2089,80.4876020247476,15.199999809265137
2,5.099999936003433,80.65196,80.92965402101213,15.199999809265137
2,5.1166666024609615,81.089935,81.37170601727668,15.199999809265137
2,5.133333268918489,81.52791,81.79560875474358,15.199999809265137
2,5.149999935376016,81.95953,82.21844956749361,15.199999809265137
2,5.166666601833544,82.3874,82.64129038024366,15.199999809265137
2,5.183333268291071,82.81527,83.06413119299368,15.199999809265137
2,5.1999999347485995,83.22651,83.48001761185495,15.199999809265137
2,5.216666601206127,83.63328,83.88363725260683,15.199999809265137
2,5.233333267663654,84.04005,84.28725689335872,15.199999809265137
2,5.249999934121182,84.446815,84.69087653411061,15.199999809265137
2,5.266666600578709,84.853584,85.0944961748625,15.199999809265137
2,5.2833332670362365,85.258064,85.48309138783236,15.199999809265137
2,5.299999933493765,85.64358,85.86742160194798,15.199999809265137
2,5.316666599951292,86.02908,86.25175181606359,15.199999809265137
2,5.33333326640882,86.41459,86.63608203017921,15.199999809265137
2,5.349999932866347,86.800095,87.01667660161068,15.199999809265137
2,5.3666665993238745,87.1856,87.38194545946622,15.199999809265137
2,5.383333265781403,87.56215,87.74721431732178,15.199999809265137
2,5.39999993223893,87.92668,88.1124831751773,15.199999809265137
2,5.416666598696457,88.29121,88.47775203303284,15.199999809265137
2,5.433333265153985,88.65574,88.83190759023029,15.199999809265137
2,5.449999931611512,89.02027,89.17904901504515,15.199999809265137
2,5.46666659806904,89.384796,89.52619043986,15.199999809265137
2,5.483333264526568,89.73405,89.87333186467487,15.199999809265137
2,5.499999930984095,90.078125,90.21993290750602,15.199999809265137
2,5.516666597441623,90.422195,90.54915166319462,15.199999809265137
2,5.53333326389915,90.766266,90.8783704188832,15.199999809265137
2,5.549999930356678,91.11034,91.20758917457178,15.199999809265137
2,5.566666596814206,91.453094,91.53680793026037,15.199999809265137
2,5.583333263271733,91.77739,91.85847784343518,15.199999809265137
2,5.59999992972926,92.10168,92.17081772653678,15.199999809265137
2,5.616666596186788,92.425964,92.48315760963841,15.199999809265137
2,5.6333332626443156,92.75025,92.79549749274003,15.199999809265137
2,5.649999929101843,93.07455,93.10783737584163,15.199999809265137
2,5.666666595559371,93.39149,93.40675685280247,15.199999809265137
2,5.683333262016898,93.69674,93.70356963810167,15.199999809265137
2,5.699999928474426,94.00199,94.00038242340088,15.199999809265137
2,5.7166665949319535,94.30725,94.29719520870007,15.199999809265137
2,5.733333261389481,94.6125,94.58998148064863,15.199999809265137
2,5.749999927847009,94.917755,94.87248576314826,15.199999809265137
2,5.766666594304536,95.21014,95.15499004564786,15.199999809265137
2,5.783333260762063,95.497154,95.43749432814747,15.199999809265137
2,5.7999999272195915,95.784164,95.7199986106471,15.199999809265137
2,5.816666593677119,96.07118,95.99304922003493,15.199999809265137
2,5.833333260134647,96.35819,96.26201910721628,15.199999809265137
2,5.849999926592174,96.644775,96.5309889943976,15.199999809265137
2,5.866666593049701,96.914406,96.79995888157893,15.199999809265137
2,5.883333259507229,97.18404,97.0674631972062,15.199999809265137
2,5.899999925964757,97.45367,97.32375270441958,15.199999809265137
2,5.916666592422284,97.723305,97.58004221163297,15.199999809265137
2,5.933333258879812,97.992935,97.83633171884637,15.199999809265137
2,5.949999925337339,98.25687,98.09262122605975,15.199999809265137
2,5.9666665917948665,98.509964,98.34262013017084,15.199999809265137
2,5.983333258252395,98.76306,98.58709992023935,15.199999809265137
2,5.999999924709922,99.01616,98.83157971030786,15.199999809265137
2,6.01666659116745,99.26925,99.07605950037639,15.199999809265137
2,6.033333257624977,99.52235,99.32053929044488,15.199999809265137
2,6.049999924082504,99.755585,99.55463763287192,15.199999809265137
2,6.0666665905400325,99.978775,99.78818669235497,15.199999809265137
2,6.08333325699756,100.201965,100.02173575183801,15.199999809265137
2,6.099999923455087,100.425156,100.25528481132103,15.199999809265137
2,6.116666589912615,100.64835,100.48486074648405,15.199999809265137
2,6.133333256370142,100.871544,100.70757896021792,15.199999809265137
2,6.14999992282767,101.094734,100.93029717395179,15.199999809265137
2,6.166666589285198,101.317924,101.15301538768567,15.199999809265137
2,6.183333255742725,101.541115,101.37573360141954,15.199999809265137
2,6.199999922200253,101.764305,101.59033845600328,15.199999809265137
2,6.21666658865778,101.987495,101.80270693594949,15.199999809265137
2,6.233333255115308,102.2091,102.01507541589568,15.199999809265137
2,6.249999921572836,102.42703,102.2274438958419,15.199999809265137
2,6.266666588030363,102.64497,102.4378079866108,15.199999809265137
2,6.28333325448789,102.852516,102.64020463039999,15.199999809265137
2,6.299999920945418,103.05653,102.84260127418919,15.199999809265137
2,6.3166665874029455,103.26056,103.04499791797838,15.199999809265137
2,6.333333253860474,103.46458,103.24739456176758,15.199999809265137
2,6.349999920318001,103.668594,103.44374295284874,15.199999809265137
2,6.366666586775528,103.865135,103.63635421217533,15.199999809265137
2,6.383333253233056,104.05737,103.82896547150193,15.199999809265137
2,6.3999999196905835,104.24961,104.02157673082853,15.199999809265137
2,6.416666586148111,104.44185,104.2138537356728,15.199999809265137
2,6.433333252605639,104.63408,104.39696261757298,15.199999809265137
2,6.449999919063166,104.82045,104.58007149947316,15.199999809265137
2,6.466666585520693,105.00146,104.76318038137335,15.199999809265137
2,6.483333251978221,105.18246,104.94628926327353,15.199999809265137
2,6.499999918435749,105.363464,105.12515780800265,15.199999809265137
2,6.516666584893277,105.544464,105.29889083326908,15.199999809265137
2,6.533333251350804,105.72112,105.47262385853548,15.199999809265137
2,6.549999917808331,105.89152,105.6463568838019,15.199999809265137
2,6.566666584265859,106.06191,105.82008990906832,15.199999809265137
2,6.583333250723387,106.232315,105.9865404095566,15.199999809265137
2,6.599999917180914,106.40271,106.15189642655221,15.199999809265137
2,6.616666583638442,106.57011,106.31725244354783,15.199999809265137
2,6.633333250095969,106.73041,106.48260846054345,15.199999809265137
2,6.649999916553497,106.89072,106.64552211761475,15.199999809265137
2,6.6666665830110245,107.051025,106.80235129908512,15.199999809265137
2,6.683333249468552,107.21133,106.95918048055547,15.199999809265137
2,6.69999991592608,107.3707,107.11600966202585,15.199999809265137
2,6.716666582383607,107.525925,107.27283884349622,15.199999809265137
2,6.733333248841134,107.681145,107.42427006102444,15.199999809265137
2,6.7499999152986625,107.83436,107.57342642231991,15.199999809265137
2,6.76666658175619,107.98499,107.72258278361538,15.199999809265137
2,6.783333248213717,108.13563,107.87173914491083,15.199999809265137
2,6.799999914671245,108.28237,108.02000045776367,15.199999809265137
2,6.816666581128772,108.42898,108.16173537572224,15.199999809265137
2,6.8333332475863005,108.572655,108.30347029368083,15.199999809265137
2,6.849999914043828,108.71532,108.4452052116394,15.199999809265137
2,6.866666580501355,108.85602,108.58694012959798,15.199999809265137
2,6.883333246958883,108.99491,108.72495852855214,15.199999809265137
2,6.89999991341641,109.1327,108.85978141583894,15.199999809265137
2,6.9166665798739375,109.26785,108.99460430312574,15.199999809265137
2,6.933333246331466,109.40275,109.12942719041256,15.199999809265137
2,6.949999912788993,109.53435,109.26425007769936,15.199999809265137
2,6.96666657924652,109.665955,109.39340655008951,15.199999809265137
2,6.983333245704048,109.79455,109.52229461335298,15.199999809265137
2,6.9999999121615755,109.9226,109.65118267661646,15.199999809265137
2,7.016666578619104,110.04856,109.78007073987995,15.199999809265137
2,7.033333245076631,110.17326,109.90671969296639,15.199999809265137
2,7.049999911534158,110.29662,110.02958636534841,15.199999809265137
2,7.066666577991686,110.41796,110.15245303773044,15.199999809265137
2,7.083333244449213,110.53874,110.27531971011246,15.199999809265137
2,7.099999910906741,110.656906,110.39818638249447,15.199999809265137
2,7.116666577364269,110.77507,110.51689485081455,15.199999809265137
2,7.133333243821796,110.89023,110.63449093333462,15.199999809265137
2,7.149999910279324,111.00523,110.75208701585468,15.199999809265137
2,7.166666576736851,111.118126,110.86968309837475,15.199999809265137
2,7.183333243194379,111.23023,110.9861812758864,15.199999809265137
2,7.199999909651907,111.341095,111.09844850239,15.199999809265137
2,7.216666576109434,111.45073,111.2107157288936,15.199999809265137
2,7.233333242566961,111.5586,111.32298295539721,15.199999809265137
2,7.249999909024489,111.66196,111.43525018190083,15.199999809265137
2,7.2666665754820166,111.765305,111.54456413001344,15.199999809265137
2,7.283333241939544,111.86866,111.65209182103474,15.199999809265137
2,7.299999908397072,111.972015,111.75961951205605,15.199999809265137
2,7.316666574854599,112.07097,111.86714720307734,15.199999809265137
2,7.333333241312127,112.169044,111.97447519135056,15.199999809265137
2,7.3499999077696545,112.26712,112.07703527651334,15.199999809265137
2,7.366666574227182,112.36519,112.17959536167612,15.199999809265137
2,7.38333324068471,112.46132,112.28215544683891,15.199999809265137
2,7.399999907142237,112.55434,112.38471553200169,15.199999809265137
2,7.416666573599764,112.64735,112.48513112988388,15.199999809265137
2,7.4333332400572925,112.740364,112.5830016219825,15.199999809265137
2,7.44999990651482,112.83338,112.68087211408113,15.199999809265137
2,7.466666572972347,112.92199,112.77874260617975,15.199999809265137
2,7.483333239429875,113.01031,112.87661309827838,15.199999809265137
2,7.499999905887402,113.09862,112.97029580568012,15.199999809265137
2,7.51666657234493,113.186935,113.06337681987829,15.199999809265137
2,7.533333238802458,113.27304,113.15645783407646,15.199999809265137
2,7.549999905259985,113.35684,113.24953884827463,15.199999809265137
2,7.566666571717513,113.44065,113.3411045743708,15.199999809265137
2,7.58333323817504,113.52445,113.4289865828397,15.199999809265137
2,7.5999999046325675,113.60808,113.5168685913086,15.199999809265137
2,7.616666571090096,113.68769,113.60475059977749,15.199999809265137
2,7.633333237547623,113.767296,113.69263260824638,15.199999809265137
2,7.649999904005151,113.84691,113.77698777851305,15.199999809265137
2,7.666666570462678,113.92651,113.8598921926398,15.199999809265137
2,7.683333236920205,114.00374,113.94279660676655,15.199999809265137
2,7.6999999033777335,114.07932,114.0257010208933,15.199999809265137
2,7.716666569835261,114.15491,114.10799056605289,15.199999809265137
2,7.733333236292788,114.2305,114.18600062320107,15.199999809265137
2,7.749999902750316,114.30554,114.26401068034924,15.199999809265137
2,7.766666569207843,114.37738,114.34202073749742,15.199999809265137
2,7.783333235665371,114.44923,114.42003079464561,15.199999809265137
2,7.799999902122899,114.521065,114.495143388447,15.199999809265137
2,7.816666568580426,114.59291,114.5678146010951,15.199999809265137
2,7.833333235037954,114.662254,114.64048581374318,15.199999809265137
2,7.849999901495481,114.73051,114.71315702639127,15.199999809265137
2,7.866666567953009,114.79876,114.78582823903936,15.199999809265137
2,7.883333234410537,114.86701,114.85365485308463,15.199999809265137
2,7.899999900868064,114.93447,114.92127855200516,15.199999809265137
2,7.916666567325591,114.99954,114.98890225092569,15.199999809265137
2,7.933333233783119,115.064606,115.05652594984623,15.199999809265137
2,7.9499999002406465,115.12968,115.12239476254112,15.199999809265137
2,7.966666566698175,115.19474,115.18536216334293,15.199999809265137
2,7.983333233155702,115.25768,115.24832956414474,15.199999809265137
2,7.999999899613229,115.32009,115.31129696494654,15.199999809265137
2,8.016666566070757,115.38251,115.37426436574836,15.199999809265137
2,8.033333232528284,115.444916,115.43321758404112,15.199999809265137
2,8.049999898985812,115.505066,115.49112914737901,15.199999809265137
2,8.06666656544334,115.56106,115.54904071071691,15.199999809265137
2,8.083333231900868,115.61706,115.6069522740548,15.199999809265137
2,8.099999898358394,115.67306,115.66389304713198,15.199999809265137
2,8.116666564815922,115.72906,115.7172049137584,15.199999809265137
2,8.13333323127345,115.78505,115.7705167803848,15.199999809265137
2,8.149999897730977,115.84105,115.8238286470112,15.199999809265137
2,8.166666564188505,115.89705,115.87714051363761,15.199999809265137
2,8.183333230646033,115.95305,115.92798035604912,15.199999809265137
2,8.19999989710356,116.00673,115.9773567601254,15.199999809265137
2,8.216666563561088,116.05766,116.0267331642017,15.199999809265137
2,8.233333230018616,116.1086,116.076109568278,15.199999809265137
2,8.249999896476142,116.15953,116.12532876667223,15.199999809265137
2,8.26666656293367,116.210464,116.17122917844537,15.199999809265137
2,8.283333229391198,116.26139,116.21712959021853,15.199999809265137
2,8.299999895848725,116.312325,116.26303000199167,15.199999809265137
2,8.316666562306253,116.36326,116.30893041376481,15.199999809265137
2,8.333333228763781,116.41419,116.35313917461194,15.199999809265137
2,8.349999895221307,116.46256,116.39538047188206,15.199999809265137
2,8.366666561678835,116.50893,116.43762176915219,15.199999809265137
2,8.383333228136364,116.55529,116.47986306642231,15.199999809265137
2,8.399999894593892,116.60165,116.52210436369243,15.199999809265137
2,8.416666561051418,116.64801,116.56176467527423,15.199999809265137
2,8.433333227508946,116.694374,116.60107102310448,15.199999809265137
2,8.449999893966474,116.74074,116.64037737093474,15.199999809265137
2,8.466666560424,116.7871,116.67968371876499,15.199999809265137
2,8.483333226881529,116.833466,116.71835484421044,15.199999809265137
2,8.499999893339057,116.87765,116.75551866230212,15.199999809265137
2,8.516666559796583,116.920746,116.7926824803938,15.199999809265137
2,8.533333226254111,116.96384,116.82984629848546,15.199999809265137
2,8.54999989271164,117.006935,116.86701011657715,15.199999809265137
2,8.566666559169166,117.050026,116.90268904702705,15.199999809265137
2,8.583333225626694,117.093124,116.9377719310292,15.199999809265137
2,8.599999892084222,117.136215,116.97285481503135,15.199999809265137
2,8.616666558541748,117.17931,117.0079376990335,15.199999809265137
2,8.633333224999276,117.222404,117.04281177855374,15.199999809265137
2,8.649999891456805,117.25967,117.07629650517514,15.199999809265137
2,8.666666557914331,117.29518,117.10978123179653,15.199999809265137
2,8.683333224371859,117.3307,117.14326595841793,15.199999809265137
2,8.699999890829387,117.36622,117.17675068503932,15.199999809265137
2,8.716666557286915,117.40174,117.20978131210595,15.199999809265137
2,8.733333223744442,117.437256,117.24243699458607,15.199999809265137
2,8.74999989020197,117.47277,117.2750926770662,15.199999809265137
2,8.766666556659498,117.50829,117.30774835954632,15.199999809265137
2,8.783333223117024,117.54381,117.34040404202645,15.199999809265137
2,8.799999889574552,117.57933,117.37234978926809,15.199999809265137
2,8.81666655603208,117.614845,117.40426965345416,15.199999809265137
2,8.833333222489607,117.65037,117.43618951764023,15.199999809265137
2,8.849999888947135,117.68588,117.4681093818263,15.199999809265137
2,8.866666555404663,117.7214,117.4999491373698,15.199999809265137
2,8.88333322186219,117.75692,117.53165924339963,15.199999809265137
2,8.899999888319718,117.792435,117.56336934942948,15.199999809265137
2,8.916666554777246,117.82796,117.59507945545933,15.199999809265137
2,8.933333221234772,117.86347,117.62678956148918,15.199999809265137
2,8.9499998876923,117.895035,117.65863001974006,15.199999809265137
2,8.966666554149828,117.926506,117.69050327100251,15.199999809265137
2,8.983333220607355,117.95798,117.72237652226498,15.199999809265137
2,8.999999887064883,117.98945,117.75424977352745,15.199999809265137
2,9.01666655352241,118.02092,117.78621187544705,15.199999809265137
2,9.033333219979939,118.05239,117.81849631928561,15.199999809265137
2,9.049999886437465,118.08386,117.85078076312416,15.199999809265137
2,9.066666552894993,118.11534,117.88306520696271,15.199999809265137
2,9.083333219352522,118.14681,117.91534965080128,15.199999809265137
2,9.099999885810048,118.17828,117.94818958483243,15.199999809265137
2,9.116666552267576,118.209755,117.98135135048314,15.199999809265137
2,9.133333218725104,118.24123,118.01451311613384,15.199999809265137
2,9.14999988518263,118.27147,118.04767488178453,15.199999809265137
2,9.166666551640159,118.299416,118.0808415831181,15.199999809265137
2,9.183333218097687,118.32737,118.11410156885783,15.199999809265137
2,9.199999884555213,118.355316,118.14736155459755,15.199999809265137
2,9.216666551012741,118.38327,118.18062154033727,15.199999809265137
2,9.23333321747027,118.41122,118.213881526077,15.199999809265137
2,9.249999883927796,118.43916,118.24783315156635,15.199999809265137
2,9.266666550385324,118.46712,118.28257309763055,15.199999809265137
2,9.283333216842852,118.49506,118.31731304369475,15.199999809265137
2,9.299999883300378,118.52301,118.35205298975895,15.199999809265137
2,9.316666549757906,118.550964,118.38679293582314,15.199999809265137
2,9.333333216215435,118.57891,118.42170072856702,15.199999809265137
2,9.349999882672961,118.60686,118.45663045582018,15.199999809265137
2,9.366666549130489,118.63305,118.49156018307335,15.199999809265137
2,9.383333215588017,118.658554,118.5264899103265,15.199999809265137
2,9.399999882045545,118.68405,118.56142214724892,15.199999809265137
2,9.416666548503072,118.70956,118.59636019823844,15.199999809265137
2,9.4333332149606,118.73506,118.63129824922795,15.199999809265137
2,9.449999881418128,118.76057,118.66623630021748,15.199999809265137
2,9.466666547875654,118.786064,118.70117435120699,15.199999809265137
2,9.483333214333182,118.81157,118.7362786845157,15.199999809265137
2,9.49999988079071,118.837074,118.77144813537598,15.199999809265137
2,9.516666547248237,118.86257,118.80661758623624,15.199999809265137
2,9.533333213705765,118.88808,118.84178703709652,15.199999809265137
2,9.549999880163293,118.91358,118.87693096462048,15.199999809265137
2,9.56666654662082,118.93877,118.91191229903907,15.199999809265137
2,9.583333213078348,118.96079,118.94689363345765,15.199999809265137
2,9.599999879535876,118.98283,118.98187496787624,15.199999809265137
2,9.616666545993402,119.00485,119.01685630229481,15.199999809265137
2,9.63333321245093,119.02688,119.05098552034612,15.199999809265137
2,9.649999878908458,119.048904,119.08442529879117,15.199999809265137
2,9.666666545365985,119.07093,119.11786507723625,15.199999809265137
2,9.683333211823513,119.09296,119.1513048556813,15.199999809265137
2,9.69999987828104,119.11499,119.18474463412636,15.199999809265137
2,9.716666544738569,119.13702,119.21701386100368,15.199999809265137
2,9.733333211196095,119.15904,119.24924669767681,15.199999809265137
2,9.749999877653623,119.18107,119.28147953434994,15.199999809265137
2,9.766666544111152,119.203094,119.31371237102307,15.199999809265137
2,9.783333210568678,119.22513,119.34531716296547,15.199999809265137
2,9.799999877026206,119.24596,119.37592687104878,15.199999809265137
2,9.816666543483734,119.26579,119.40653657913208,15.199999809265137
2,9.83333320994126,119.28563,119.43714628721538,15.199999809265137
2,9.849999876398789,119.305466,119.46775599529869,15.199999809265137
2,9.866666542856317,119.32531,119.4962656121505,15.199999809265137
2,9.883333209313843,119.345146,119.52426333176462,15.199999809265137
2,9.899999875771371,119.36498,119.55226105137875,15.199999809265137
2,9.9166665422289,119.38483,119.58025877099288,15.199999809265137
2,9.933333208686426,119.40466,119.60782730370236,15.199999809265137
2,9.949999875143954,119.4245,119.63388392799779,15.199999809265137
2,9.966666541601482,119.444336,119.65994055229321,15.199999809265137
2,9.983333208059008,119.46418,119.68599717658863,15.199999809265137
2,9.999999874516536,119.48278,119.71205380088405,15.199999809265137
2,10.016666540974065,119.49917,119.7366325897083,15.199999809265137
2,10.033333207431593,119.51556,119.76037355054889,15.199999809265137
2,10.049999873889119,119.53195,119.78411451138948,15.199999809265137
2,10.066666540346647,119.54834,119.80785547223007,15.199999809265137
2,10.083333206804175,119.56473,119.83149033262019,15.199999809265137
2,10.099999873261702,119.581116,119.8533118398566,15.199999809265137
2,10.11666653971923,119.59751,119.87513334709301,15.199999809265137
2,10.133333206176758,119.6139,119.89695485432942,15.199999809265137
2,10.149999872634284,119.63029,119.91877636156583,15.199999809265137
2,10.166666539091812,119.646675,119.93940023790326,15.199999809265137
2,10.18333320554934,119.66306,119.95868633504499,15.199999809265137
2,10.199999872006867,119.67946,119.97797243218673,15.199999809265137
2,10.216666538464395,119.69585,119.99725852932846,15.199999809265137
2,10.233333204921923,119.712234,120.01654462647019,15.199999809265137
2,10.24999987137945,119.72862,120.03414864289132,15.199999809265137
2,10.266666537836977,119.74502,120.0515435871325,15.199999809265137
2,10.283333204294506,119.761406,120.06893853137368,15.199999809265137
2,10.299999870752032,119.777794,120.08633347561485,15.199999809265137
2,10.31666653720956,119.79418,120.1034028488293,15.199999809265137
2,10.333333203667088,119.81058,120.11973568431118,15.199999809265137
2,10.349999870124616,119.826965,120.13606851979306,15.199999809265137
2,10.366666536582143,119.84335,120.15240135527493,15.199999809265137
2,10.38333320303967,119.85974,120.16873419075681,15.199999809265137
2,10.399999869497199,119.87614,120.1833600495991,15.199999809265137
2,10.416666535954725,119.89005,120.19733393819709,15.199999809265137
2,10.433333202412253,119.90393,120.21130782679508,15.199999809265137
2,10.449999868869781,119.9178,120.22528171539307,15.199999809265137
2,10.466666535327308,119.93168,120.23911974722878,15.199999809265137
2,10.483333201784836,119.94555,120.25212808240924,15.199999809265137
2,10.499999868242364,119.95942,120.26513641758969,15.199999809265137
2,10.51666653469989,119.9733,120.27814475277013,15.199999809265137
2,10.533333201157419,119.98717,120.29115308795059,15.199999809265137
2,10.549999867614947,120.001045,120.30367856276662,15.199999809265137
2,10.566666534072473,120.014915,120.31582122936584,15.199999809265137
2,10.583333200530001,120.02879,120.32796389596504,15.199999809265137
2,10.59999986698753,120.04266,120.34010656256424,15.199999809265137
2,10.616666533445056,120.05654,120.35224922916345,15.199999809265137
2,10.633333199902584,120.07041,120.36298320167943,15.199999809265137
2,10.649999866360112,120.08428,120.37368086764687,15.199999809265137
2,10.66666653281764,120.09816,120.38437853361431,15.199999809265137
2,10.683333199275166,120.11203,120.39507619958175,15.199999809265137
2,10.699999865732694,120.12591,120.40539018731369,15.199999809265137
2,10.716666532190223,120.13978,120.41510898188541,15.199999809265137
2,10.733333198647749,120.153656,120.42482777645714,15.199999809265137
2,10.749999865105277,120.16753,120.43454657102886,15.199999809265137
2,10.766666531562805,120.18132,120.44426536560059,15.199999809265137
2,10.783333198020332,120.19315,120.45377674437405,15.199999809265137
2,10.79999986447786,120.204994,120.46323916786595,15.199999809265137
2,10.816666530935388,120.21683,120.47270159135785,15.199999809265137
2,10.833333197392914,120.22867,120.48216401484974,15.199999809265137
2,10.849999863850442,120.24051,120.49145402406391,15.199999809265137
2,10.86666653030797,120.25234,120.5001539933054,15.199999809265137
2,10.883333196765497,120.26418,120.5088539625469,15.199999809265137
2,10.899999863223025,120.27602,120.5175539317884,15.199999809265137
2,10.916666529680553,120.28786,120.52625390102989,15.199999809265137
2,10.93333319613808,120.2997,120.53458123458059,15.199999809265137
2,10.949999862595607,120.31153,120.54270187177156,15.199999809265137
2,10.966666529053136,120.32337,120.55082250896253,15.199999809265137
2,10.983333195510662,120.335205,120.5589431461535,15.199999809265137
2,10.99999986196819,120.347046,120.5670230263158,15.199999809265137
2,11.016666528425718,120.35889,120.57446777611447,15.199999809265137
2,11.033333194883246,120.37072,120.58191252591317,15.199999809265137
2,11.049999861340773,120.38256,120.58935727571186,15.199999809265137
2,11.0666665277983,120.394394,120.59680202551056,15.199999809265137
2,11.083333194255829,120.406235,120.60431591669719,15.199999809265137
2,11.099999860713355,120.418076,120.61190549950851,15.199999809265137
2,11.116666527170883,120.42991,120.61949508231983,15.199999809265137
2,11.133333193628411,120.44161,120.62708466513115,15.199999809265137
2,11.149999860085938,120.452095,120.63467424794247,15.199999809265137
2,11.166666526543466,120.46258,120.6417396779646,15.199999809265137
2,11.183333193000994,120.47306,120.6487432697363,15.199999809265137
2,11.19999985945852,120.48355,120.65574686150802,15.199999809265137
2,11.216666525916049,120.49403,120.66275045327973,15.199999809265137
2,11.233333192373577,120.50452,120.66965912936027,15.199999809265137
2,11.249999858831103,120.515,120.67635807238128,15.199999809265137
2,11.266666525288631,120.52548,120.68305701540227,15.199999809265137
2,11.28333319174616,120.535965,120.68975595842328,15.199999809265137
2,11.299999858203686,120.546455,120.69645490144428,15.199999809265137
2,11.316666524661214,120.55694,120.70288698296798,15.199999809265137
2,11.333333191118742,120.56742,120.70921968158923,15.199999809265137
2,11.34999985757627,120.5779,120.71555238021047,15.199999809265137
2,11.366666524033796,120.58839,120.72188507883172,15.199999809265137
2,11.383333190491324,120.59888,120.72822893711559,15.199999809265137
2,11.399999856948853,120.60936,120.73463821411133,15.199999809265137
2,11.416666523406379,120.61984,120.74104749110707,15.199999809265137
2,11.433333189863907,120.630325,120.74745676810281,15.199999809265137
2,11.449999856321435,120.64081,120.75386604509856,15.199999809265137
2,11.466666522778961,120.6513,120.75998393276282,15.199999809265137
2,11.48333318923649,120.66178,120.76587547335708,15.199999809265137
2,11.499999855694018,120.67201,120.77176701395135,15.199999809265137
2,11.516666522151544,120.68094,120.77765855454562,15.199999809265137
2,11.533333188609072,120.68987,120.78355009513989,15.199999809265137
2,11.5499998550666,120.6988,120.78962760222585,15.199999809265137
2,11.566666521524127,120.70773,120.79570892400909,15.199999809265137
2,11.583333187981655,120.71666,120.80179024579232,15.199999809265137
2,11.599999854439183,120.725586,120.80787156757556,15.199999809265137
2,11.61666652089671,120.73452,120.81384516598885,15.199999809265137
2,11.633333187354237,120.74345,120.81965513396682,15.199999809265137
2,11.649999853811766,120.75238,120.82546510194477,15.199999809265137
2,11.666666520269294,120.76131,120.83127506992273,15.199999809265137
2,11.68333318672682,120.77024,120.83708503790069,15.199999809265137
2,11.699999853184348,120.77917,120.8428272448088,15.199999809265137
2,11.716666519641876,120.78809,120.84855397542317,15.199999809265137
2,11.733333186099403,120.79703,120.85428070603756,15.199999809265137
2,11.74999985255693,120.805954,120.86000743665193,15.199999809265137
2,11.766666519014459,120.81489,120.86569760975085,15.199999809265137
2,11.783333185471985,120.823814,120.87126618937442,15.199999809265137
2,11.799999851929513,120.83274,120.876834768998,15.199999809265137
2,11.816666518387041,120.841064,120.88240334862157,15.199999809265137
2,11.833333184844568,120.84908,120.88797192824514,15.199999809265137
2,11.849999851302096,120.8571,120.89341532556634,15.199999809265137
2,11.866666517759624,120.86511,120.89879079450641,15.199999809265137
2,11.88333318421715,120.87313,120.90416626344647,15.199999809265137
2,11.899999850674678,120.88115,120.90954173238654,15.199999809265137
2,11.916666517132207,120.88917,120.91494275812516,15.199999809265137
2,11.933333183589733,120.89719,120.92070944267407,15.199999809265137
2,11.949999850047261,120.905205,120.92647612722297,15.199999809265137
2,11.96666651650479,120.91322,120.93224281177186,15.199999809265137
2,11.983333182962317,120.92124,120.93800949632076,15.199999809265137
2,11.999999849419844,120.92926,120.94354890522204,15.199999809265137
2,12.016666515877372,120.93728,120.94884446629307,15.199999809265137
2,12.0333331823349,120.9453,120.95414002736409,15.199999809265137
2,12.049999848792426,120.95331,120.95943558843513,15.199999809265137
2,12.066666515249954,120.96133,120.96473114950615,15.199999809265137
2,12.083333181707482,120.96931,120.96986947979843,15.199999809265137
2,12.099999848165009,120.97593,120.97499024240594,15.199999809265137
2,12.116666514622537,120.982544,120.98011100501346,15.199999809265137
2,12.133333181080065,120.98916,120.98523176762096,15.199999809265137
2,12.149999847537591,120.99577,120.99049324738351,15.199999809265137
2,12.16666651399512,121.002396,120.99605849751255,15.199999809265137
2,12.183333180452648,121.00901,121.00162374764157,15.199999809265137
2,12.199999846910174,121.015625,121.00718899777061,15.199999809265137
2,12.216666513367702,121.02224,121.01275424789964,15.199999809265137
2,12.23333317982523,121.028854,121.01812285707707,15.199999809265137
2,12.249999846282757,121.03548,121.02342008289538,15.199999809265137
2,12.266666512740285,121.04209,121.02871730871368,15.199999809265137
2,12.283333179197813,121.048706,121.03401453453198,15.199999809265137
2,12.29999984565534,121.05532,121.03927888368305,15.199999809265137
2,12.316666512112867,121.06194,121.04435802760877,15.199999809265137
2,12.333333178570395,121.06856,121.04943717153449,15.199999809265137
2,12.349999845027924,121.07517,121.0545163154602,15.199999809265137
2,12.36666651148545,121.08179,121.05959545938592,15.199999809265137
2,12.383333177942978,121.08841,121.06480127468444,15.199999809265137
2,12.399999844400506,121.095024,121.07010349474456,15.199999809265137
2,12.416666510858033,121.10164,121.07540571480466,15.199999809265137
2,12.43333317731556,121.10825,121.08070793486478,15.199999809265137
2,12.449999843773089,121.114876,121.08601015492489,15.199999809265137
2,12.466666510230615,121.12149,121.0909762466163,15.199999809265137
2,12.483333176688143,121.128105,121.09593719348572,15.199999809265137
2,12.499999843145671,121.13472,121.10089814035516,15.199999809265137
2,12.516666509603198,121.14134,121.10585908722459,15.199999809265137
2,12.533333176060726,121.14796,121.11094317519874,15.199999809265137
2,12.549999842518254,121.15457,121.11621043556615,15.199999809265137
2,12.56666650897578,121.16119,121.12147769593356,15.199999809265137
2,12.583333175433308,121.1678,121.12674495630097,15.199999809265137
2,12.599999841890837,121.17442,121.13201221666839,15.199999809265137
2,12.616666508348363,121.18104,121.13692221725196,15.199999809265137
2,12.633333174805891,121.18765,121.1417533138342,15.199999809265137
2,12.64999984126342,121.19366,121.14658441041645,15.199999809265137
2,12.666666507720947,121.19944,121.1514155069987,15.199999809265137
2,12.683333174178474,121.20522,121.15632799215484,15.199999809265137
2,12.699999840636002,121.21101,121.16150369142231,15.199999809265137
2,12.71666650709353,121.2168,121.16667939068978,15.199999809265137
2,12.733333173551056,121.22259,121.17185508995725,15.199999809265137
2,12.749999840008584,121.22837,121.17703078922473,15.199999809265137
2,12.766666506466112,121.23415,121.18231089073315,15.199999809265137
2,12.783333172923639,121.239944,121.18764640573869,15.199999809265137
2,12.799999839381167,121.24573,121.19298192074424,15.199999809265137
2,12.816666505838695,121.25151,121.19831743574979,15.199999809265137
2,12.833333172296221,121.2573,121.20361441896672,15.199999809265137
2,12.84999983875375,121.263084,121.20840223211991,15.199999809265137
2,12.866666505211278,121.268875,121.2131900452731,15.199999809265137
2,12.883333171668804,121.27466,121.21797785842628,15.199999809265137
2,12.899999838126332,121.28044,121.22276567157947,15.199999809265137
2,12.91666650458386,121.28623,121.22771415375827,15.199999809265137
2,12.933333171041387,121.292015,121.23283158687123,15.199999809265137
2,12.949999837498915,121.297806,121.2379490199842,15.199999809265137
2,12.966666503956443,121.30359,121.24306645309716,15.199999809265137
2,12.983333170413971,121.30937,121.24818388621013,15.199999809265137
2,12.999999836871497,121.31516,121.25323355825324,15.199999809265137
2,13.016666503329025,121.320946,121.25827607773898,15.199999809265137
2,13.033333169786554,121.32673,121.26331859722472,15.199999809265137
2,13.04999983624408,121.33252,121.26836111671047,15.199999809265137
2,13.066666502701608,121.3383,121.27330940648129,15.199999809265137
2,13.083333169159136,121.34409,121.27805893044723,15.199999809265137
2,13.099999835616662,121.34988,121.28280845441316,15.199999809265137
2,13.11666650207419,121.35566,121.2875579783791,15.199999809265137
2,13.133333168531719,121.36145,121.29230750234504,15.199999809265137
2,13.149999834989245,121.36654,121.29724271673905,15.199999809265137
2,13.166666501446773,121.371445,121.302243617543,15.199999809265137
2,13.183333167904301,121.37634,121.30724451834695,15.199999809265137
2,13.199999834361828,121.38125,121.3122454191509,15.199999809265137
2,13.216666500819356,121.38615,121.31728107050846,15.199999809265137
2,13.233333167276884,121.39105,121.3225050474468,15.199999809265137
2,13.24999983373441,121.39595,121.32772902438515,15.199999809265137
2,13.266666500191938,121.400856,121.3329530013235,15.199999809265137
2,13.283333166649467,121.405754,121.33817697826184,15.199999809265137
2,13.299999833106995,121.41066,121.34315299987793,15.199999809265137
2,13.316666499564521,121.41556,121.34794414252566,15.199999809265137
2,13.333333166022049,121.42046,121.35273528517338,15.199999809265137
2,13.349999832479577,121.42536,121.35752642782111,15.199999809265137
2,13.366666498937104,121.43027,121.36231757046883,15.199999809265137
2,13.383333165394632,121.43517,121.36738557982864,15.199999809265137
2,13.39999983185216,121.44007,121.372456400018,15.199999809265137
2,13.416666498309686,121.44498,121.37752722020734,15.199999809265137
2,13.433333164767214,121.449875,121.3825980403967,15.199999809265137
2,13.449999831224742,121.45478,121.38763565766185,15.199999809265137
2,13.466666497682269,121.45968,121.39262490523488,15.199999809265137
2,13.483333164139797,121.464584,121.39761415280793,15.199999809265137
2,13.499999830597325,121.46948,121.40260340038098,15.199999809265137
2,13.516666497054851,121.47439,121.40759264795403,15.199999809265137
2,13.53333316351238,121.479004,121.41246527956243,15.199999809265137
2,13.549999829969908,121.483444,121.4173130236174,15.199999809265137
2,13.566666496427434,121.487885,121.42216076767235,15.199999809265137
2,13.583333162884962,121.492325,121.42700851172732,15.199999809265137
2,13.59999982934249,121.496765,121.43186067280017,15.199999809265137
2,13.616666495800017,121.501205,121.43672672907512,15.199999809265137
2,13.633333162257545,121.505646,121.44159278535007,15.199999809265137
2,13.649999828715073,121.510086,121.44645884162502,15.199999809265137
2,13.666666495172601,121.51453,121.45132489789997,15.199999809265137
2,13.683333161630127,121.51897,121.4562030089529,15.199999809265137
2,13.699999828087655,121.52341,121.46108737744783,15.199999809265137
2,13.716666494545183,121.52785,121.46597174594277,15.199999809265137
2,13.73333316100271,121.53229,121.47085611443771,15.199999809265137
2,13.749999827460238,121.53673,121.47576332092285,15.199999809265137
2,13.766666493917766,121.54117,121.48095067342122,15.199999809265137
2,13.783333160375292,121.54561,121.4861380259196,15.199999809265137
2,13.79999982683282,121.55005,121.49132537841797,15.199999809265137
2,13.816666493290349,121.55449,121.49651273091634,15.199999809265137
2,13.833333159747875,121.55893,121.50145167635198,15.199999809265137
2,13.849999826205403,121.56337,121.50613461042705,15.199999809265137
2,13.866666492662931,121.56765,121.51081754450212,15.199999809265137
2,13.883333159120458,121.57173,121.5155004785772,15.199999809265137
2,13.899999825577986,121.57582,121.52018341265227,15.199999809265137
2,13.916666492035514,121.5799,121.52506773095382,15.199999809265137
2,13.93333315849304,121.583984,121.52997207641602,15.199999809265137
2,13.949999824950568,121.58807,121.53487642187821,15.199999809265137
2,13.966666491408096,121.592155,121.5397807673404,15.199999809265137
2,13.983333157865625,121.59624,121.54472100107293,15.199999809265137
2,13.999999824323151,121.60033,121.54973521985505,15.199999809265137
2,14.016666490780679,121.60441,121.55474943863717,15.199999809265137
2,14.033333157238207,121.60849,121.55976365741931,15.199999809265137
2,14.049999823695734,121.61258,121.56477787620143,15.199999809265137
2,14.066666490153262,121.61666,121.56936123496608,15.199999809265137
2,14.08333315661079,121.62074,121.57379612169768,15.199999809265137
2,14.099999823068316,121.624825,121.57823100842927,15.199999809265137
2,14.116666489525844,121.628914,121.58266589516087,15.199999809265137
2,14.133333155983372,121.632996,121.58713370875309,15.199999809265137
2,14.149999822440899,121.63708,121.5917733593991,15.199999809265137
2,14.166666488898427,121.64117,121.5964130100451,15.199999809265137
2,14.183333155355955,121.64525,121.60105266069111,15.199999809265137
2,14.199999821813481,121.64913,121.60569231133712,15.199999809265137
2,14.21666648827101,121.65246,121.6107052334568,15.199999809265137
2,14.233333154728538,121.655785,121.6159908060442,15.199999809265137
2,14.249999821186064,121.65911,121.62127637863159,15.199999809265137
2,14.266666487643592,121.662445,121.62656195121899,15.199999809265137
2,14.28333315410112,121.66577,121.63184752380639,15.199999809265137
2,14.299999820558648,121.6691,121.63674715945595,15.199999809265137
2,14.316666487016175,121.672424,121.64164484592906,15.199999809265137
2,14.333333153473703,121.67575,121.64654253240217,15.199999809265137
2,14.34999981993123,121.679085,121.65144021887528,15.199999809265137
2,14.366666486388757,121.68241,121.65615543566253,15.199999809265137
2,14.383333152846285,121.68574,121.66061029936138,15.199999809265137
2,14.399999819303813,121.689064,121.66506516306023,15.199999809265137
2,14.41666648576134,121.69239,121.6695200267591,15.199999809265137
2,14.433333152218868,121.695724,121.67397489045796,15.199999809265137
2,14.449999818676396,121.69905,121.6788286660847,15.199999809265137
2,14.466666485133922,121.70238,121.68376464174504,15.199999809265137
2,14.48333315159145,121.7057,121.6887006174054,15.199999809265137
2,14.499999818048979,121.70903,121.69363659306576,15.199999809265137
2,14.516666484506505,121.712364,121.69857461828934,15.199999809265137
2,14.533333150964033,121.71569,121.70351891768605,15.199999809265137
2,14.549999817421561,121.71902,121.70846321708278,15.199999809265137
2,14.566666483879088,121.72234,121.71340751647949,15.199999809265137
2,14.583333150336616,121.72567,121.7183518158762,15.199999809265137
2,14.599999816794144,121.729004,121.72321440044202,15.199999809265137
2,14.616666483251672,121.73233,121.72803550854064,15.199999809265137
2,14.633333149709198,121.73566,121.73285661663925,15.199999809265137
2,14.649999816166726,121.73898,121.73767772473786,15.199999809265137
2,14.666666482624255,121.74231,121.74248277095326,15.199999809265137
2,14.683333149081781,121.74564,121.74710410937928,15.199999809265137
2,14.699999815539309,121.74897,121.7517254478053,15.199999809265137
2,14.716666481996837,121.7523,121.75634678623132,15.199999809265137
2,14.733333148454363,121.75562,121.76096812465734,15.199999809265137
2,14.749999814911892,121.75895,121.76572031723825,15.199999809265137
2,14.76666648136942,121.76228,121.77060468573319,15.199999809265137
2,14.783333147826946,121.76561,121.77548905422813,15.199999809265137
2,14.799999814284474,121.768936,121.78037342272307,15.199999809265137
2,14.816666480742002,121.77226,121.785257791218,15.199999809265137
2,14.833333147199529,121.77559,121.7900827809384,15.199999809265137
2,14.849999813657057,121.77892,121.79490222428974,15.199999809265137
2,14.866666480114585,121.78225,121.7997216676411,15.199999809265137
2,14.883333146572111,121.78549,121.80454111099243,15.199999809265137
2,14.89999981302964,121.788734,121.80922417891652,15.199999809265137
2,14.916666479487168,121.79197,121.81363242969178,15.199999809265137
2,14.933333145944694,121.79521,121.81804068046704,15.199999809265137
2,14.949999812402222,121.798454,121.82244893124229,15.199999809265137
2,14.96666647885975,121.80169,121.82685718201755,15.199999809265137
2,14.983333145317278,121.80493,121.83162815529003,15.199999809265137
2,14.999999811774805,121.80805,121.83652084752133,15.199999809265137
2,15.016666478232333,121.81113,121.84141353975262,15.199999809265137
2,15.03333314468986,121.81421,121.84630623198392,15.199999809265137
2,15.049999811147387,121.81728,121.85117683912578,15.199999809265137
2,15.066666477604915,121.82036,121.85593635157535,15.199999809265137
2,15.083333144062443,121.82344,121.86069586402492,15.199999809265137
2,15.09999981051997,121.826515,121.86545537647449,15.199999809265137
2,15.116666476977498,121.82959,121.87021488892404,15.199999809265137
2,15.133333143435026,121.832664,121.87501127678051,15.199999809265137
2,15.149999809892552,121.83575,121.8798340496264,15.199999809265137
2,15.16666647635008,121.83882,121.8846568224723,15.199999809265137
2,15.183333142807609,121.841896,121.88947959531818,15.199999809265137
2,15.199999809265137,121.84498,121.89430236816406,15.199999809265137
2,15.216666476801038,121.84498,121.57471776008606,15.199999809265137
2,15.233333144336939,121.848,121.5543646812439,15.199999809265137
2,15.24999981187284,121.85096,121.79154467582703,15.199999809265137
2,15.266666479408741,121.851944,121.94403076171875,15.199999809265137
2,15.283333146944642,121.83027,121.80507445335388,15.199999809265137
2,15.299999814480543,121.73013,121.3171124458313,15.199999809265137
2,15.316666482016444,121.306526,120.51322185993195,15.199999809265137
2,15.333333149552345,120.62096,119.47956275939941,15.199999809265137
2,15.349999817088246,119.6807,118.27551019191742,15.199999809265137
2,15.366666484624147,118.54016,116.90054416656494,15.199999809265137
2,15.383333152160048,117.16452,115.33274722099304,15.199999809265137
2,15.39999981969595,115.61053,113.58450126647949,15.199999809265137
2,15.41666648723185,113.88433,111.71843028068542,15.199999809265137
2,15.433333154767752,112.099594,109.8170051574707,15.199999809265137
2,15.449999822303653,110.27871,107.93727040290833,15.199999809265137
2,15.466666489839554,108.440994,106.09335327148438,15.199999809265137
2,15.483333157375455,106.60328,104.26281607151031,15.199999809265137
2,15.499999824911356,104.799385,102.44004583358765,15.199999809265137
2,15.516666492447257,102.99642,100.63624775409698,15.199999809265137
2,15.533333159983158,101.225555,98.87026977539062,15.199999809265137
2,15.54999982751906,99.49246,97.15268111228943,15.199999809265137
2,15.56666649505496,97.75937,95.4817430973053,15.199999809265137
2,15.583333162590861,96.107216,93.85345709323883,15.199999809265137
2,15.599999830126762,94.45972,92.26324462890625,15.199999809265137
2,15.616666497662663,92.852356,90.71243560314178,15.199999809265137
2,15.633333165198565,91.297806,89.19863891601562,15.199999809265137
2,15.649999832734466,89.743256,87.72147333621979,15.199999809265137
2,15.666666500270367,88.27132,86.27993297576904,15.199999809265137
2,15.683333167806268,86.80676,84.87215876579285,15.199999809265137
2,15.699999835342169,85.41414,83.49357843399048,15.199999809265137
2,15.71666650287807,84.127594,82.14626955986023,15.199999809265137
2,15.733333170413971,82.84105,80.8314208984375,15.199999809265137
2,15.749999837949872,81.554504,79.55006194114685,15.199999809265137
2,15.766666505485773,80.26796,78.30317497253418,15.199999809265137
2,15.783333173021674,79.03911,77.0940055847168,15.199999809265137
2,15.799999840557575,77.905815,75.91792058944702,15.199999809265137
2,15.816666508093476,76.77252,74.77887809276581,15.199999809265137
2,15.833333175629377,75.63922,73.6808340549469,15.199999809265137
2,15.849999843165278,74.50593,72.61607086658478,15.199999809265137
2,15.86666651070118,73.42237,71.58732318878174,15.199999809265137
2,15.88333317823708,72.431656,70.59287309646606,15.199999809265137
2,15.899999845772982,71.44093,69.62867641448975,15.199999809265137
2,15.916666513308883,70.45022,68.69557511806488,15.199999809265137
2,15.933333180844784,69.4595,67.78760099411011,15.199999809265137
2,15.949999848380685,68.50551,66.90370857715607,15.199999809265137
2,15.966666515916586,67.62911,66.04013633728027,15.199999809265137
2,15.983333183452487,66.75272,65.19474864006042,15.199999809265137
2,15.999999850988388,65.87633,64.36992835998535,15.199999809265137
2,16.01666651852429,64.99993,63.55617618560791,15.199999809265137
2,16.03333318606019,64.16069,62.75963878631592,15.199999809265137
2,16.04999985359609,63.410828,61.97612363100052,15.199999809265137
2,16.066666521131992,62.66097,61.205888509750366,15.199999809265137
2,16.083333188667893,61.91111,60.44859838485718,15.199999809265137
2,16.099999856203794,61.16125,59.706119418144226,15.199999809265137
2,16.116666523739696,60.411392,58.97761917114258,15.199999809265137
2,16.133333191275597,59.661533,58.26377725601196,15.199999809265137
2,16.149999858811498,59.01359,57.56389540433884,15.199999809265137
2,16.1666665263474,58.366306,56.88100457191467,15.199999809265137
2,16.1833331938833,57.719025,56.20990991592407,15.199999809265137
2,16.1999998614192,57.07174,55.551295518875115,15.199999809265137
2,16.216666528955102,56.424454,54.909223198890686,15.199999809265137
2,16.233333196491003,55.777172,54.28049957752228,15.199999809265137
2,16.249999864026904,55.191715,53.66338050365447,15.199999809265137
2,16.266666531562805,54.633575,53.06047821044922,15.199999809265137
3,0.0,20.0,20.077980041503906,9.733333468437195
3,0.016666666898008897,20.0,20.057780043719568,9.733333468437195
3,0.03333333379601779,20.0,20.037580045935226,9.733333468437195
3,0.050000000694026686,20.0,20.021371364593506,9.733333468437195
3,0.06666666759203559,20.0,20.06226921081543,9.733333468437195
3,0.08333333449004449,20.0,20.103167057037354,9.733333468437195
3,0.10000000138805337,20.0,20.135217144064708,9.733333468437195
3,0.11666666828606227,20.0,20.108395602605114,9.733333468437195
3,0.13333333518407117,20.000011,20.08157406114552,9.733333468437195
3,0.15000000208208006,20.000044,20.054842445948353,9.733333468437195
3,0.16666666898008897,20.000076,20.028479759007283,9.733333468437195
3,0.18333333587809786,20.00011,20.002117072066216,9.733333468437195
3,0.20000000277610674,20.000143,19.979878255765733,9.733333468437195
3,0.21666666967411566,20.000177,19.969297304545364,9.733333468437195
3,0.23333333657212454,20.00021,19.958716353324995,9.733333468437195
3,0.25000000347013346,20.000244,19.953145882854724,9.733333468437195
3,0.26666667036814234,20.00033,19.957904711161575,9.733333468437195
3,0.28333333726615123,20.000448,19.962663539468426,9.733333468437195
3,0.3000000041641601,20.000565,19.97141427863134,9.733333468437195
3,0.31666667106216906,20.00068,19.986357597455587,9.733333468437195
3,0.33333333796017794,20.0008,20.00130091627983,9.733333468437195
3,0.35000000485818683,20.000916,20.01824086986176,9.733333468437195
3,0.3666666717561957,20.001087,20.037550455903354,9.733333468437195
3,0.3833333386542046,20.00138,20.056860041944947,9.733333468437195
3,0.4000000055522135,20.001673,20.075740970977364,9.733333468437195
3,0.41666667245022243,20.001965,20.094230338318706,9.733333468437195
3,0.4333333393482313,20.002258,20.112719705660048,9.733333468437195
3,0.4500000062462402,20.00255,20.129650775700398,9.733333468437195
3,0.4666666731442491,20.002844,20.14548970575202,9.733333468437195
3,0.483333340042258,20.003414,20.161328635803642,9.733333468437195
3,0.5000000069402669,20.003986,20.174133509805756,9.733333468437195
3,0.5166666738382758,20.00456,20.18532800021237,9.733333468437195
3,0.5333333407362847,20.005133,20.19652249061898,9.733333468437195
3,0.5500000076342936,20.005705,20.20517909036924,9.733333468437195
3,0.5666666745323025,20.006279,20.212841830841484,9.733333468437195
3,0.5833333414303113,20.006937,20.22050457131373,9.733333468437195
3,0.6000000083283202,20.007668,20.225429273631473,9.733333468437195
3,0.6166666752263291,20.008436,20.229599260304074,9.733333468437195
3,0.6333333421243381,20.00924,20.23376924697667,9.733333468437195
3,0.650000009022347,20.01008,20.23512205359054,9.733333468437195
3,0.6666666759203559,20.010958,20.235974769069724,9.733333468437195
3,0.6833333428183648,20.011894,20.236827484548908,9.733333468437195
3,0.7000000097163737,20.012922,20.23553912280357,9.733333468437195
3,0.7166666766143825,20.014006,20.23405077032847,9.733333468437195
3,0.7333333435123914,20.015146,20.23256241785337,9.733333468437195
3,0.7500000104104003,20.01634,20.229604165847988,9.733333468437195
3,0.7666666773084092,20.017593,20.22661576205737,9.733333468437195
3,0.7833333442064181,20.018902,20.22355357914755,9.733333468437195
3,0.800000011104427,20.020308,20.21893383705453,9.733333468437195
3,0.816666678002436,20.021782,20.214314094961505,9.733333468437195
3,0.8333333449004449,20.023325,20.209593759824152,9.733333468437195
3,0.8500000117984537,20.024935,20.204064107921024,9.733333468437195
3,0.8666666786964626,20.026611,20.1985344560179,9.733333468437195
3,0.8833333455944715,20.028357,20.19277618355947,9.733333468437195
3,0.9000000124924804,20.030174,20.18594666049905,9.733333468437195
3,0.9166666793904893,20.032068,20.17911713743863,9.733333468437195
3,0.9333333462884982,20.034042,20.172324298179312,9.733333468437195
3,0.9500000131865071,20.036097,20.165646860044298,9.733333468437195
3,0.966666680084516,20.038229,20.15896942190928,9.733333468437195
3,0.983333346982525,20.040447,20.15199912084292,9.733333468437195
3,1.0000000138805338,20.042747,20.144366277407293,9.733333468437195
3,1.0166666807785427,20.045128,20.136733433971667,9.733333468437195
3,1.0333333476765516,20.04761,20.12924898487248,9.733333468437195
3,1.0500000145745605,20.050188,20.12201520188214,9.733333468437195
3,1.0666666814725694,20.052858,20.114781418891802,9.733333468437195
3,1.0833333483705783,20.05566,20.108097167864237,9.733333468437195
3,1.1000000152685872,20.058603,20.102120360283003,9.733333468437195
3,1.116666682166596,20.06167,20.09614355270177,9.733333468437195
3,1.133333349064605,20.064932,20.09110866180838,9.733333468437195
3,1.1500000159626138,20.068457,20.08700626843596,9.733333468437195
3,1.1666666828606227,20.072187,20.082903875063543,9.733333468437195
3,1.1833333497586316,20.076223,20.08095088070386,9.733333468437195
3,1.2000000166566405,20.080814,20.08063371214148,9.733333468437195
3,1.2166666835546494,20.0858,20.0803165435791,9.733333468437195
3,1.2333333504526582,20.091198,20.08438861533387,9.733333468437195
3,1.2500000173506673,20.097214,20.09100365965334,9.733333468437195
3,1.2666666842486762,20.104103,20.097618703972802,9.733333468437195
3,1.2833333511466851,20.112043,20.11086450864191,9.733333468437195
3,1.300000018044694,20.12167,20.12697251202309,9.733333468437195
3,1.316666684942703,20.134212,20.14308051540427,9.733333468437195
3,1.3333333518407118,20.149435,20.170086220519185,9.733333468437195
3,1.3500000187387207,20.16659,20.20046160972282,9.733333468437195
3,1.3666666856367296,20.19109,20.23083699892645,9.733333468437195
3,1.3833333525347384,20.216951,20.277346793919392,9.733333468437195
3,1.4000000194327473,20.25182,20.32718125434771,9.733333468437195
3,1.4166666863307562,20.289871,20.377015714776025,9.733333468437195
3,1.433333353228765,20.338333,20.44953094116629,9.733333468437195
3,1.450000020126774,20.392591,20.52472198825993,9.733333468437195
3,1.4666666870247829,20.45826,20.59991303535357,9.733333468437195
3,1.4833333539227918,20.533175,20.70614349678771,9.733333468437195
3,1.5000000208208006,20.619867,20.813674038403654,9.733333468437195
3,1.5166666877188095,20.723045,20.92221838154205,9.733333468437195
3,1.5333333546168184,20.84012,21.070098223751536,9.733333468437195
3,1.5500000215148273,20.970425,21.217978065961027,9.733333468437195
3,1.5666666884128362,21.131035,21.370237154503393,9.733333468437195
3,1.583333355310845,21.291643,21.566531997837433,9.733333468437195
3,1.600000022208854,21.480938,21.762826841171474,9.733333468437195
3,1.616666689106863,21.684858,21.968088457029165,9.733333468437195
3,1.633333356004872,21.906294,22.221944194950474,9.733333468437195
3,1.6500000229028808,22.158318,22.475799932871784,9.733333468437195
3,1.6666666898008897,22.413797,22.74414739216844,9.733333468437195
3,1.6833333566988986,22.718256,23.0635452335828,9.733333468437195
3,1.7000000235969075,23.022715,23.38294307499716,9.733333468437195
3,1.7166666904949164,23.370079,23.72371050429671,9.733333468437195
3,1.7333333573929253,23.730427,24.11771445078393,9.733333468437195
3,1.7500000242909342,24.118263,24.511718397271146,9.733333468437195
3,1.766666691188943,24.537163,24.935006350687107,9.733333468437195
3,1.783333358086952,24.966328,25.412260545443186,9.733333468437195
3,1.8000000249849608,25.445156,25.889514740199264,9.733333468437195
3,1.8166666918829697,25.923985,26.405504448773115,9.733333468437195
3,1.8333333587809786,26.455812,26.975630538104333,9.733333468437195
3,1.8500000256789875,26.995344,27.545756627435555,9.733333468437195
3,1.8666666925769964,27.543646,28.143318437550167,9.733333468437195
3,1.8833333594750052,28.1189,28.77031648975529,9.733333468437195
3,1.9000000263730141,28.7202,29.39731454196042,9.733333468437195
3,1.916666693271023,29.35681,30.056849812808103,9.733333468437195
3,1.933333360169032,30.018932,30.74325067703038,9.733333468437195
3,1.9500000270670408,30.707996,31.429651541252657,9.733333468437195
3,1.96666669396505,31.418283,32.15261205908371,9.733333468437195
3,1.9833333608630588,32.16528,32.898647112389135,9.733333468437195
3,2.0000000277610677,32.92821,33.64468216569456,9.733333468437195
3,2.0166666946590763,33.715256,34.428552679819596,9.733333468437195
3,2.0333333615570854,34.521626,35.230360004999866,9.733333468437195
3,2.050000028455094,35.349106,36.03216733018012,9.733333468437195
3,2.066666695353103,36.18309,36.86965890126686,9.733333468437195
3,2.083333362251112,37.041206,37.71944707060513,9.733333468437195
3,2.100000029149121,37.900337,38.569235239943424,9.733333468437195
3,2.1166666960471296,38.771027,39.4502428263834,9.733333468437195
3,2.1333333629451388,39.65345,40.33861897089711,9.733333468437195
3,2.150000029843148,40.548553,41.226995115410816,9.733333468437195
3,2.1666666967411565,41.45485,42.13869482850376,9.733333468437195
3,2.1833333636391656,42.37436,43.05374562903628,9.733333468437195
3,2.2000000305371743,43.296238,43.96879642956877,9.733333468437195
3,2.2166666974351834,44.224976,44.898235125084454,9.733333468437195
3,2.233333364333192,45.155453,45.82859710797871,9.733333468437195
3,2.250000031231201,46.08953,46.758980835953814,9.733333468437195
3,2.26666669812921,47.023613,47.693670089930706,9.733333468437195
3,2.283333365027219,47.958466,48.62835934390762,9.733333468437195
3,2.3000000319252276,48.893314,49.562735021930855,9.733333468437195
3,2.3166666988232367,49.82554,50.492967017709404,9.733333468437195
3,2.3333333657212454,50.757744,51.42319901348794,9.733333468437195
3,2.3500000326192545,51.684387,52.35174584715335,9.733333468437195
3,2.366666699517263,52.610897,53.26955757402395,9.733333468437195
3,2.3833333664152723,53.529427,54.18736930089456,9.733333468437195
3,2.400000033313281,54.447624,55.101580580619924,9.733333468437195
3,2.41666670021129,55.355793,56.001480082943026,9.733333468437195
3,2.4333333671092987,56.263367,56.901379585266106,9.733333468437195
3,2.450000034007308,57.159336,57.79544670941079,9.733333468437195
3,2.4666667009053165,58.0544,58.67344728234695,9.733333468437195
3,2.4833333678033256,58.93652,59.55144785528314,9.733333468437195
3,2.5000000347013347,59.81738,60.42126331590628,9.733333468437195
3,2.5166667015993434,60.684315,61.274584535050074,9.733333468437195
3,2.5333333684973525,61.549618,62.12790575419389,9.733333468437195
3,2.550000035395361,62.40028,62.97103539558307,9.733333468437195
3,2.5666667022933702,63.248928,63.79868415937034,9.733333468437195
3,2.583333369191379,64.085526,64.62633292315759,9.733333468437195
3,2.600000036089388,64.92021,65.4414159173835,9.733333468437195
3,2.6166667029873967,65.73659,66.24188437527174,9.733333468437195
3,2.633333369885406,66.54965,67.04235283316,9.733333468437195
3,2.6500000367834144,67.330986,67.8287913048104,9.733333468437195
3,2.6666667036814236,68.10585,68.60266959830507,9.733333468437195
3,2.683333370579432,68.88071,69.37654789179972,9.733333468437195
3,2.7000000374774413,69.65557,70.13434159265806,9.733333468437195
3,2.71666670437545,70.39332,70.88109417484232,9.733333468437195
3,2.733333371273459,71.12169,71.62784675702657,9.733333468437195
3,2.7500000381714678,71.85006,72.35626010372215,9.733333468437195
3,2.766666705069477,72.57843,73.0751538472633,9.733333468437195
3,2.7833333719674855,73.3068,73.79404759080442,9.733333468437195
3,2.8000000388654946,73.99111,74.49365317984804,9.733333468437195
3,2.8166667057635033,74.67355,75.1858917654377,9.733333468437195
3,2.8333333726615124,75.355995,75.8781303510274,9.733333468437195
3,2.8500000395595215,76.03844,76.54886364610229,9.733333468437195
3,2.86666670645753,76.71549,77.21384393352352,9.733333468437195
3,2.8833333733555393,77.3533,77.87882422094476,9.733333468437195
3,2.900000040253548,77.99111,78.52085609958597,9.733333468437195
3,2.916666707151557,78.628914,79.1589732496706,9.733333468437195
3,2.9333333740495657,79.26672,79.79709039975519,9.733333468437195
3,2.950000040947575,79.89255,80.41079832103156,9.733333468437195
3,2.9666667078455835,80.48786,81.02237210208423,9.733333468437195
3,2.9833333747435926,81.083176,81.63394588313692,9.733333468437195
3,3.0000000416416013,81.67849,82.2190205299691,9.733333468437195
3,3.0166667085396104,82.273796,82.80368957780813,9.733333468437195
3,3.033333375437619,82.85123,83.38703158130384,9.733333468437195
3,3.050000042335628,83.406166,83.94529244671129,9.733333468437195
3,3.066666709233637,83.96111,84.50355331211874,9.733333468437195
3,3.083333376131646,84.51605,85.05875025710014,9.733333468437195
3,3.1000000430296546,85.071,85.59050155012575,9.733333468437195
3,3.1166667099276637,85.60299,86.12225284315136,9.733333468437195
3,3.1333333768256724,86.11996,86.64935752137066,9.733333468437195
3,3.1500000437236815,86.636925,87.15542336032816,9.733333468437195
3,3.16666671062169,87.15389,87.66148919928564,9.733333468437195
3,3.1833333775196992,87.67086,88.1613060154327,9.733333468437195
3,3.200000044417708,88.16057,88.64199316991518,9.733333468437195
3,3.216666711315717,88.64192,89.12268032439768,9.733333468437195
3,3.233333378213726,89.123276,89.59581693884446,9.733333468437195
3,3.250000045111735,89.60463,90.05226929547037,9.733333468437195
3,3.266666712009744,90.08599,90.50872165209627,9.733333468437195
3,3.2833333789077526,90.53156,90.95621959477255,9.733333468437195
3,3.3000000458057617,90.974304,91.38891290638546,9.733333468437195
3,3.3166667127037703,91.417046,91.82160621799835,9.733333468437195
3,3.3333333796017794,91.859795,92.24445060834493,9.733333468437195
3,3.350000046499788,92.302536,92.65487192754877,9.733333468437195
3,3.366666713397797,92.73756,93.0652932467526,9.733333468437195
3,3.383333380295806,93.1447,93.46514299471085,9.733333468437195
3,3.400000047193815,93.55185,93.85473517849022,9.733333468437195
3,3.4166667140918237,93.95899,94.24432736226957,9.733333468437195
3,3.4333333809898328,94.366135,94.62274979891843,9.733333468437195
3,3.4500000478878414,94.773285,94.99284391533838,9.733333468437195
3,3.4666667147858505,95.16394,95.36293803175835,9.733333468437195
3,3.483333381683859,95.53858,95.72177327822332,9.733333468437195
3,3.5000000485818683,95.91323,96.0742255432965,9.733333468437195
3,3.516666715479877,96.28787,96.42667780836967,9.733333468437195
3,3.533333382377886,96.66252,96.76802277238401,9.733333468437195
3,3.5500000492758947,97.03716,97.1046868023807,9.733333468437195
3,3.566666716173904,97.38798,97.4413508323774,9.733333468437195
3,3.583333383071913,97.732735,97.76682359878332,9.733333468437195
3,3.6000000499699216,98.0775,98.08893167156063,9.733333468437195
3,3.6166667168679307,98.42226,98.41103974433796,9.733333468437195
3,3.6333333837659394,98.76702,98.72280128688028,9.733333468437195
3,3.6500000506639485,99.109375,99.0325059890747,9.733333468437195
3,3.666666717561957,99.42669,99.34221069126913,9.733333468437195
3,3.6833333844599663,99.744,99.64190210054998,9.733333468437195
3,3.700000051357975,100.06132,99.94047470615335,9.733333468437195
3,3.716666718255984,100.37863,100.2390473117567,9.733333468437195
3,3.7333333851539927,100.695946,100.52803572563276,9.733333468437195
3,3.750000052052002,101.00377,100.81667471585209,9.733333468437195
3,3.7666667189500105,101.295975,101.1050561356218,9.733333468437195
3,3.7833333858480196,101.58818,101.38515237259539,9.733333468437195
3,3.8000000527460283,101.88039,101.66524860956898,9.733333468437195
3,3.8166667196440374,102.17259,101.94461732367947,9.733333468437195
3,3.833333386542046,102.4648,102.21709371592901,9.733333468437195
3,3.850000053440055,102.72848,102.48957010817854,9.733333468437195
3,3.866666720338064,102.978,102.76087930757706,9.733333468437195
3,3.883333387236073,103.227516,103.02609721928427,9.733333468437195
3,3.9000000541340816,103.477036,103.29131513099148,9.733333468437195
3,3.9166667210320907,103.726555,103.55484817452627,9.733333468437195
3,3.9333333879301,103.976074,103.81261522475988,9.733333468437195
3,3.9500000548281085,104.22559,104.07038227499348,9.733333468437195
3,3.9666667217261176,104.47512,104.32620730465406,9.733333468437195
3,3.9833333886241262,104.72464,104.57731121533537,9.733333468437195
3,4.000000055522135,104.97416,104.8284151260167,9.733333468437195
3,4.016666722420144,105.22368,105.07709999607033,9.733333468437195
3,4.033333389318153,105.464165,105.32142377879521,9.733333468437195
3,4.050000056216162,105.677376,105.5657475615201,9.733333468437195
3,4.066666723114171,105.89058,105.80674738426731,9.733333468437195
3,4.0833333900121795,106.10379,106.0431965475213,9.733333468437195
3,4.100000056910188,106.31699,106.2796457107753,9.733333468437195
3,4.116666723808198,106.5302,106.51266073200802,9.733333468437195
3,4.133333390706206,106.74341,106.74206459358948,9.733333468437195
3,4.150000057604215,106.95661,106.97146845517094,9.733333468437195
3,4.166666724502224,107.16982,107.1966172309771,9.733333468437195
3,4.183333391400233,107.383026,107.41832325556507,9.733333468437195
3,4.200000058298242,107.59624,107.64002928015304,9.733333468437195
3,4.216666725196251,107.80944,107.8564004767431,9.733333468437195
3,4.233333392094259,107.997086,108.06947535684664,9.733333468437195
3,4.250000058992269,108.17946,108.28255023695019,9.733333468437195
3,4.2666667258902775,108.36184,108.48981528086206,9.733333468437195
3,4.283333392788286,108.54421,108.6943890035969,9.733333468437195
3,4.300000059686296,108.72659,108.89896272633175,9.733333468437195
3,4.316666726584304,108.908966,109.09711481120489,9.733333468437195
3,4.333333393482313,109.09135,109.29311198404392,9.733333468437195
3,4.350000060380322,109.27372,109.48910915688293,9.733333468437195
3,4.366666727278331,109.4561,109.67759955419254,9.733333468437195
3,4.38333339417634,109.63847,109.86437544104172,9.733333468437195
3,4.400000061074349,109.820854,110.05115132789089,9.733333468437195
3,4.416666727972357,109.99251,110.23009696072094,9.733333468437195
3,4.433333394870367,110.14873,110.40796873014267,9.733333468437195
3,4.4500000617683755,110.30494,110.5858404995644,9.733333468437195
3,4.466666728666384,110.46116,110.75500070232235,9.733333468437195
3,4.483333395564393,110.61737,110.92365118575422,9.733333468437195
3,4.500000062462402,110.77359,111.09220457730228,9.733333468437195
3,4.516666729360411,110.92981,111.25119441829315,9.733333468437195
3,4.53333339625842,111.08602,111.41018425928404,9.733333468437195
3,4.550000063156428,111.24224,111.56853820853037,9.733333468437195
3,4.566666730054438,111.39845,111.71909188571043,9.733333468437195
3,4.583333396952447,111.55467,111.86964556289045,9.733333468437195
3,4.600000063850455,111.710884,112.01891018593147,9.733333468437195
3,4.616666730748464,111.84517,112.16030237119492,9.733333468437195
3,4.6333333976464735,111.97924,112.30169455645836,9.733333468437195
3,4.650000064544482,112.11331,112.4415227158429,9.733333468437195
3,4.666666731442491,112.24738,112.57532365354773,9.733333468437195
3,4.6833333983405,112.381454,112.70912459125257,9.733333468437195
3,4.700000065238509,112.515526,112.84062432589597,9.733333468437195
3,4.716666732136518,112.64959,112.96594490417063,9.733333468437195
3,4.733333399034526,112.78366,113.0912654824453,9.733333468437195
3,4.750000065932536,112.91773,113.21434619328748,9.733333468437195
3,4.7666667328305445,113.0518,113.33301403097911,9.733333468437195
3,4.783333399728553,113.185875,113.45168186867075,9.733333468437195
3,4.800000066626562,113.30925,113.56773585489351,9.733333468437195
3,4.816666733524571,113.424576,113.67990173705637,9.733333468437195
3,4.83333340042258,113.5399,113.79206761921922,9.733333468437195
3,4.850000067320589,113.65523,113.90162256319229,9.733333468437195
3,4.866666734218597,113.77055,114.0082015991211,9.733333468437195
3,4.883333401116607,113.88589,114.1147806350499,9.733333468437195
3,4.900000068014616,114.00121,114.21910939151293,9.733333468437195
3,4.916666734912624,114.11654,114.32146384618054,9.733333468437195
3,4.933333401810633,114.231865,114.42381830084814,9.733333468437195
3,4.9500000687086425,114.34719,114.5234350700901,9.733333468437195
3,4.966666735606651,114.462524,114.62121137854172,9.733333468437195
3,4.98333340250466,114.577,114.71898768699333,9.733333468437195
3,5.000000069402669,114.68616,114.81467740829677,9.733333468437195
3,5.016666736300678,114.79435,114.90930802854773,9.733333468437195
3,5.033333403198687,114.901566,115.0039386487987,9.733333468437195
3,5.050000070096695,115.00782,115.09630938752056,9.733333468437195
3,5.066666736994705,115.1131,115.18783851519024,9.733333468437195
3,5.083333403892714,115.21741,115.2793676428599,9.733333468437195
3,5.100000070790722,115.32075,115.37005873902203,9.733333468437195
3,5.116666737688731,115.42312,115.46053237131197,9.733333468437195
3,5.1333334045867405,115.52452,115.55100600360191,9.733333468437195
3,5.150000071484749,115.624954,115.63971704979465,9.733333468437195
3,5.166666738382758,115.72442,115.72813948539839,9.733333468437195
3,5.1833334052807665,115.82207,115.81656192100212,9.733333468437195
3,5.200000072178776,115.918274,115.90395553797892,9.733333468437195
3,5.216666739076785,116.01333,115.99126528387201,9.733333468437195
3,5.233333405974793,116.107216,116.07857502976509,9.733333468437195
3,5.250000072872802,116.19995,116.16519762065312,9.733333468437195
3,5.266666739770812,116.29153,116.25181323534822,9.733333468437195
3,5.28333340666882,116.38194,116.33844207084343,9.733333468437195
3,5.300000073566829,116.4712,116.42529686183146,9.733333468437195
3,5.316666740464838,116.559296,116.51215165281948,9.733333468437195
3,5.333333407362847,116.64623,116.59884183700771,9.733333468437195
3,5.350000074260856,116.73201,116.68433176328058,9.733333468437195
3,5.366666741158864,116.81677,116.76982168955345,9.733333468437195
3,5.383333408056874,116.90074,116.85530871561129,9.733333468437195
3,5.400000074954883,116.98363,116.94078304343027,9.733333468437195
3,5.416666741852891,117.06543,117.02625737124926,9.733333468437195
3,5.4333334087509,117.14616,117.11155533463987,9.733333468437195
3,5.4500000756489095,117.2258,117.19632773203394,9.733333468437195
3,5.466666742546918,117.30436,117.28110012942798,9.733333468437195
3,5.483333409444927,117.381836,117.36551039186243,9.733333468437195
3,5.5000000763429355,117.45823,117.44913890263805,9.733333468437195
3,5.516666743240945,117.53355,117.5327674134137,9.733333468437195
3,5.533333410138954,117.60778,117.6158637477927,9.733333468437195
3,5.550000077036962,117.68093,117.69809879668772,9.733333468437195
3,5.566666743934971,117.75376,117.78033384558273,9.733333468437195
3,5.583333410832981,117.82573,117.86182011643501,9.733333468437195
3,5.600000077730989,117.89674,117.94238093127943,9.733333468437195
3,5.616666744628998,117.96683,118.02294174612385,9.733333468437195
3,5.633333411527007,118.03596,118.10192351145287,9.733333468437195
3,5.650000078425016,118.10415,118.17940363165451,9.733333468437195
3,5.666666745323025,118.171394,118.25688375185614,9.733333468437195
3,5.6833334122210335,118.23769,118.33312291968359,9.733333468437195
3,5.700000079119043,118.30305,118.40845565273338,9.733333468437195
3,5.716666746017052,118.36746,118.48378838578316,9.733333468437195
3,5.73333341291506,118.43093,118.55666967940657,9.733333468437195
3,5.750000079813069,118.49385,118.62819119022318,9.733333468437195
3,5.766666746711079,118.55638,118.69971270103977,9.733333468437195
3,5.783333413609087,118.6181,118.7689722008901,9.733333468437195
3,5.800000080507096,118.67903,118.8373012281444,9.733333468437195
3,5.816666747405105,118.73915,118.90563025539869,9.733333468437195
3,5.833333414303114,118.79847,118.9709676455145,9.733333468437195
3,5.850000081201123,118.85698,119.035430855947,9.733333468437195
3,5.8666667480991315,118.914696,119.09989406637949,9.733333468437195
3,5.88333341499714,118.9716,119.16052622337864,9.733333468437195
3,5.90000008189515,119.02772,119.22042428630672,9.733333468437195
3,5.916666748793158,119.08302,119.28032234923481,9.733333468437195
3,5.933333415691167,119.137566,119.3373444962175,9.733333468437195
3,5.950000082589176,119.19203,119.39406307429483,9.733333468437195
3,5.966666749487185,119.24581,119.45078165237219,9.733333468437195
3,5.983333416385194,119.29892,119.5031004605228,9.733333468437195
3,6.000000083283203,119.35134,119.55528248826118,9.733333468437195
3,6.016666750181211,119.40308,119.60731957056751,9.733333468437195
3,6.033333417079221,119.45415,119.65538100673729,9.733333468437195
3,6.050000083977229,119.50453,119.70344244290705,9.733333468437195
3,6.066666750875238,119.55424,119.75119582920858,9.733333468437195
3,6.083333417773248,119.60326,119.79619216918945,9.733333468437195
3,6.100000084671256,119.651596,119.84118850917032,9.733333468437195
3,6.116666751569265,119.69926,119.88560888212021,9.733333468437195
3,6.133333418467274,119.74665,119.92713196636879,9.733333468437195
3,6.150000085365283,119.79368,119.96865505061737,9.733333468437195
3,6.166666752263292,119.84014,120.00943777005966,9.733333468437195
3,6.1833334191613005,119.886024,120.04775797177668,9.733333468437195
3,6.200000086059309,119.93134,120.08607817349369,9.733333468437195
3,6.216666752957319,119.97608,120.12330541218797,9.733333468437195
3,6.233333419855327,120.02025,120.1579391793029,9.733333468437195
3,6.250000086753336,120.063835,120.19257294641783,9.733333468437195
3,6.266666753651345,120.10686,120.22672041801557,9.733333468437195
3,6.283333420549354,120.14931,120.26001011835386,9.733333468437195
3,6.300000087447363,120.19118,120.29329981869215,9.733333468437195
3,6.316666754345372,120.23258,120.32525032513762,9.733333468437195
3,6.33333342124338,120.27387,120.35540473624451,9.733333468437195
3,6.35000008814139,120.31467,120.38555914735142,9.733333468437195
3,6.3666667550393985,120.35498,120.41479432092954,9.733333468437195
3,6.383333421937407,120.39481,120.44308211705456,9.733333468437195
3,6.400000088835416,120.43415,120.47136991317959,9.733333468437195
3,6.416666755733425,120.47301,120.4988804516727,9.733333468437195
3,6.433333422631434,120.511375,120.5257747859171,9.733333468437195
3,6.450000089529443,120.549255,120.5526691201615,9.733333468437195
3,6.466666756427452,120.586655,120.57847809464964,9.733333468437195
3,6.483333423325461,120.623566,120.60363060154327,9.733333468437195
3,6.50000009022347,120.65999,120.62878310843689,9.733333468437195
3,6.516666757121478,120.69628,120.65351680860127,9.733333468437195
3,6.533333424019488,120.73224,120.67806097579329,9.733333468437195
3,6.5500000909174965,120.76779,120.7026051429853,9.733333468437195
3,6.566666757815505,120.80293,120.72622241712597,9.733333468437195
3,6.583333424713514,120.837654,120.74953690620318,9.733333468437195
3,6.600000091611523,120.87197,120.7728513952804,9.733333468437195
3,6.616666758509532,120.90587,120.79580388003832,9.733333468437195
3,6.633333425407541,120.939354,120.81867641292206,9.733333468437195
3,6.650000092305549,120.97243,120.8415489458058,9.733333468437195
3,6.666666759203559,121.00509,120.86410877802601,9.733333468437195
3,6.6833334261015676,121.03733,120.88662774595495,9.733333468437195
3,6.700000092999576,121.0693,120.90914671388391,9.733333468437195
3,6.716666759897585,121.10112,120.9317101256488,9.733333468437195
3,6.733333426795594,121.13259,120.95427588893942,9.733333468437195
3,6.750000093693603,121.16371,120.97683883039919,9.733333468437195
3,6.766666760591612,121.19447,120.99921741224315,9.733333468437195
3,6.783333427489621,121.22489,121.02159599408712,9.733333468437195
3,6.80000009438763,121.25495,121.04403728328339,9.733333468437195
3,6.816666761285639,121.28466,121.06719578782173,9.733333468437195
3,6.833333428183647,121.31402,121.09035429236008,9.733333468437195
3,6.850000095081657,121.34302,121.11351355461225,9.733333468437195
3,6.8666667619796655,121.37167,121.13667725863522,9.733333468437195
3,6.883333428877674,121.39997,121.1598409626582,9.733333468437195
3,6.900000095775683,121.42822,121.183149520665,9.733333468437195
3,6.916666762673692,121.456184,121.20699955665901,9.733333468437195
3,6.933333429571701,121.48384,121.23084959265304,9.733333468437195
3,6.95000009646971,121.5112,121.25499134847563,9.733333468437195
3,6.966666763367718,121.53826,121.27989687984937,9.733333468437195
3,6.983333430265728,121.56502,121.30480241122311,9.733333468437195
3,7.000000097163737,121.59147,121.33012102728021,9.733333468437195
3,7.016666764061745,121.61762,121.35623543883023,9.733333468437195
3,7.033333430959754,121.64348,121.38234985038025,9.733333468437195
3,7.0500000978577635,121.66903,121.4085637314679,9.733333468437195
3,7.066666764755772,121.69428,121.43492251879549,9.733333468437195
3,7.083333431653781,121.71936,121.46128130612308,9.733333468437195
3,7.1000000985517895,121.74428,121.48837199276441,9.733333468437195
3,7.116666765449799,121.768936,121.5162802265115,9.733333468437195
3,7.133333432347808,121.793335,121.5441884602586,9.733333468437195
3,7.150000099245816,121.817474,121.57209948970846,9.733333468437195
3,7.166666766143826,121.84135,121.6000129229402,9.733333468437195
3,7.183333433041835,121.86496,121.62792635617191,9.733333468437195
3,7.200000099939843,121.88831,121.65671769233599,9.733333468437195
3,7.216666766837852,121.91141,121.68608698126388,9.733333468437195
3,7.2333334337358615,121.93424,121.71545627019177,9.733333468437195
3,7.25000010063387,121.95682,121.74479775886013,9.733333468437195
3,7.266666767531879,121.97915,121.77412545191099,9.733333468437195
3,7.2833334344298875,122.001434,121.80345314496184,9.733333468437195
3,7.300000101327897,122.0235,121.83349609375,9.733333468437195
3,7.316666768225906,122.04534,121.86379869016882,9.733333468437195
3,7.333333435123914,122.066956,121.89410128658766,9.733333468437195
3,7.350000102021923,122.08835,121.92378903741705,9.733333468437195
3,7.3666667689199326,122.10952,121.95332211011076,9.733333468437195
3,7.383333435817941,122.13047,121.98285518280447,9.733333468437195
3,7.40000010271595,122.15119,122.0126534030862,9.733333468437195
3,7.4166667696139585,122.17169,122.04249324537304,9.733333468437195
3,7.433333436511968,122.19196,122.07233308765986,9.733333468437195
3,7.450000103409977,122.21202,122.10117718944811,9.733333468437195
3,7.466666770307985,122.23198,122.12994593790133,9.733333468437195
3,7.483333437205995,122.25179,122.15871468635454,9.733333468437195
3,7.500000104104004,122.271416,122.18701265936029,9.733333468437195
3,7.516666771002012,122.29085,122.21530825471226,9.733333468437195
3,7.533333437900021,122.31009,122.24348627377863,9.733333468437195
3,7.5500001047980305,122.32914,122.26983206239466,9.733333468437195
3,7.566666771696039,122.34799,122.29617785101068,9.733333468437195
3,7.583333438594048,122.36665,122.32244852144424,9.733333468437195
3,7.6000001054920565,122.385124,122.34819636932791,9.733333468437195
3,7.616666772390066,122.4034,122.37394421721159,9.733333468437195
3,7.633333439288075,122.42148,122.39926215393902,9.733333468437195
3,7.650000106186083,122.439415,122.42275862497826,9.733333468437195
3,7.666666773084092,122.457275,122.4462550960175,9.733333468437195
3,7.683333439982102,122.47497,122.46959832596453,9.733333468437195
3,7.70000010688011,122.4925,122.4924968562714,9.733333468437195
3,7.716666773778119,122.50986,122.51539538657829,9.733333468437195
3,7.733333440676128,122.527054,122.5373073212088,9.733333468437195
3,7.750000107574137,122.544075,122.55713815558447,9.733333468437195
3,7.766666774472146,122.560936,122.57696898996014,9.733333468437195
3,7.7833334413701545,122.57763,122.5966630177955,9.733333468437195
3,7.800000108268163,122.59415,122.6161402872164,9.733333468437195
3,7.816666775166173,122.610504,122.63561755663729,9.733333468437195
3,7.833333442064181,122.62669,122.65420830086487,9.733333468437195
3,7.85000010896219,122.64283,122.67172536458055,9.733333468437195
3,7.8666667758602,122.65884,122.68924242829624,9.733333468437195
3,7.883333442758208,122.6747,122.70612437104526,9.733333468437195
3,7.900000109656217,122.69041,122.72241435638846,9.733333468437195
3,7.916666776554226,122.70598,122.73870434173166,9.733333468437195
3,7.933333443452235,122.7214,122.75395019740274,9.733333468437195
3,7.950000110350244,122.73668,122.7684489602912,9.733333468437195
3,7.9666667772482525,122.75181,122.78294772317965,9.733333468437195
3,7.983333444146261,122.76679,122.79723414329634,9.733333468437195
3,8.00000011104427,122.78163,122.81140533865315,9.733333468437195
3,8.016666777942278,122.79632,122.82557653400995,9.733333468437195
3,8.033333444840288,122.81091,122.83851965812788,9.733333468437195
3,8.050000111738298,122.82544,122.85096982407244,9.733333468437195
3,8.066666778636305,122.83983,122.863419990017,9.733333468437195
3,8.083333445534315,122.854095,122.8752707781857,9.733333468437195
3,8.100000112432324,122.86824,122.88695142040514,9.733333468437195
3,8.116666779330332,122.88225,122.89863206262457,9.733333468437195
3,8.133333446228342,122.89613,122.90989131143648,9.733333468437195
3,8.15000011312635,122.90989,122.92107280313152,9.733333468437195
3,8.166666780024359,122.923515,122.93225429482656,9.733333468437195
3,8.183333446922369,122.93702,122.94252778406013,9.733333468437195
3,8.200000113820376,122.950386,122.95271097470636,9.733333468437195
3,8.216666780718386,122.96364,122.9628941653526,9.733333468437195
3,8.233333447616396,122.97685,122.97255779945687,9.733333468437195
3,8.250000114514403,122.98995,122.98220804292862,9.733333468437195
3,8.266666781412413,123.00294,122.99186246689052,9.733333468437195
3,8.283333448310422,123.015816,123.00161670005485,9.733333468437195
3,8.30000011520843,123.02858,123.01137093321918,9.733333468437195
3,8.31666678210644,123.04124,123.020979215021,9.733333468437195
3,8.333333449004448,123.05378,123.02935038527397,9.733333468437195
3,8.350000115902457,123.06621,123.03772155552694,9.733333468437195
3,8.366666782800467,123.07852,123.0461247065296,9.733333468437195
3,8.383333449698474,123.09073,123.05468305822922,9.733333468437195
3,8.400000116596484,123.10282,123.06324140992884,9.733333468437195
3,8.416666783494493,123.114845,123.07167450369221,9.733333468437195
3,8.433333450392501,123.12681,123.07970250795965,9.733333468437195
3,8.45000011729051,123.138664,123.0877305122271,9.733333468437195
3,8.466666784188519,123.15042,123.09569267377461,9.733333468437195
3,8.483333451086528,123.16209,123.10350229968763,9.733333468437195
3,8.500000117984538,123.17365,123.11131192560066,9.733333468437195
3,8.516666784882545,123.18511,123.1191291809082,9.733333468437195
3,8.533333451780555,123.19648,123.12695960475973,9.733333468437195
3,8.550000118678565,123.20774,123.13479002861128,9.733333468437195
3,8.566666785576572,123.21891,123.14232721720656,9.733333468437195
3,8.583333452474582,123.22998,123.149479108314,9.733333468437195
3,8.600000119372591,123.24096,123.15663099942142,9.733333468437195
3,8.6166667862706,123.2519,123.16396913136522,9.733333468437195
3,8.633333453168609,123.26276,123.17149538536594,9.733333468437195
3,8.650000120066617,123.27353,123.17902163936667,9.733333468437195
3,8.666666786964626,123.28421,123.18619087950825,9.733333468437195
3,8.683333453862636,123.2948,123.19308279638422,9.733333468437195
3,8.700000120760643,123.305305,123.19997471326018,9.733333468437195
3,8.716666787658653,123.31573,123.20670006373157,9.733333468437195
3,8.733333454556663,123.32606,123.21332680689146,9.733333468437195
3,8.75000012145467,123.3363,123.21995355005134,9.733333468437195
3,8.76666678835268,123.34646,123.22650637691969,9.733333468437195
3,8.783333455250688,123.35652,123.23302653064466,9.733333468437195
3,8.800000122148697,123.366554,123.23954668436964,9.733333468437195
3,8.816666789046707,123.37652,123.2464436178338,9.733333468437195
3,8.833333455944715,123.3864,123.25346032234087,9.733333468437195
3,8.850000122842724,123.39621,123.26047702684794,9.733333468437195
3,8.866666789740734,123.40594,123.26715521616478,9.733333468437195
3,8.883333456638741,123.41559,123.27376116138615,9.733333468437195
3,8.900000123536751,123.42516,123.28036710660751,9.733333468437195
3,8.91666679043476,123.43466,123.28677187880425,9.733333468437195
3,8.933333457332768,123.444084,123.29315164644424,9.733333468437195
3,8.950000124230778,123.45342,123.29953141408424,9.733333468437195
3,8.966666791128786,123.46269,123.30630088179079,9.733333468437195
3,8.983333458026795,123.47189,123.31308880897417,9.733333468437195
3,9.000000124924805,123.48106,123.3198725556674,9.733333468437195
3,9.016666791822812,123.49016,123.32645250346563,9.733333468437195
3,9.033333458720822,123.49918,123.33303245126385,9.733333468437195
3,9.050000125618832,123.50814,123.33955554439596,9.733333468437195
3,9.06666679251684,123.51703,123.34546995816166,9.733333468437195
3,9.083333459414849,123.52585,123.35138437192734,9.733333468437195
3,9.100000126312857,123.5346,123.35741636197861,9.733333468437195
3,9.116666793210866,123.54328,123.36411069843867,9.733333468437195
3,9.133333460108876,123.551895,123.37080503489874,9.733333468437195
3,9.150000127006884,123.56044,123.37733365411628,9.733333468437195
3,9.166666793904893,123.56892,123.38326106659353,9.733333468437195
3,9.183333460802903,123.57736,123.3891884790708,9.733333468437195
3,9.20000012770091,123.58574,123.39526001394611,9.733333468437195
3,9.21666679459892,123.59406,123.40169957565935,9.733333468437195
3,9.233333461496928,123.60232,123.40813913737257,9.733333468437195
3,9.250000128394937,123.61051,123.41438579559326,9.733333468437195
3,9.266666795292947,123.61864,123.42026901245117,9.733333468437195
3,9.283333462190955,123.62671,123.42615222930908,9.733333468437195
3,9.300000129088964,123.63471,123.43241145512829,9.733333468437195
3,9.316666795986974,123.642654,123.43920718153862,9.733333468437195
3,9.333333462884982,123.65053,123.44600290794895,9.733333468437195
3,9.350000129782991,123.65835,123.45223021833864,9.733333468437195
3,9.366666796681,123.66612,123.4578352627689,9.733333468437195
3,9.383333463579008,123.67387,123.46344030719914,9.733333468437195
3,9.400000130477018,123.68156,123.46947144808834,9.733333468437195
3,9.416666797375026,123.689186,123.4758616146976,9.733333468437195
3,9.433333464273035,123.69676,123.48225178130686,9.733333468437195
3,9.450000131171045,123.704285,123.4884775501408,9.733333468437195
3,9.466666798069053,123.711754,123.49459734354933,9.733333468437195
3,9.483333464967062,123.71917,123.50071713695787,9.733333468437195
3,9.500000131865072,123.726524,123.50674940135382,9.733333468437195
3,9.51666679876308,123.733826,123.51273920764662,9.733333468437195
3,9.533333465661089,123.74107,123.51872901393942,9.733333468437195
3,9.550000132559097,123.74827,123.52457286886973,9.733333468437195
3,9.566666799457106,123.75541,123.53036509474663,9.733333468437195
3,9.583333466355116,123.76249,123.53615732062353,9.733333468437195
3,9.600000133253124,123.76955,123.54205823924444,9.733333468437195
3,9.616666800151133,123.776566,123.54798565172169,9.733333468437195
3,9.633333467049143,123.78353,123.55391306419895,9.733333468437195
3,9.65000013394715,123.79045,123.55995574062818,9.733333468437195
3,9.66666680084516,123.79732,123.56601573996348,9.733333468437195
3,9.68333346774317,123.80413,123.57207573929878,9.733333468437195
3,9.700000134641177,123.810905,123.57846620638077,9.733333468437195
3,9.716666801539187,123.81762,123.58487977067085,9.733333468437195
3,9.733333468437195,123.82429,123.59129333496094,9.733333468437195
3,9.750000135179912,123.82432,124.02695023386102,9.733333468437195
3,9.766666801922629,123.83094,123.98199243864944,9.733333468437195
3,9.783333468665347,123.837555,123.98892660916707,9.733333468437195
3,9.800000135408064,123.84404,124.04544636849582,9.733333468437195
3,9.816666802150781,123.850685,124.17766895933015,9.733333468437195
3,9.833333468893498,123.862144,124.2979610023316,9.733333468437195
3,9.850000135636215,123.84888,124.29792646928267,9.733333468437195
3,9.866666802378933,123.69713,124.09492259048389,9.733333468437195
3,9.88333346912165,123.37405,123.65419740083685,9.733333468437195
3,9.900000135864367,122.88494,122.98932505338387,9.733333468437195
3,9.916666802607084,122.22154,122.14179350200452,9.733333468437195
3,9.933333469349801,121.31624,121.14473235207882,9.733333468437195
3,9.95000013609252,120.21637,120.00121113900363,9.733333468437195
3,9.966666802835237,119.01653,118.69354748155511,9.733333468437195
3,9.983333469577953,117.62076,117.21792806963032,9.733333468437195
3,10.00000013632067,116.146126,115.61938597026624,9.733333468437195
3,10.016666803063387,114.596375,113.96953885749197,9.733333468437195
3,10.033333469806106,112.95997,112.32363088507402,9.733333468437195
3,10.050000136548823,111.29754,110.6923502141779,9.733333468437195
3,10.06666680329154,109.595245,109.05485622278242,9.733333468437195
3,10.083333470034257,107.8766,107.3903680463727,9.733333468437195
3,10.100000136776973,106.150734,105.6891407213713,9.733333468437195
3,10.116666803519692,104.42561,103.96900611402886,9.733333468437195
3,10.133333470262409,102.709694,102.25239599492562,9.733333468437195
3,10.150000137005126,101.003815,100.5574949346661,9.733333468437195
3,10.166666803747843,99.32548,98.88971980336751,9.733333468437195
3,10.183333470490561,97.66208,97.24643108605198,9.733333468437195
3,10.200000137233278,96.02891,95.62632437528036,9.733333468437195
3,10.216666803975995,94.42698,94.03067491157204,9.733333468437195
3,10.233333470718712,92.84659,92.46580676941211,9.733333468437195
3,10.250000137461429,91.364815,90.93952941894531,9.733333468437195
3,10.266666804204148,89.88303,89.45826392652886,9.733333468437195
3,10.283333470946864,88.40126,88.02592187178763,9.733333468437195
3,10.300000137689581,87.00801,86.64311192708723,9.733333468437195
3,10.316666804432298,85.63199,85.30670093007065,9.733333468437195
3,10.333333471175015,84.25597,84.01142127662185,9.733333468437195
3,10.350000137917734,83.001465,82.7523707704681,9.733333468437195
3,10.36666680466045,81.82035,81.52232360839844,9.733333468437195
3,10.383333471403168,80.63924,80.31933093641364,9.733333468437195
3,10.400000138145884,79.458115,79.13792357376319,9.733333468437195
3,10.416666804888601,78.277,77.97695108806117,9.733333468437195
3,10.43333347163132,77.09589,76.83787167927866,9.733333468437195
3,10.450000138374037,75.94864,75.72017213374234,9.733333468437195
3,10.466666805116754,74.94013,74.62680696186267,9.733333468437195
3,10.48333347185947,73.931625,73.55989111211312,9.733333468437195
3,10.500000138602188,72.92312,72.5191445601614,9.733333468437195
3,10.516666805344906,71.914604,71.50905098070939,9.733333468437195
3,10.533333472087623,70.9061,70.52868958979703,9.733333468437195
3,10.55000013883034,69.89759,69.57942838531932,9.733333468437195
3,10.566666805573057,69.00146,68.65960386723422,9.733333468437195
3,10.583333472315774,68.139084,67.76715580698406,9.733333468437195
3,10.600000139058492,67.27672,66.90035266054875,9.733333468437195
3,10.61666680580121,66.414345,66.05562058590246,9.733333468437195
3,10.633333472543926,65.55197,65.23203434556295,9.733333468437195
3,10.650000139286643,64.689606,64.42912533408717,9.733333468437195
3,10.666666806029362,63.90118,63.64435197748066,9.733333468437195
3,10.683333472772079,63.255226,62.879427823153414,9.733333468437195
3,10.700000139514795,62.60927,62.134361194081286,9.733333468437195
3,10.716666806257512,61.963314,61.408891887756056,9.733333468437195
3,10.73333347300023,61.317356,60.70484887812127,9.733333468437195
3,10.750000139742948,60.671402,60.02140771601189,9.733333468437195
3,10.766666806485665,60.025448,59.36033577439888,9.733333468437195
3,10.783333473228382,59.37949,58.71875186171829,9.733333468437195
3,10.800000139971099,58.733536,58.09573475595867,9.733333468437195
3,10.816666806713815,58.087578,57.49294686203368,9.733333468437195
3,10.833333473456534,57.441624,56.90384995309931,9.733333468437195
3,10.850000140199251,56.79567,56.33127298309473,9.733333468437195
3,10.866666806941968,56.14971,55.77099704286128,9.733333468437195
3,10.883333473684685,55.5779,55.22404445301403,9.733333468437195
3,10.900000140427402,55.08414,54.68774355655652,9.733333468437195
3,10.91666680717012,54.59038,54.16114653810931,9.733333468437195
3,10.933333473912837,54.096622,53.644788167123025,9.733333468437195
3,10.950000140655554,53.602863,53.13780208751916,9.733333468437195
3,10.966666807398271,53.109104,52.63912480185477,9.733333468437195
3,10.983333474140988,52.615345,52.14832722056996,9.733333468437195
3,11.000000140883706,52.121586,51.66541914506392,9.733333468437195
3,11.016666807626423,51.627827,51.19113400107937,9.733333468437195
3,11.03333347436914,51.13407,50.72544143530741,9.733333468437195
3,11.050000141111857,50.640312,50.2672106364127,9.733333468437195
3,11.066666807854574,50.146553,49.817275927968005,9.733333468437195
3,11.083333474597293,49.652794,49.375513031151876,9.733333468437195
3,11.10000014134001,49.23154,48.941993019797586,9.733333468437195
3,11.116666808082726,48.852394,48.51585888292231,9.733333468437195
3,11.133333474825443,48.47325,48.09673484546717,9.733333468437195
3,11.15000014156816,48.094105,47.68900014338882,9.733333468437195
3,11.166666808310879,47.714962,47.28796872225675,9.733333468437195
3,11.183333475053596,47.335815,46.89616921529816,9.733333468437195
3,11.200000141796313,46.956673,46.512127926475124,9.733333468437195
3,11.21666680853903,46.577526,46.135418923847986,9.733333468437195
3,11.233333475281746,46.198383,45.76792918666128,9.733333468437195
3,11.250000142024465,45.819237,45.40912962187991,9.733333468437195
3,11.266666808767182,45.440094,45.05919986706601,9.733333468437195
3,11.283333475509899,45.060947,44.717316038870926,9.733333468437195
3,11.300000142252616,44.681805,44.38366960224353,9.733333468437195
3,11.316666808995333,44.36822,44.05807148326527,9.733333468437195
3,11.333333475738051,44.073338,43.73938004708176,9.733333468437195
3,11.350000142480768,43.778454,43.42868370530709,9.733333468437195
3,11.366666809223485,43.48357,43.12660272041577,9.733333468437195
3,11.383333475966202,43.188686,42.83094787597656,9.733333468437195
3,11.400000142708919,42.893806,42.54271750929253,9.733333468437195
3,11.416666809451637,42.598923,42.26080984818308,9.733333468437195
3,11.433333476194354,42.30404,41.985787752142365,9.733333468437195
3,11.450000142937071,42.009155,41.71798698753832,9.733333468437195
3,11.466666809679788,41.714275,41.45529023311926,9.733333468437195
3,11.483333476422505,41.41939,41.198949421421766,9.733333468437195
3,11.500000143165224,41.124508,40.948344892291935,9.733333468437195
3,11.51666680990794,40.829624,40.70150519558117,9.733333468437195
3,11.533333476650657,40.594055,40.4606483495977,9.733333468437195
3,11.550000143393374,40.3634,40.22541307148181,9.733333468437195
3,11.566666810136091,40.132744,39.992243114270664,9.733333468437195
3,11.58333347687881,39.90209,39.76403967387368,9.733333468437195
3,11.600000143621527,39.671432,39.54100450944672,9.733333468437195
3,11.616666810364244,39.440777,39.32204097766055,9.733333468437195
3,11.63333347710696,39.21012,39.10493330522017,9.733333468437195
3,11.65000014384968,38.979465,38.89176068465676,9.733333468437195
3,11.666666810592396,38.74881,38.68300502722344,9.733333468437195
3,11.683333477335113,38.518154,38.475897921329484,9.733333468437195
3,11.70000014407783,38.2875,38.27152772383256,9.733333468437195
3,11.716666810820547,38.056843,38.07219418612394,9.733333468437195
3,11.733333477563264,37.830658,37.875399594101616,9.733333468437195
3,11.750000144305982,37.664845,37.67889645225124,9.733333468437195
3,11.7666668110487,37.49903,37.48807731883948,9.733333468437195
3,11.783333477791416,37.333218,37.29940649881318,9.733333468437195
3,11.800000144534135,37.167404,37.11454345849142,9.733333468437195
3,11.816666811276852,37.001587,36.928086951588895,9.733333468437195
3,11.833333478019568,36.835773,36.74806541917427,9.733333468437195
3,11.850000144762285,36.66996,36.57063656674618,9.733333468437195
3,11.866666811505002,36.504147,36.39258688602721,9.733333468437195
3,11.883333478247721,36.338333,36.21990698490417,9.733333468437195
3,11.900000144990438,36.17252,36.04948029221531,9.733333468437195
3,11.916666811733155,36.006706,35.88229200372286,9.733333468437195
3,11.933333478475872,35.84089,35.71572875976563,9.733333468437195
3,11.950000145218588,35.675076,35.552246440540664,9.733333468437195
3,11.966666811961307,35.509262,35.39197657096899,9.733333468437195
3,11.983333478704024,35.34345,35.232497931667496,9.733333468437195
3,12.00000014544674,35.177635,35.075969896818464,9.733333468437195
3,12.016666812189458,35.01182,34.9227289446233,9.733333468437195
3,12.033333478932175,34.84601,34.77134127822219,9.733333468437195
3,12.050000145674893,34.680195,34.62238704188589,9.733333468437195
3,12.06666681241761,34.514378,34.47520247829018,9.733333468437195
3,12.083333479160327,34.36008,34.33084393003911,9.733333468437195
3,12.100000145903044,34.23708,34.18864329579915,9.733333468437195
3,12.11666681264576,34.11408,34.04794391832854,9.733333468437195
3,12.13333347938848,33.991074,33.91040086518064,9.733333468437195
3,12.150000146131196,33.868073,33.77562339454177,9.733333468437195
3,12.166666812873913,33.74507,33.64107869344465,9.733333468437195
3,12.18333347961663,33.62207,33.50998620211222,9.733333468437195
3,12.200000146359347,33.49907,33.38173929241856,9.733333468437195
3,12.216666813102066,33.37607,33.255283647747135,9.733333468437195
3,12.233333479844783,33.253067,33.128787848367644,9.733333468437195
3,12.2500001465875,33.130062,33.00616403972133,9.733333468437195
3,12.266666813330216,33.00706,32.88544429432262,9.733333468437195
3,12.283333480072933,32.88406,32.764721464312245,9.733333468437195
3,12.300000146815652,32.76106,32.647015822561166,9.733333468437195
3,12.316666813558369,32.638058,32.5324692429538,9.733333468437195
3,12.333333480301086,32.515057,32.419571598180745,9.733333468437195
3,12.350000147043803,32.392056,32.306786313581696,9.733333468437195
3,12.36666681378652,32.269054,32.19614915984669,9.733333468437195
3,12.383333480529238,32.14605,32.088755977210816,9.733333468437195
3,12.400000147271955,32.02305,31.981304478987553,9.733333468437195
3,12.416666814014672,31.900047,31.874143865119898,9.733333468437195
3,12.433333480757389,31.791471,31.7700188924251,9.733333468437195
3,12.450000147500106,31.69923,31.667909667822734,9.733333468437195
3,12.466666814242824,31.606989,31.567781475742468,9.733333468437195
3,12.483333480985541,31.514748,31.466353165475947,9.733333468437195
3,12.500000147728258,31.422506,31.369133981221033,9.733333468437195
3,12.516666814470975,31.330265,31.272356261476947,9.733333468437195
3,12.533333481213692,31.238024,31.17502121263714,9.733333468437195
3,12.55000014795641,31.145784,31.08042279841227,9.733333468437195
3,12.566666814699127,31.053543,30.988317626515077,9.733333468437195
3,12.583333481441844,30.961302,30.895247372713957,9.733333468437195
3,12.600000148184561,30.86906,30.80460452577144,9.733333468437195
3,12.616666814927278,30.77682,30.715763402327397,9.733333468437195
3,12.633333481669997,30.684578,30.627485996228085,9.733333468437195
3,12.650000148412714,30.592337,30.538721586528577,9.733333468437195
3,12.66666681515543,30.500095,30.451958907277962,9.733333468437195
3,12.683333481898147,30.407854,30.366659210059062,9.733333468437195
3,12.700000148640864,30.315613,30.28103696102161,9.733333468437195
3,12.716666815383583,30.223372,30.19640144092615,9.733333468437195
3,12.7333334821263,30.13113,30.114369917144046,9.733333468437195
3,12.750000148869017,30.038889,30.03394779406096,9.733333468437195
3,12.766666815611734,29.946648,29.95296023793198,9.733333468437195
3,12.78333348235445,29.861006,29.87130443445233,9.733333468437195
3,12.800000149097169,29.779394,29.792267046476667,9.733333468437195
3,12.816666815839886,29.6987,29.714161485005793,9.733333468437195
3,12.833333482582603,29.618927,29.63408808731006,9.733333468437195
3,12.85000014932532,29.540071,29.55738589638158,9.733333468437195
3,12.866666816068037,29.462133,29.481773029674184,9.733333468437195
3,12.883333482810755,29.385117,29.405791542746805,9.733333468437195
3,12.900000149553472,29.309017,29.32926212657582,9.733333468437195
3,12.916666816296189,29.233837,29.255312066329154,9.733333468437195
3,12.933333483038908,29.159576,29.181633908212472,9.733333468437195
3,12.950000149781623,29.086233,29.10708203840484,9.733333468437195
3,12.966666816524341,29.01381,29.035131810384506,9.733333468437195
3,12.983333483267058,28.942305,28.963932329387756,9.733333468437195
3,13.000000150009775,28.871717,28.890988965924276,9.733333468437195
3,13.016666816752494,28.802052,28.819897738370027,9.733333468437195
3,13.033333483495209,28.733303,28.750343322753906,9.733333468437195
3,13.050000150237928,28.665472,28.68111859554309,9.733333468437195
3,13.066666816980645,28.598562,28.61143703551954,9.733333468437195
3,13.083333483723361,28.53257,28.541771482622796,9.733333468437195
3,13.10000015046608,28.467495,28.473826412949265,9.733333468437195
3,13.116666817208797,28.403341,28.40532753684304,9.733333468437195
3,13.133333483951514,28.337578,28.33660813838101,9.733333468437195
3,13.15000015069423,28.2721,28.269912573709444,9.733333468437195
3,13.166666817436948,28.207273,28.203791184858844,9.733333468437195
3,13.183333484179666,28.143097,28.13786496614155,9.733333468437195
3,13.200000150922383,28.07957,28.070073068427128,9.733333468437195
3,13.2166668176651,28.016695,28.005489349365234,9.733333468437195
4,0.0,20.0,20.079833984375,15.383333206176758
4,0.01666666652890223,20.0,20.06000791572414,15.383333206176758
4,0.03333333305780446,20.0,20.040181847073274,15.383333206176758
4,0.049999999586706693,20.0,20.020355778422413,15.383333206176758
4,0.06666666611560892,20.0,20.00052970977155,15.383333206176758
4,0.08333333264451115,20.0,19.99153106623326,15.383333206176758
4,0.09999999917341339,20.0,20.00163079754632,15.383333206176758
4,0.11666666570231563,20.0,20.011730528859378,15.383333206176758
4,0.13333333223121785,20.000023,20.02183026017244,15.383333206176758
4,0.14999999876012007,20.000097,20.031929991485498,15.383333206176758
4,0.1666666652890223,20.000172,20.03153498227005,15.383333206176758
4,0.18333333181792455,20.000244,20.02713156521385,15.383333206176758
4,0.19999999834682677,20.000319,20.02272814815765,15.383333206176758
4,0.216666664875729,20.000391,20.01832473110145,15.383333206176758
4,0.23333333140463125,20.000465,20.01419504647136,15.383333206176758
4,0.24999999793353347,20.00054,20.012995908991357,15.383333206176758
4,0.2666666644624357,20.000748,20.011796771511356,15.383333206176758
4,0.28333333099133795,20.001032,20.010597634031352,15.383333206176758
4,0.29999999752024015,20.001316,20.00939849655135,15.383333206176758
4,0.3166666640491424,20.0016,20.00887101856368,15.383333206176758
4,0.3333333305780446,20.001884,20.009173681521595,15.383333206176758
4,0.34999999710694685,20.002169,20.009476344479513,15.383333206176758
4,0.3666666636358491,20.002453,20.009779007437427,15.383333206176758
4,0.3833333301647513,20.003038,20.010081670395344,15.383333206176758
4,0.39999999669365355,20.003738,20.01092131295416,15.383333206176758
4,0.4166666632225558,20.004436,20.011887696039896,15.383333206176758
4,0.433333329751458,20.005135,20.01285407912563,15.383333206176758
4,0.44999999628036025,20.005835,20.01382046221137,15.383333206176758
4,0.4666666628092625,20.006533,20.014949707659454,15.383333206176758
4,0.4833333293381647,20.007233,20.01686931457189,15.383333206176758
4,0.49999999586706695,20.008434,20.018788921484322,15.383333206176758
4,0.5166666623959691,20.009752,20.020708528396757,15.383333206176758
4,0.5333333289248714,20.01107,20.022628135309187,15.383333206176758
4,0.5499999954537736,20.012388,20.024837758404203,15.383333206176758
4,0.5666666619826759,20.013706,20.02730182965941,15.383333206176758
4,0.583333328511578,20.015024,20.029765900914615,15.383333206176758
4,0.5999999950404803,20.01634,20.03222997216982,15.383333206176758
4,0.6166666615693825,20.018333,20.034694043425027,15.383333206176758
4,0.6333333280982848,20.020401,20.03838814170234,15.383333206176758
4,0.649999994627187,20.022467,20.042227355527206,15.383333206176758
4,0.6666666611560892,20.024532,20.04606656935207,15.383333206176758
4,0.6833333276849914,20.026598,20.04990578317694,15.383333206176758
4,0.6999999942138937,20.028664,20.054175408922323,15.383333206176758
4,0.716666660742796,20.030731,20.059694073182143,15.383333206176758
4,0.7333333272716982,20.033577,20.065212737441968,15.383333206176758
4,0.7499999938006005,20.03643,20.07073140170179,15.383333206176758
4,0.7666666603295026,20.039284,20.076250065961613,15.383333206176758
4,0.7833333268584048,20.042137,20.082846433860638,15.383333206176758
4,0.7999999933873071,20.04499,20.090108699943237,15.383333206176758
4,0.8166666599162093,20.047844,20.097370966025835,15.383333206176758
4,0.8333333264451116,20.050713,20.104633232108434,15.383333206176758
4,0.8499999929740137,20.05376,20.111895498191032,15.383333206176758
4,0.866666659502916,20.056938,20.120218357569733,15.383333206176758
4,0.8833333260318182,20.06036,20.12856297270836,15.383333206176758
4,0.8999999925607205,20.063782,20.13690758784698,15.383333206176758
4,0.9166666590896227,20.067204,20.145252202985606,15.383333206176758
4,0.933333325618525,20.07094,20.15378511455697,15.383333206176758
4,0.9499999921474271,20.074715,20.162680773667887,15.383333206176758
4,0.9666666586763294,20.07849,20.171576432778803,15.383333206176758
4,0.9833333252052316,20.08244,20.18047209188972,15.383333206176758
4,0.9999999917341339,20.086618,20.18936775100063,15.383333206176758
4,1.0166666582630361,20.090797,20.198281925651905,15.383333206176758
4,1.0333333247919383,20.094975,20.207203903280902,15.383333206176758
4,1.0499999913208407,20.099287,20.216125880909896,15.383333206176758
4,1.0666666578497428,20.103928,20.22504785853889,15.383333206176758
4,1.083333324378645,20.108566,20.233888276865784,15.383333206176758
4,1.0999999909075473,20.113207,20.24156176979338,15.383333206176758
4,1.1166666574364494,20.117859,20.24923526272097,15.383333206176758
4,1.1333333239653518,20.122614,20.256908755648563,15.383333206176758
4,1.149999990494254,20.127523,20.264582248576154,15.383333206176758
4,1.166666657023156,20.132576,20.27178429782326,15.383333206176758
4,1.1833333235520584,20.137785,20.278354057898888,15.383333206176758
4,1.1999999900809606,20.143173,20.284923817974516,15.383333206176758
4,1.216666656609863,20.148893,20.291493578050144,15.383333206176758
4,1.233333323138765,20.15473,20.298063338125772,15.383333206176758
4,1.2499999896676672,20.161161,20.305064597083327,15.383333206176758
4,1.2666666561965696,20.167814,20.312181288862796,15.383333206176758
4,1.2833333227254717,20.174927,20.31929798064227,15.383333206176758
4,1.299999989254374,20.182869,20.326414672421738,15.383333206176758
4,1.3166666557832762,20.190813,20.333960982598565,15.383333206176758
4,1.3333333223121784,20.200745,20.343927476413846,15.383333206176758
4,1.3499999888410807,20.21071,20.353893970229127,15.383333206176758
4,1.3666666553699829,20.22309,20.363860464044407,15.383333206176758
4,1.3833333218988852,20.237007,20.373826957859688,15.383333206176758
4,1.3999999884277874,20.250923,20.38777465654995,15.383333206176758
4,1.4166666549566898,20.26989,20.405508403013485,15.383333206176758
4,1.433333321485592,20.290024,20.423242149477016,15.383333206176758
4,1.449999988014494,20.310318,20.440975895940547,15.383333206176758
4,1.4666666545433964,20.342535,20.45870964240408,15.383333206176758
4,1.4833333210722985,20.374752,20.489614980579844,15.383333206176758
4,1.499999987601201,20.40697,20.522412788829204,15.383333206176758
4,1.516666654130103,20.451033,20.555210597078567,15.383333206176758
4,1.5333333206590052,20.501345,20.588008405327926,15.383333206176758
4,1.5499999871879075,20.551659,20.626869466167875,15.383333206176758
4,1.5666666537168097,20.609467,20.685339343896537,15.383333206176758
4,1.583333320245712,20.685104,20.7438092216252,15.383333206176758
4,1.5999999867746142,20.760744,20.80227909935386,15.383333206176758
4,1.6166666533035163,20.836384,20.860748977082523,15.383333206176758
4,1.6333333198324187,20.943344,20.942909778003962,15.383333206176758
4,1.6499999863613208,21.052402,21.04099724997937,15.383333206176758
4,1.6666666528902232,21.16146,21.139084721954777,15.383333206176758
4,1.6833333194191253,21.275654,21.237172193930185,15.383333206176758
4,1.6999999859480275,21.401888,21.33525966590559,15.383333206176758
4,1.7166666524769298,21.539612,21.486854375506535,15.383333206176758
4,1.733333319005832,21.692436,21.640690225950433,15.383333206176758
4,1.7499999855347343,21.858923,21.79452607639433,15.383333206176758
4,1.7666666520636365,22.044582,21.948361926838224,15.383333206176758
4,1.7833333185925386,22.247993,22.126117474854578,15.383333206176758
4,1.799999985121441,22.46472,22.354328634937822,15.383333206176758
4,1.8166666516503431,22.707531,22.58253979502107,15.383333206176758
4,1.8333333181792455,22.964365,22.810750955104318,15.383333206176758
4,1.8499999847081476,23.24124,23.038962115187562,15.383333206176758
4,1.86666665123705,23.550304,23.33020143105951,15.383333206176758
4,1.8833333177659521,23.85937,23.650637613215924,15.383333206176758
4,1.8999999842948543,24.200228,23.971073795372337,15.383333206176758
4,1.9166666508237566,24.557201,24.291509977528754,15.383333206176758
4,1.9333333173526588,24.928886,24.616759001627525,15.383333206176758
4,1.9499999838815611,25.335367,25.043612466731553,15.383333206176758
4,1.9666666504104633,25.741848,25.470465931835577,15.383333206176758
4,1.9833333169393654,26.195408,25.8973193969396,15.383333206176758
4,1.9999999834682678,26.652473,26.32417286204363,15.383333206176758
4,2.01666664999717,27.138235,26.79775619920131,15.383333206176758
4,2.0333333165260723,27.64616,27.339415152437134,15.383333206176758
4,2.0499999830549744,28.164078,27.881074105672962,15.383333206176758
4,2.0666666495838766,28.722525,28.422733058908786,15.383333206176758
4,2.0833333161127787,29.280973,28.964392012144614,15.383333206176758
4,2.0999999826416813,29.8805,29.595084896067004,15.383333206176758
4,2.1166666491705834,30.488365,30.252546151306895,15.383333206176758
4,2.1333333156994856,31.118351,30.91000740654679,15.383333206176758
4,2.1499999822283877,31.773804,31.567468661786684,15.383333206176758
4,2.16666664875729,32.43373,32.23935495295996,15.383333206176758
4,2.1833333152861925,33.13467,33.00722321399761,15.383333206176758
4,2.1999999818150946,33.83561,33.77509147503525,15.383333206176758
4,2.2166666483439967,34.56789,34.54295973607289,15.383333206176758
4,2.233333314872899,35.31165,35.31082799711053,15.383333206176758
4,2.249999981401801,36.06996,36.12625417575031,15.383333206176758
4,2.2666666479307036,36.853554,36.99069412661273,15.383333206176758
4,2.2833333144596057,37.637146,37.85513407747513,15.383333206176758
4,2.299999980988508,38.436848,38.719574028337526,15.383333206176758
4,2.31666664751741,39.253513,39.58401397919992,15.383333206176758
4,2.333333314046312,40.086475,40.472748385477956,15.383333206176758
4,2.3499999805752148,40.93505,41.36562714003279,15.383333206176758
4,2.366666647104117,41.79412,42.258505894587614,15.383333206176758
4,2.383333313633019,42.66391,43.15138464914243,15.383333206176758
4,2.399999980161921,43.55041,44.047167107446754,15.383333206176758
4,2.4166666466908233,44.442066,44.953483932842296,15.383333206176758
4,2.433333313219726,45.34489,45.85980075823786,15.383333206176758
4,2.449999979748628,46.25149,46.766117583633395,15.383333206176758
4,2.46666664627753,47.166428,47.67243440902894,15.383333206176758
4,2.4833333128064323,48.081364,48.57784723796412,15.383333206176758
4,2.4999999793353345,49.00236,49.4825997564413,15.383333206176758
4,2.516666645864237,49.923492,50.387352274918506,15.383333206176758
4,2.533333312393139,50.8447,51.29210479339569,15.383333206176758
4,2.5499999789220413,51.765953,52.196857311872876,15.383333206176758
4,2.5666666454509435,52.687206,53.0906352397551,15.383333206176758
4,2.5833333119798456,53.60312,53.98370891583445,15.383333206176758
4,2.599999978508748,54.51839,54.876782591913816,15.383333206176758
4,2.6166666450376503,55.431744,55.76985626799316,15.383333206176758
4,2.6333333115665525,56.33333,56.65683494228973,15.383333206176758
4,2.6499999780954546,57.234913,57.529693529122845,15.383333206176758
4,2.6666666446243568,58.136494,58.40255211595596,15.383333206176758
4,2.6833333111532593,59.034317,59.2754107027891,15.383333206176758
4,2.6999999776821615,59.927128,60.14826928962222,15.383333206176758
4,2.7166666442110636,60.816364,61.00413626425963,15.383333206176758
4,2.7333333107399658,61.70044,61.85137870846437,15.383333206176758
4,2.7499999772688684,62.577675,62.698621152669126,15.383333206176758
4,2.7666666437977705,63.446877,63.545863596873865,15.383333206176758
4,2.7833333103266726,64.30646,64.39234909437849,15.383333206176758
4,2.799999976855575,65.15899,65.20946505991895,15.383333206176758
4,2.816666643384477,66.00328,66.02658102545941,15.383333206176758
4,2.8333333099133795,66.84022,66.84369699099989,15.383333206176758
4,2.8499999764422816,67.670334,67.66081295654035,15.383333206176758
4,2.866666642971184,68.49212,68.4649022558012,15.383333206176758
4,2.883333309500086,69.303986,69.24835190199568,15.383333206176758
4,2.899999976028988,70.1062,70.03180154819015,15.383333206176758
4,2.9166666425578907,70.89196,70.81525119438464,15.383333206176758
4,2.933333309086793,71.67065,71.59870084057911,15.383333206176758
4,2.949999975615695,72.43811,72.35467194529295,15.383333206176758
4,2.966666642144597,73.184944,73.10142206293276,15.383333206176758
4,2.983333308673499,73.93178,73.84817218057256,15.383333206176758
4,2.999999975202402,74.66162,74.59492229821238,15.383333206176758
4,3.016666641731304,75.385025,75.33742987735044,15.383333206176758
4,3.033333308260206,76.10314,76.04580430581538,15.383333206176758
4,3.0499999747891082,76.803406,76.75417873428033,15.383333206176758
4,3.0666666413180104,77.50367,77.46255316274527,15.383333206176758
4,3.083333307846913,78.186905,78.17092759121023,15.383333206176758
4,3.099999974375815,78.86392,78.86007148188865,15.383333206176758
4,3.1166666409047172,79.53559,79.52773445269916,15.383333206176758
4,3.1333333074336194,80.19002,80.19539742350968,15.383333206176758
4,3.1499999739625215,80.84444,80.86306039432019,15.383333206176758
4,3.166666640491424,81.46693,81.53072336513071,15.383333206176758
4,3.1833333070203262,82.07819,82.16358765078265,15.383333206176758
4,3.1999999735492284,82.68947,82.78953412552957,15.383333206176758
4,3.2166666400781305,83.300735,83.41548060027648,15.383333206176758
4,3.2333333066070327,83.91201,84.04142707502339,15.383333206176758
4,3.2499999731359352,84.49271,84.65906804044484,15.383333206176758
4,3.2666666396648374,85.06309,85.24263512145403,15.383333206176758
4,3.2833333061937395,85.63347,85.82620220246322,15.383333206176758
4,3.2999999727226417,86.20385,86.40976928347241,15.383333206176758
4,3.316666639251544,86.77423,86.99333636448159,15.383333206176758
4,3.3333333057804464,87.31004,87.5534830558339,15.383333206176758
4,3.3499999723093485,87.83467,88.0950622310618,15.383333206176758
4,3.3666666388382507,88.35929,88.6366414062897,15.383333206176758
4,3.383333305367153,88.88391,89.17822058151759,15.383333206176758
4,3.399999971896055,89.40853,89.71979975674549,15.383333206176758
4,3.4166666384249575,89.93315,90.22414647822522,15.383333206176758
4,3.4333333049538597,90.42536,90.72523790320236,15.383333206176758
4,3.449999971482762,90.9076,91.2263293281795,15.383333206176758
4,3.466666638011664,91.38984,91.72742075315665,15.383333206176758
4,3.483333304540566,91.87207,92.21778890293572,15.383333206176758
4,3.4999999710694687,92.35431,92.68077440354834,15.383333206176758
4,3.516666637598371,92.83655,93.14375990416093,15.383333206176758
4,3.533333304127273,93.28856,93.60674540477353,15.383333206176758
4,3.549999970656175,93.73173,94.06973090538612,15.383333206176758
4,3.5666666371850773,94.174904,94.51020891514011,15.383333206176758
4,3.58333330371398,94.61808,94.93820230105847,15.383333206176758
4,3.599999970242882,95.06126,95.36619568697682,15.383333206176758
4,3.616666636771784,95.504425,95.79418907289516,15.383333206176758
4,3.6333333033006863,95.919495,96.22202222499662,15.383333206176758
4,3.6499999698295884,96.326775,96.61812908135411,15.383333206176758
4,3.666666636358491,96.734055,97.01423593771162,15.383333206176758
4,3.683333302887393,97.141335,97.41034279406912,15.383333206176758
4,3.6999999694162953,97.548615,97.80644965042661,15.383333206176758
4,3.7166666359451974,97.95589,98.1923420121843,15.383333206176758
4,3.7333333024741,98.33701,98.56060387641355,15.383333206176758
4,3.749999969003002,98.71127,98.92886574064279,15.383333206176758
4,3.7666666355319043,99.08554,99.29712760487203,15.383333206176758
4,3.7833333020608064,99.4598,99.66538946910129,15.383333206176758
4,3.7999999685897086,99.83406,100.01588881338664,15.383333206176758
4,3.816666635118611,100.20832,100.35977315024464,15.383333206176758
4,3.8333333016475133,100.558235,100.70365748710262,15.383333206176758
4,3.8499999681764154,100.90211,101.0475418239606,15.383333206176758
4,3.8666666347053176,101.24598,101.38941755532444,15.383333206176758
4,3.8833333012342197,101.58986,101.71109564255273,15.383333206176758
4,3.8999999677631223,101.93373,102.03277372978104,15.383333206176758
4,3.9166666342920244,102.2776,102.35445181700935,15.383333206176758
4,3.9333333008209266,102.59878,102.67612990423764,15.383333206176758
4,3.9499999673498287,102.91464,102.98944028976292,15.383333206176758
4,3.966666633878731,103.2305,103.29261645878124,15.383333206176758
4,3.9833333004076334,103.546364,103.59579262779957,15.383333206176758
4,3.9999999669365356,103.86223,103.89896879681788,15.383333206176758
4,4.016666633465437,104.17809,104.20214496583618,15.383333206176758
4,4.03333329999434,104.47284,104.49111092051862,15.383333206176758
4,4.0499999665232425,104.76294,104.77683133242063,15.383333206176758
4,4.066666633052145,105.05304,105.06255174432262,15.383333206176758
4,4.083333299581047,105.34314,105.34827215622462,15.383333206176758
4,4.099999966109949,105.63324,105.63117444502313,15.383333206176758
4,4.116666632638851,105.92334,105.90087181413678,15.383333206176758
4,4.133333299167753,106.190575,106.17056918325042,15.383333206176758
4,4.149999965696655,106.45309,106.44026655236406,15.383333206176758
4,4.166666632225557,106.7156,106.70996392147771,15.383333206176758
4,4.18333329875446,106.97811,106.97169683917244,15.383333206176758
4,4.199999965283363,107.24062,107.2265818173294,15.383333206176758
4,4.216666631812265,107.503136,107.48146679548636,15.383333206176758
4,4.233333298341167,107.76565,107.7363517736433,15.383333206176758
4,4.249999964870069,108.00916,107.99123675180024,15.383333206176758
4,4.266666631398971,108.24667,108.23297557231537,15.383333206176758
4,4.283333297927873,108.48418,108.47324554840122,15.383333206176758
4,4.2999999644567755,108.72169,108.71351552448708,15.383333206176758
4,4.316666630985678,108.95919,108.95378550057293,15.383333206176758
4,4.33333329751458,109.1967,109.19053134112292,15.383333206176758
4,4.349999964043483,109.434204,109.41731472160035,15.383333206176758
4,4.366666630572385,109.6561,109.64409810207778,15.383333206176758
4,4.383333297101287,109.87098,109.8708814825552,15.383333206176758
4,4.399999963630189,110.08587,110.09766486303262,15.383333206176758
4,4.416666630159091,110.30076,110.31646169743068,15.383333206176758
4,4.4333332966879935,110.51564,110.53042795960333,15.383333206176758
4,4.449999963216896,110.73053,110.74439422177598,15.383333206176758
4,4.466666629745798,110.94541,110.95836048394862,15.383333206176758
4,4.4833332962747,111.14761,111.17232674612126,15.383333206176758
4,4.499999962803602,111.34207,111.37260308064207,15.383333206176758
4,4.516666629332505,111.53653,111.57266987545391,15.383333206176758
4,4.533333295861407,111.73099,111.77273667026574,15.383333206176758
4,4.549999962390309,111.925446,111.97280346507759,15.383333206176758
4,4.5666666289192115,112.1199,112.16885617339858,15.383333206176758
4,4.583333295448114,112.31436,112.35734611007014,15.383333206176758
4,4.599999961977016,112.49862,112.5458360467417,15.383333206176758
4,4.616666628505918,112.67461,112.73432598341326,15.383333206176758
4,4.63333329503482,112.85059,112.92281592008482,15.383333206176758
4,4.649999961563722,113.02658,113.10232694384078,15.383333206176758
4,4.666666628092624,113.20257,113.278144514057,15.383333206176758
4,4.683333294621527,113.378555,113.45396208427323,15.383333206176758
4,4.6999999611504295,113.55454,113.62977965448945,15.383333206176758
4,4.716666627679332,113.72408,113.80474643562624,15.383333206176758
4,4.733333294208234,113.88672,113.96847064678487,15.383333206176758
4,4.749999960737136,114.04935,114.13219485794349,15.383333206176758
4,4.766666627266038,114.21198,114.29591906910213,15.383333206176758
4,4.78333329379494,114.37462,114.45964328026075,15.383333206176758
4,4.799999960323842,114.53725,114.61844404392099,15.383333206176758
4,4.8166666268527445,114.69988,114.7707756265659,15.383333206176758
4,4.833333293381647,114.85386,114.9231072092108,15.383333206176758
4,4.84999995991055,114.995575,115.07543879185572,15.383333206176758
4,4.866666626439452,115.13729,115.22777037450062,15.383333206176758
4,4.883333292968354,115.27901,115.37138305531809,15.383333206176758
4,4.899999959497256,115.42072,115.51273323629428,15.383333206176758
4,4.916666626026158,115.56243,115.65408341727046,15.383333206176758
4,4.93333329255506,115.70415,115.79543359824663,15.383333206176758
4,4.9499999590839625,115.84586,115.93513127551178,15.383333206176758
4,4.966666625612865,115.98564,116.06587344879448,15.383333206176758
4,4.983333292141767,116.11218,116.19661562207719,15.383333206176758
4,4.999999958670669,116.23873,116.3273577953599,15.383333206176758
4,5.016666625199572,116.36527,116.45809996864261,15.383333206176758
4,5.033333291728474,116.49182,116.58400627954552,15.383333206176758
4,5.049999958257376,116.61836,116.70540537890996,15.383333206176758
4,5.066666624786278,116.74491,116.8268044782744,15.383333206176758
4,5.0833332913151805,116.87145,116.94820357763884,15.383333206176758
4,5.099999957844083,116.998,117.06960267700327,15.383333206176758
4,5.116666624372985,117.10421,117.18319776541234,15.383333206176758
4,5.133333290901887,117.20659,117.2957225894618,15.383333206176758
4,5.149999957430789,117.308975,117.40824741351128,15.383333206176758
4,5.166666623959691,117.411354,117.52077223756073,15.383333206176758
4,5.183333290488594,117.51374,117.63132277599266,15.383333206176758
4,5.199999957017496,117.61612,117.73566254091935,15.383333206176758
4,5.2166666235463985,117.718506,117.84000230584606,15.383333206176758
4,5.233333290075301,117.820885,117.94434207077275,15.383333206176758
4,5.249999956604203,117.92327,118.04868183569945,15.383333206176758
4,5.266666623133105,118.02565,118.14883378215885,15.383333206176758
4,5.283333289662007,118.12804,118.2462287481273,15.383333206176758
4,5.299999956190909,118.230415,118.34362371409573,15.383333206176758
4,5.316666622719811,118.3328,118.44101868006416,15.383333206176758
4,5.3333332892487135,118.43519,118.5384136460326,15.383333206176758
4,5.349999955777617,118.53757,118.62997780383473,15.383333206176758
4,5.366666622306519,118.63995,118.72132938008913,15.383333206176758
4,5.383333288835421,118.738,118.81268095634354,15.383333206176758
4,5.399999955364323,118.8243,118.90403253259794,15.383333206176758
4,5.416666621893225,118.91061,118.99348858040824,15.383333206176758
4,5.433333288422127,118.99691,119.07903692342607,15.383333206176758
4,5.449999954951029,119.08321,119.16458526644392,15.383333206176758
4,5.4666666214799315,119.16952,119.25013360946176,15.383333206176758
4,5.483333288008834,119.25582,119.3356819524796,15.383333206176758
4,5.499999954537737,119.34213,119.41832902604555,15.383333206176758
4,5.516666621066639,119.42844,119.49966311635589,15.383333206176758
4,5.533333287595541,119.51474,119.58099720666624,15.383333206176758
4,5.549999954124443,119.60104,119.66233129697657,15.383333206176758
4,5.566666620653345,119.68735,119.74343278581118,15.383333206176758
4,5.583333287182247,119.77365,119.82013810675426,15.383333206176758
4,5.59999995371115,119.859955,119.89684342769735,15.383333206176758
4,5.616666620240052,119.93442,119.97354874864044,15.383333206176758
4,5.633333286768954,120.00746,120.05025406958352,15.383333206176758
4,5.649999953297856,120.080505,120.12565259013894,15.383333206176758
4,5.666666619826759,120.15355,120.19918652965343,15.383333206176758
4,5.683333286355661,120.226585,120.27272046916792,15.383333206176758
4,5.699999952884563,120.29963,120.34625440868241,15.383333206176758
4,5.716666619413465,120.37267,120.4197883481969,15.383333206176758
4,5.733333285942368,120.44572,120.4906185559307,15.383333206176758
4,5.74999995247127,120.51876,120.56065871217011,15.383333206176758
4,5.766666619000172,120.5918,120.63069886840952,15.383333206176758
4,5.783333285529074,120.66484,120.70073902464895,15.383333206176758
4,5.799999952057976,120.737885,120.77042789810528,15.383333206176758
4,5.816666618586878,120.81093,120.83787897012861,15.383333206176758
4,5.833333285115781,120.87831,120.90533004215196,15.383333206176758
4,5.8499999516446834,120.9404,120.97278111417529,15.383333206176758
4,5.866666618173586,121.00248,121.04023218619862,15.383333206176758
4,5.883333284702488,121.06456,121.1064852366339,15.383333206176758
4,5.89999995123139,121.12665,121.17152816425295,15.383333206176758
4,5.916666617760292,121.18873,121.236571091872,15.383333206176758
4,5.933333284289194,121.25082,121.30161401949105,15.383333206176758
4,5.949999950818096,121.3129,121.3666569471101,15.383333206176758
4,5.966666617346998,121.37498,121.42901994864319,15.383333206176758
4,5.983333283875901,121.437065,121.4909441318698,15.383333206176758
4,5.999999950404804,121.499146,121.55286831509642,15.383333206176758
4,6.016666616933706,121.561226,121.61479249832303,15.383333206176758
4,6.033333283462608,121.623314,121.6763126129448,15.383333206176758
4,6.04999994999151,121.68488,121.73640930407225,15.383333206176758
4,6.066666616520412,121.74298,121.79650599519972,15.383333206176758
4,6.083333283049314,121.80053,121.85660268632718,15.383333206176758
4,6.0999999495782165,121.85754,121.91669937745463,15.383333206176758
4,6.116666616107119,121.914,121.9750394728176,15.383333206176758
4,6.133333282636021,121.96992,122.03212269362494,15.383333206176758
4,6.149999949164923,122.0253,122.08920591443228,15.383333206176758
4,6.166666615693826,122.080124,122.14628913523963,15.383333206176758
4,6.183333282222728,122.134415,122.20337235604697,15.383333206176758
4,6.19999994875163,122.188156,122.25803447157178,15.383333206176758
4,6.216666615280532,122.241356,122.3125549266811,15.383333206176758
4,6.2333332818094345,122.29401,122.36707538179044,15.383333206176758
4,6.249999948338337,122.346115,122.42159583689978,15.383333206176758
4,6.266666614867239,122.39768,122.47536551164522,15.383333206176758
4,6.283333281396141,122.44093,122.52743669966577,15.383333206176758
4,6.299999947925043,122.48169,122.57950788768632,15.383333206176758
4,6.316666614453945,122.522446,122.63157907570687,15.383333206176758
4,6.333333280982848,122.5632,122.68365026372743,15.383333206176758
4,6.34999994751175,122.60396,122.73364915775453,15.383333206176758
4,6.3666666140406525,122.644714,122.78261969536382,15.383333206176758
4,6.383333280569555,122.68547,122.83159023297311,15.383333206176758
4,6.399999947098457,122.72623,122.8805607705824,15.383333206176758
4,6.416666613627359,122.76698,122.92945012085357,15.383333206176758
4,6.433333280156261,122.80774,122.97572794508186,15.383333206176758
4,6.449999946685163,122.848495,123.02200576931013,15.383333206176758
4,6.466666613214065,122.88925,123.0682835935384,15.383333206176758
4,6.483333279742968,122.93001,123.11456141776667,15.383333206176758
4,6.4999999462718705,122.970764,123.15971159599196,15.383333206176758
4,6.516666612800773,123.01152,123.20311247721267,15.383333206176758
4,6.533333279329675,123.05228,123.24651335843336,15.383333206176758
4,6.549999945858577,123.09303,123.28991423965405,15.383333206176758
4,6.566666612387479,123.13379,123.33331512087474,15.383333206176758
4,6.583333278916381,123.174545,123.37462060500586,15.383333206176758
4,6.599999945445283,123.2153,123.4152415927544,15.383333206176758
4,6.6166666119741855,123.25606,123.45586258050292,15.383333206176758
4,6.633333278503088,123.296814,123.49648356825146,15.383333206176758
4,6.649999945031991,123.33757,123.536807026145,15.383333206176758
4,6.666666611560893,123.37833,123.57485373384387,15.383333206176758
4,6.683333278089795,123.41393,123.61290044154273,15.383333206176758
4,6.699999944618697,123.44717,123.6509471492416,15.383333206176758
4,6.716666611147599,123.48039,123.68899385694047,15.383333206176758
4,6.733333277676501,123.51362,123.72543628399188,15.383333206176758
4,6.7499999442054035,123.54685,123.76012244591347,15.383333206176758
4,6.766666610734306,123.58008,123.79480860783504,15.383333206176758
4,6.783333277263208,123.61331,123.82949476975661,15.383333206176758
4,6.79999994379211,123.64654,123.86418093167819,15.383333206176758
4,6.816666610321013,123.67976,123.89739006596294,15.383333206176758
4,6.833333276849915,123.713,123.93031617698794,15.383333206176758
4,6.849999943378817,123.74622,123.96324228801294,15.383333206176758
4,6.866666609907719,123.77945,123.99616839903794,15.383333206176758
4,6.8833332764366215,123.81268,124.02860649332065,15.383333206176758
4,6.899999942965524,123.84591,124.0591047210528,15.383333206176758
4,6.916666609494426,123.87914,124.08960294878496,15.383333206176758
4,6.933333276023328,123.91237,124.12010117651711,15.383333206176758
4,6.94999994255223,123.945595,124.15059940424926,15.383333206176758
4,6.966666609081132,123.97883,124.17984968456132,15.383333206176758
4,6.983333275610035,124.012054,124.20813057714527,15.383333206176758
4,6.999999942138937,124.04417,124.2364114697292,15.383333206176758
4,7.0166666086678395,124.07151,124.26469236231316,15.383333206176758
4,7.033333275196742,124.09886,124.29297325489709,15.383333206176758
4,7.049999941725644,124.126205,124.31948075547636,15.383333206176758
4,7.066666608254546,124.15355,124.34584368605526,15.383333206176758
4,7.083333274783448,124.18089,124.37220661663414,15.383333206176758
4,7.09999994131235,124.20824,124.39856954721304,15.383333206176758
4,7.116666607841252,124.23559,124.42447545804802,15.383333206176758
4,7.1333332743701545,124.26293,124.44924282846833,15.383333206176758
4,7.1499999408990575,124.290276,124.47401019888865,15.383333206176758
4,7.16666660742796,124.31762,124.49877756930896,15.383333206176758
4,7.183333273956862,124.34496,124.52354493972928,15.383333206176758
4,7.199999940485764,124.372314,124.54752431685591,15.383333206176758
4,7.216666607014666,124.39966,124.57107610072242,15.383333206176758
4,7.233333273543568,124.427,124.59462788458893,15.383333206176758
4,7.24999994007247,124.454346,124.61817966845544,15.383333206176758
4,7.2666666066013725,124.48169,124.64171546613666,15.383333206176758
4,7.283333273130275,124.50903,124.66367662456673,15.383333206176758
4,7.299999939659177,124.536385,124.6856377829968,15.383333206176758
4,7.31666660618808,124.56373,124.70759894142688,15.383333206176758
4,7.333333272716982,124.58785,124.72956009985695,15.383333206176758
4,7.349999939245884,124.610565,124.75117566241991,15.383333206176758
4,7.366666605774786,124.63328,124.7722074481803,15.383333206176758
4,7.383333272303688,124.65598,124.79323923394068,15.383333206176758
4,7.3999999388325906,124.678696,124.81427101970107,15.383333206176758
4,7.416666605361493,124.70141,124.83530280546145,15.383333206176758
4,7.433333271890395,124.72412,124.8558337623869,15.383333206176758
4,7.449999938419297,124.74683,124.87618291158459,15.383333206176758
4,7.4666666049482,124.76955,124.89653206078229,15.383333206176758
4,7.483333271477102,124.79226,124.91688120997999,15.383333206176758
4,7.499999938006004,124.81497,124.93716125653599,15.383333206176758
4,7.516666604534906,124.837685,124.95678664648649,15.383333206176758
4,7.533333271063809,124.86039,124.976412036437,15.383333206176758
4,7.549999937592711,124.8831,124.9960374263875,15.383333206176758
4,7.566666604121613,124.905815,125.01566281633801,15.383333206176758
4,7.583333270650515,124.92853,125.03491436595648,15.383333206176758
4,7.599999937179417,124.95124,125.05372223693914,15.383333206176758
4,7.616666603708319,124.97395,125.07253010792179,15.383333206176758
4,7.633333270237222,124.996666,125.09133797890445,15.383333206176758
4,7.649999936766124,125.01911,125.1101458498871,15.383333206176758
4,7.666666603295027,125.04043,125.12888500672379,15.383333206176758
4,7.683333269823929,125.06161,125.14760898743006,15.383333206176758
4,7.699999936352831,125.08266,125.16633296813635,15.383333206176758
4,7.716666602881733,125.10357,125.18505694884261,15.383333206176758
4,7.733333269410635,125.124344,125.20365297393964,15.383333206176758
4,7.749999935939537,125.14499,125.22166964447253,15.383333206176758
4,7.766666602468439,125.165504,125.23968631500541,15.383333206176758
4,7.783333268997342,125.18588,125.2577029855383,15.383333206176758
4,7.799999935526245,125.20612,125.27571965607119,15.383333206176758
4,7.816666602055147,125.226234,125.2936658022334,15.383333206176758
4,7.833333268584049,125.246216,125.31155252508327,15.383333206176758
4,7.849999935112951,125.26606,125.32943924793314,15.383333206176758
4,7.866666601641853,125.28577,125.347325970783,15.383333206176758
4,7.883333268170755,125.30534,125.36521269363288,15.383333206176758
4,7.8999999346996574,125.32478,125.38292980090769,15.383333206176758
4,7.91666660122856,125.34409,125.40062900431624,15.383333206176758
4,7.933333267757462,125.363266,125.41832820772478,15.383333206176758
4,7.949999934286364,125.38231,125.43602741113334,15.383333206176758
4,7.966666600815267,125.401215,125.45358292072333,15.383333206176758
4,7.983333267344169,125.41985,125.47074259451125,15.383333206176758
4,7.999999933873071,125.438286,125.48790226829918,15.383333206176758
4,8.016666600401972,125.456566,125.5050619420871,15.383333206176758
4,8.033333266930875,125.47469,125.52222161587501,15.383333206176758
4,8.049999933459778,125.49266,125.53947738035787,15.383333206176758
4,8.06666659998868,125.51048,125.55679003053213,15.383333206176758
4,8.083333266517583,125.52815,125.57410268070639,15.383333206176758
4,8.099999933046485,125.54567,125.59141533088065,15.383333206176758
4,8.116666599575387,125.56303,125.6087279810549,15.383333206176758
4,8.13333326610429,125.58024,125.62536811208673,15.383333206176758
4,8.149999932633191,125.5973,125.64200141551306,15.383333206176758
4,8.166666599162093,125.6142,125.6586347189394,15.383333206176758
4,8.183333265690996,125.63095,125.67526802236571,15.383333206176758
4,8.199999932219898,125.64755,125.69185503694115,15.383333206176758
4,8.2166665987488,125.663994,125.70835674777707,15.383333206176758
4,8.233333265277702,125.68029,125.72485845861301,15.383333206176758
4,8.249999931806604,125.69643,125.74136016944894,15.383333206176758
4,8.266666598335506,125.71242,125.75786188028486,15.383333206176758
4,8.283333264864408,125.72825,125.77403963529147,15.383333206176758
4,8.29999993139331,125.743965,125.79008735169052,15.383333206176758
4,8.316666597922213,125.75967,125.80613506808957,15.383333206176758
4,8.333333264451115,125.77523,125.82218278448863,15.383333206176758
4,8.349999930980017,125.79065,125.83821934196828,15.383333206176758
4,8.36666659750892,125.80594,125.85411901670314,15.383333206176758
4,8.383333264037823,125.82109,125.87001869143799,15.383333206176758
4,8.399999930566725,125.83611,125.88591836617285,15.383333206176758
4,8.416666597095627,125.85099,125.90181804090771,15.383333206176758
4,8.43333326362453,125.86573,125.91740920871723,15.383333206176758
4,8.449999930153432,125.88034,125.93260321818607,15.383333206176758
4,8.466666596682334,125.894806,125.94779722765492,15.383333206176758
4,8.483333263211236,125.90914,125.96299123712376,15.383333206176758
4,8.499999929740138,125.92334,125.97818524659262,15.383333206176758
4,8.51666659626904,125.9374,125.99310194451527,15.383333206176758
4,8.533333262797942,125.951324,126.00794887852695,15.383333206176758
4,8.549999929326844,125.96511,126.02279581253862,15.383333206176758
4,8.566666595855747,125.97876,126.03764274655029,15.383333206176758
4,8.583333262384649,125.99227,126.05240821218439,15.383333206176758
4,8.599999928913551,126.005646,126.06674851472303,15.383333206176758
4,8.616666595442453,126.01889,126.08108881726167,15.383333206176758
4,8.633333261971355,126.03216,126.09542911980031,15.383333206176758
4,8.649999928500257,126.04538,126.10976942233894,15.383333206176758
4,8.66666659502916,126.05848,126.1237280402385,15.383333206176758
4,8.683333261558062,126.07147,126.13733800390042,15.383333206176758
4,8.699999928086966,126.08435,126.15094796756236,15.383333206176758
4,8.716666594615868,126.097115,126.1645579312243,15.383333206176758
4,8.73333326114477,126.109764,126.17816789488622,15.383333206176758
4,8.749999927673672,126.1223,126.19139815771696,15.383333206176758
4,8.766666594202574,126.13472,126.20457880055272,15.383333206176758
4,8.783333260731476,126.147026,126.21775944338847,15.383333206176758
4,8.799999927260378,126.159225,126.23094008622422,15.383333206176758
4,8.81666659378928,126.1713,126.24383234951891,15.383333206176758
4,8.833333260318183,126.18327,126.25584181830013,15.383333206176758
4,8.849999926847085,126.19513,126.26785128708134,15.383333206176758
4,8.866666593375987,126.20686,126.27986075586254,15.383333206176758
4,8.883333259904889,126.21849,126.29187022464376,15.383333206176758
4,8.899999926433791,126.23,126.30394070378362,15.383333206176758
4,8.916666592962693,126.2414,126.31605051191501,15.383333206176758
4,8.933333259491596,126.25269,126.32816032004641,15.383333206176758
4,8.949999926020498,126.2639,126.34027012817779,15.383333206176758
4,8.9666665925494,126.27514,126.35237993630919,15.383333206176758
4,8.983333259078302,126.286285,126.36354691494067,15.383333206176758
4,8.999999925607204,126.29734,126.37468458281049,15.383333206176758
4,9.016666592136106,126.30829,126.38582225068032,15.383333206176758
4,9.03333325866501,126.31915,126.39695991855014,15.383333206176758
4,9.049999925193912,126.32991,126.40787663981561,15.383333206176758
4,9.066666591722814,126.340576,126.41834812019654,15.383333206176758
4,9.083333258251717,126.35115,126.42881960057747,15.383333206176758
4,9.099999924780619,126.36162,126.43929108095841,15.383333206176758
4,9.11666659130952,126.371994,126.44976256133934,15.383333206176758
4,9.133333257838423,126.38228,126.46005153139389,15.383333206176758
4,9.149999924367325,126.39246,126.47025982659403,15.383333206176758
4,9.166666590896227,126.40255,126.48046812179416,15.383333206176758
4,9.18333325742513,126.412544,126.4906764169943,15.383333206176758
4,9.199999923954032,126.42244,126.50082652049618,15.383333206176758
4,9.216666590482934,126.43224,126.50998207497312,15.383333206176758
4,9.233333257011836,126.44195,126.51913762945007,15.383333206176758
4,9.249999923540738,126.45156,126.52829318392703,15.383333206176758
4,9.26666659006964,126.46107,126.53744873840398,15.383333206176758
4,9.283333256598542,126.47073,126.54644855569528,15.383333206176758
4,9.299999923127444,126.480415,126.55523071619697,15.383333206176758
4,9.316666589656347,126.490036,126.56401287669867,15.383333206176758
4,9.333333256185249,126.499596,126.57279503720036,15.383333206176758
4,9.34999992271415,126.509094,126.58157719770206,15.383333206176758
4,9.366666589243055,126.518524,126.59004289951511,15.383333206176758
4,9.383333255771957,126.5279,126.59841876789395,15.383333206176758
4,9.399999922300859,126.53721,126.6067946362728,15.383333206176758
4,9.416666588829761,126.54645,126.61517050465163,15.383333206176758
4,9.433333255358663,126.55563,126.62350309295489,15.383333206176758
4,9.449999921887565,126.56475,126.63157136365368,15.383333206176758
4,9.466666588416468,126.57381,126.63963963435246,15.383333206176758
4,9.48333325494537,126.5828,126.64770790505125,15.383333206176758
4,9.499999921474272,126.59173,126.65577617575003,15.383333206176758
4,9.516666588003174,126.6006,126.66343032655065,15.383333206176758
4,9.533333254532076,126.609406,126.67067449865208,15.383333206176758
4,9.549999921060978,126.61815,126.67791867075348,15.383333206176758
4,9.56666658758988,126.62682,126.68516284285491,15.383333206176758
4,9.583333254118783,126.63544,126.69240701495633,15.383333206176758
4,9.599999920647685,126.64399,126.69943224079302,15.383333206176758
4,9.616666587176587,126.65248,126.70642309715792,15.383333206176758
4,9.633333253705489,126.66091,126.71341395352282,15.383333206176758
4,9.649999920234391,126.66927,126.72040480988773,15.383333206176758
4,9.666666586763293,126.677574,126.72739864196447,15.383333206176758
4,9.683333253292197,126.685814,126.7344026575884,15.383333206176758
4,9.6999999198211,126.69399,126.74140667321235,15.383333206176758
4,9.716666586350001,126.7021,126.74841068883629,15.383333206176758
4,9.733333252878904,126.71015,126.75541470446024,15.383333206176758
4,9.749999919407806,126.71814,126.76179300227635,15.383333206176758
4,9.766666585936708,126.72607,126.76773276282545,15.383333206176758
4,9.78333325246561,126.733925,126.77367252337454,15.383333206176758
4,9.799999918994512,126.74173,126.77961228392364,15.383333206176758
4,9.816666585523414,126.749466,126.78555204447274,15.383333206176758
4,9.833333252052316,126.75713,126.79158866444233,15.383333206176758
4,9.849999918581219,126.76475,126.797630409249,15.383333206176758
4,9.86666658511012,126.77229,126.80367215405565,15.383333206176758
4,9.883333251639023,126.77978,126.8097138988623,15.383333206176758
4,9.899999918167925,126.7872,126.81576999321273,15.383333206176758
4,9.916666584696827,126.794556,126.82185779542603,15.383333206176758
4,9.93333325122573,126.80198,126.82794559763933,15.383333206176758
4,9.949999917754631,126.809395,126.83403339985261,15.383333206176758
4,9.966666584283534,126.81676,126.84012120206592,15.383333206176758
4,9.983333250812436,126.824066,126.84587007070027,15.383333206176758
4,9.999999917341338,126.831314,126.85145453125529,15.383333206176758
4,10.016666583870242,126.83852,126.85703899181031,15.383333206176758
4,10.033333250399144,126.84566,126.86262345236534,15.383333206176758
4,10.049999916928046,126.852745,126.86818309052407,15.383333206176758
4,10.066666583456948,126.85978,126.87306188581307,15.383333206176758
4,10.08333324998585,126.86677,126.87794068110209,15.383333206176758
4,10.099999916514752,126.873695,126.8828194763911,15.383333206176758
4,10.116666583043655,126.88057,126.88769827168011,15.383333206176758
4,10.133333249572557,126.88738,126.8926919955732,15.383333206176758
4,10.149999916101459,126.89415,126.89786029456108,15.383333206176758
4,10.166666582630361,126.90086,126.90302859354898,15.383333206176758
4,10.183333249159263,126.90752,126.90819689253686,15.383333206176758
4,10.199999915688165,126.91412,126.91336519152475,15.383333206176758
4,10.216666582217067,126.92067,126.91857343117826,15.383333206176758
4,10.23333324874597,126.92717,126.92379436720232,15.383333206176758
4,10.249999915274872,126.93361,126.92901530322636,15.383333206176758
4,10.266666581803774,126.939995,126.93423623925041,15.383333206176758
4,10.283333248332676,126.94633,126.9393726650581,15.383333206176758
4,10.299999914861578,126.95261,126.94389287053828,15.383333206176758
4,10.31666658139048,126.95883,126.94841307601845,15.383333206176758
4,10.333333247919382,126.965,126.95293328149864,15.383333206176758
4,10.349999914448286,126.971115,126.95745348697882,15.383333206176758
4,10.366666580977189,126.97718,126.96208795979376,15.383333206176758
4,10.38333324750609,126.983185,126.96684503193666,15.383333206176758
4,10.399999914034993,126.98914,126.97160210407955,15.383333206176758
4,10.416666580563895,126.99504,126.97635917622245,15.383333206176758
4,10.433333247092797,127.000885,126.98111624836534,15.383333206176758
4,10.4499999136217,127.006676,126.98575667260398,15.383333206176758
4,10.466666580150601,127.01241,126.99037557252696,15.383333206176758
4,10.483333246679504,127.0182,126.99499447244993,15.383333206176758
4,10.499999913208406,127.02409,126.9996133723729,15.383333206176758
4,10.516666579737308,127.029945,127.00423837250517,15.383333206176758
4,10.53333324626621,127.03575,127.00888688076098,15.383333206176758
4,10.549999912795112,127.04153,127.0135353890168,15.383333206176758
4,10.566666579324014,127.04726,127.0181838972726,15.383333206176758
4,10.583333245852916,127.05295,127.02283240552842,15.383333206176758
4,10.599999912381818,127.0586,127.02708674768715,15.383333206176758
4,10.61666657891072,127.06422,127.0310411050286,15.383333206176758
4,10.633333245439623,127.069786,127.03499546237008,15.383333206176758
4,10.649999911968525,127.075325,127.03894981971153,15.383333206176758
4,10.666666578497427,127.08082,127.042904177053,15.383333206176758
4,10.683333245026331,127.08627,127.04745185827254,15.383333206176758
4,10.699999911555233,127.09169,127.05204443967743,15.383333206176758
4,10.716666578084135,127.09707,127.05663702108232,15.383333206176758
4,10.733333244613037,127.1024,127.06122960248722,15.383333206176758
4,10.74999991114194,127.107704,127.06563185405628,15.383333206176758
4,10.766666577670842,127.11296,127.06957140723132,15.383333206176758
4,10.783333244199744,127.11818,127.07351096040637,15.383333206176758
4,10.799999910728646,127.12336,127.07745051358141,15.383333206176758
4,10.816666577257548,127.1285,127.08139006675646,15.383333206176758
4,10.83333324378645,127.133606,127.08556172545526,15.383333206176758
4,10.849999910315352,127.13867,127.08985657862439,15.383333206176758
4,10.866666576844255,127.14369,127.0941514317935,15.383333206176758
4,10.883333243373157,127.148674,127.09844628496263,15.383333206176758
4,10.899999909902059,127.15362,127.10273042556912,15.383333206176758
4,10.916666576430961,127.15852,127.10631467875008,15.383333206176758
4,10.933333242959863,127.16339,127.10989893193106,15.383333206176758
4,10.949999909488765,127.16822,127.11348318511203,15.383333206176758
4,10.966666576017667,127.173004,127.11706743829299,15.383333206176758
4,10.98333324254657,127.17775,127.12093810373887,15.383333206176758
4,10.999999909075473,127.18246,127.12528230412939,15.383333206176758
4,11.016666575604376,127.187126,127.1296265045199,15.383333206176758
4,11.033333242133278,127.19178,127.13397070491042,15.383333206176758
4,11.04999990866218,127.19654,127.13831490530094,15.383333206176758
4,11.066666575191082,127.20128,127.14214026553401,15.383333206176758
4,11.083333241719984,127.205986,127.14578209047328,15.383333206176758
4,11.099999908248886,127.21066,127.14942391541254,15.383333206176758
4,11.116666574777788,127.21531,127.15306574035182,15.383333206176758
4,11.13333324130669,127.219925,127.15675815239241,15.383333206176758
4,11.149999907835593,127.22451,127.16090331898997,15.383333206176758
4,11.166666574364495,127.22907,127.1650484855875,15.383333206176758
4,11.183333240893397,127.2336,127.16919365218504,15.383333206176758
4,11.1999999074223,127.2381,127.17333881878258,15.383333206176758
4,11.216666573951201,127.24257,127.17742619044344,15.383333206176758
4,11.233333240480103,127.24701,127.1814463440801,15.383333206176758
4,11.249999907009006,127.25143,127.18546649771677,15.383333206176758
4,11.266666573537908,127.255806,127.18948665135343,15.383333206176758
4,11.28333324006681,127.26016,127.1935068049901,15.383333206176758
4,11.299999906595712,127.26448,127.19725177140819,15.383333206176758
4,11.316666573124614,127.268776,127.20093800884672,15.383333206176758
4,11.333333239653518,127.27304,127.20462424628525,15.383333206176758
4,11.34999990618242,127.27728,127.20831048372378,15.383333206176758
4,11.366666572711322,127.28149,127.21198846356195,15.383333206176758
4,11.383333239240224,127.28567,127.21563028850122,15.383333206176758
4,11.399999905769127,127.28981,127.21927211344048,15.383333206176758
4,11.416666572298029,127.29393,127.22291393837975,15.383333206176758
4,11.43333323882693,127.29802,127.22655576331903,15.383333206176758
4,11.449999905355833,127.302086,127.23017055887571,15.383333206176758
4,11.466666571884735,127.306114,127.23376303659359,15.383333206176758
4,11.483333238413637,127.31012,127.23735551431146,15.383333206176758
4,11.49999990494254,127.31409,127.24094799202932,15.383333206176758
4,11.516666571471442,127.31803,127.2445404697472,15.383333206176758
4,11.533333238000344,127.321945,127.24828405576564,15.383333206176758
4,11.549999904529246,127.32583,127.25204266912888,15.383333206176758
4,11.566666571058148,127.32969,127.25580128249213,15.383333206176758
4,11.58333323758705,127.33351,127.25955989585538,15.383333206176758
4,11.599999904115952,127.33739,127.26326494640544,15.383333206176758
4,11.616666570644854,127.341255,127.26682617088309,15.383333206176758
4,11.633333237173757,127.3451,127.27038739536074,15.383333206176758
4,11.649999903702659,127.34892,127.2739486198384,15.383333206176758
4,11.666666570231563,127.352715,127.27750984431604,15.383333206176758
4,11.683333236760465,127.35649,127.28104607281422,15.383333206176758
4,11.699999903289367,127.36024,127.28456781951475,15.383333206176758
4,11.716666569818269,127.36397,127.28808956621528,15.383333206176758
4,11.733333236347171,127.36767,127.2916113129158,15.383333206176758
4,11.749999902876073,127.371346,127.29513305961633,15.383333206176758
4,11.766666569404975,127.375,127.29912452243131,15.383333206176758
4,11.783333235933878,127.37863,127.30311835754989,15.383333206176758
4,11.79999990246278,127.38224,127.30711219266848,15.383333206176758
4,11.816666568991682,127.385826,127.31110602778706,15.383333206176758
4,11.833333235520584,127.38938,127.31485572228065,15.383333206176758
4,11.849999902049486,127.39292,127.31816527592916,15.383333206176758
4,11.866666568578388,127.39643,127.32147482957768,15.383333206176758
4,11.88333323510729,127.39992,127.32478438322619,15.383333206176758
4,11.899999901636193,127.40339,127.32809393687471,15.383333206176758
4,11.916666568165095,127.40683,127.33160916180678,15.383333206176758
4,11.933333234693997,127.41025,127.33520492933941,15.383333206176758
4,11.949999901222899,127.41364,127.33880069687204,15.383333206176758
4,11.966666567751801,127.41701,127.34239646440467,15.383333206176758
4,11.983333234280705,127.42036,127.34597662598185,15.383333206176758
4,11.999999900809607,127.423676,127.34937829444364,15.383333206176758
4,12.01666656733851,127.42698,127.35277996290544,15.383333206176758
4,12.033333233867411,127.43025,127.35618163136724,15.383333206176758
4,12.049999900396314,127.4335,127.35958329982903,15.383333206176758
4,12.066666566925216,127.43674,127.3632002775744,15.383333206176758
4,12.083333233454118,127.43994,127.36708883862066,15.383333206176758
4,12.09999989998302,127.443115,127.37097739966693,15.383333206176758
4,12.116666566511922,127.44627,127.3748659607132,15.383333206176758
4,12.133333233040824,127.44941,127.37875452175946,15.383333206176758
4,12.149999899569726,127.45224,127.38212068005993,15.383333206176758
4,12.166666566098629,127.4548,127.3853595026911,15.383333206176758
4,12.18333323262753,127.45736,127.38859832532228,15.383333206176758
4,12.199999899156433,127.45992,127.39183714795345,15.383333206176758
4,12.216666565685335,127.46249,127.39511034005642,15.383333206176758
4,12.233333232214237,127.46504,127.39855642101746,15.383333206176758
4,12.24999989874314,127.467606,127.40200250197852,15.383333206176758
4,12.266666565272041,127.47017,127.40544858293957,15.383333206176758
4,12.283333231800944,127.472725,127.40889466390063,15.383333206176758
4,12.299999898329846,127.47529,127.41251693180038,15.383333206176758
4,12.31666656485875,127.47785,127.41629692895958,15.383333206176758
4,12.333333231387652,127.48041,127.42007692611877,15.383333206176758
4,12.349999897916554,127.48297,127.42385692327795,15.383333206176758
4,12.366666564445456,127.485535,127.42763692043714,15.383333206176758
4,12.383333230974358,127.48809,127.43091362553325,15.383333206176758
4,12.39999989750326,127.490654,127.43412777455373,15.383333206176758
4,12.416666564032163,127.49322,127.4373419235742,15.383333206176758
4,12.433333230561065,127.49577,127.44055607259467,15.383333206176758
4,12.449999897089967,127.49834,127.44385618662395,15.383333206176758
4,12.466666563618869,127.5009,127.44741247637945,15.383333206176758
4,12.483333230147771,127.503456,127.45096876613498,15.383333206176758
4,12.499999896676673,127.50602,127.45452505589049,15.383333206176758
4,12.516666563205575,127.50858,127.458081345646,15.383333206176758
4,12.533333229734477,127.51114,127.46164368601558,15.383333206176758
4,12.54999989626338,127.5137,127.46520984521537,15.383333206176758
4,12.566666562792282,127.516266,127.46877600441516,15.383333206176758
4,12.583333229321184,127.51882,127.47234216361495,15.383333206176758
4,12.599999895850086,127.521385,127.47590832281475,15.383333206176758
4,12.616666562378988,127.52395,127.47919225227794,15.383333206176758
4,12.63333322890789,127.526505,127.48246890777885,15.383333206176758
4,12.649999895436794,127.52907,127.48574556327976,15.383333206176758
4,12.666666561965696,127.53163,127.48902221878069,15.383333206176758
4,12.683333228494599,127.53419,127.49243843516705,15.383333206176758
4,12.6999998950235,127.53675,127.49612960732772,15.383333206176758
4,12.716666561552403,127.539314,127.49982077948837,15.383333206176758
4,12.733333228081305,127.54187,127.50351195164905,15.383333206176758
4,12.749999894610207,127.54443,127.50720312380972,15.383333206176758
4,12.76666656113911,127.547,127.51058178009993,15.383333206176758
4,12.783333227668011,127.54955,127.51382553745323,15.383333206176758
4,12.799999894196914,127.55212,127.51706929480655,15.383333206176758
4,12.816666560725816,127.55468,127.52031305215986,15.383333206176758
4,12.833333227254718,127.557236,127.5235734734995,15.383333206176758
4,12.84999989378362,127.5598,127.52709357529265,15.383333206176758
4,12.866666560312522,127.56236,127.5306136770858,15.383333206176758
4,12.883333226841424,127.56492,127.53413377887895,15.383333206176758
4,12.899999893370326,127.56748,127.53765388067211,15.383333206176758
4,12.916666559899229,127.570045,127.54104067057467,15.383333206176758
4,12.93333322642813,127.5726,127.54424495015087,15.383333206176758
4,12.949999892957033,127.575165,127.54744922972706,15.383333206176758
4,12.966666559485937,127.57773,127.55065350930326,15.383333206176758
4,12.983333226014839,127.580124,127.55385778887945,15.383333206176758
4,12.999999892543741,127.58228,127.55726580552651,15.383333206176758
4,13.016666559072643,127.584435,127.56072998046875,15.383333206176758
4,13.033333225601545,127.58659,127.56419415541099,15.383333206176758
4,13.049999892130447,127.58875,127.56765833035321,15.383333206176758
4,13.06666655865935,127.590904,127.57111651254243,15.383333206176758
4,13.083333225188252,127.59306,127.57453956480016,15.383333206176758
4,13.099999891717154,127.595215,127.57796261705789,15.383333206176758
4,13.116666558246056,127.597374,127.58138566931562,15.383333206176758
4,13.133333224774958,127.599525,127.58480872157335,15.383333206176758
4,13.14999989130386,127.601685,127.58819671002654,15.383333206176758
4,13.166666557832762,127.603836,127.59155067617431,15.383333206176758
4,13.183333224361665,127.605995,127.59490464232208,15.383333206176758
4,13.199999890890567,127.60815,127.59825860846985,15.383333206176758
4,13.216666557419469,127.610306,127.60161257461763,15.383333206176758
4,13.233333223948371,127.612465,127.60488217106878,15.383333206176758
4,13.249999890477273,127.61462,127.60813908768114,15.383333206176758
4,13.266666557006175,127.616776,127.6113960042935,15.383333206176758
4,13.283333223535077,127.61893,127.61465292090584,15.383333206176758
4,13.299999890063981,127.621086,127.61796383015643,15.383333206176758
4,13.316666556592883,127.62324,127.62145432361673,15.383333206176758
4,13.333333223121786,127.6254,127.62494481707704,15.383333206176758
4,13.349999889650688,127.62755,127.62843531053736,15.383333206176758
4,13.36666655617959,127.62971,127.63192580399766,15.383333206176758
4,13.383333222708492,127.63186,127.63529144981442,15.383333206176758
4,13.399999889237394,127.63402,127.6385713951301,15.383333206176758
4,13.416666555766296,127.63617,127.64185134044577,15.383333206176758
4,13.433333222295198,127.63833,127.64513128576145,15.383333206176758
4,13.4499998888241,127.64049,127.64841123107712,15.383333206176758
4,13.466666555353003,127.64264,127.65181995858867,15.383333206176758
4,13.483333221881905,127.6448,127.6552347863095,15.383333206176758
4,13.499999888410807,127.64695,127.65864961403034,15.383333206176758
4,13.51666655493971,127.64911,127.66206444175117,15.383333206176758
4,13.533333221468611,127.65126,127.6653995947874,15.383333206176758
4,13.549999887997513,127.65342,127.66856275167909,15.383333206176758
4,13.566666554526416,127.65557,127.67172590857079,15.383333206176758
4,13.583333221055318,127.65773,127.67488906546248,15.383333206176758
4,13.59999988758422,127.65988,127.67805222235418,15.383333206176758
4,13.616666554113122,127.66204,127.681592550722,15.383333206176758
4,13.633333220642026,127.66419,127.68531168630813,15.383333206176758
4,13.649999887170928,127.66635,127.68903082189426,15.383333206176758
4,13.66666655369983,127.66844,127.69274995748039,15.383333206176758
4,13.683333220228732,127.670334,127.69644641152958,15.383333206176758
4,13.699999886757634,127.67223,127.69960134388437,15.383333206176758
4,13.716666553286537,127.674126,127.70275627623917,15.383333206176758
4,13.733333219815439,127.67602,127.70591120859396,15.383333206176758
4,13.749999886344341,127.67792,127.70906614094876,15.383333206176758
4,13.766666552873243,127.67981,127.71225016915268,15.383333206176758
4,13.783333219402145,127.6817,127.7154774774322,15.383333206176758
4,13.799999885931047,127.68359,127.71870478571172,15.383333206176758
4,13.81666655245995,127.68549,127.72193209399123,15.383333206176758
4,13.833333218988852,127.687386,127.72515940227075,15.383333206176758
4,13.849999885517754,127.68928,127.72847465936695,15.383333206176758
4,13.866666552046656,127.69118,127.73181711116307,15.383333206176758
4,13.883333218575558,127.69307,127.73515956295918,15.383333206176758
4,13.89999988510446,127.69496,127.7385020147553,15.383333206176758
4,13.916666551633362,127.69685,127.74186595780361,15.383333206176758
4,13.933333218162264,127.69875,127.74537947996724,15.383333206176758
4,13.949999884691168,127.700645,127.74889300213087,15.383333206176758
4,13.96666655122007,127.70254,127.7524065242945,15.383333206176758
4,13.983333217748973,127.70444,127.75592004645814,15.383333206176758
4,13.999999884277875,127.70633,127.75929085017542,15.383333206176758
4,14.016666550806777,127.70822,127.76251157882541,15.383333206176758
4,14.033333217335679,127.71011,127.76573230747542,15.383333206176758
4,14.049999883864581,127.71201,127.76895303612541,15.383333206176758
4,14.066666550393483,127.713905,127.7721737647754,15.383333206176758
4,14.083333216922385,127.7158,127.77521009848151,15.383333206176758
4,14.099999883451288,127.7177,127.77821369935735,15.383333206176758
4,14.11666654998019,127.71959,127.7812173002332,15.383333206176758
4,14.133333216509092,127.72148,127.78422090110902,15.383333206176758
4,14.149999883037994,127.72337,127.7873585082082,15.383333206176758
4,14.166666549566896,127.72527,127.79099704333271,15.383333206176758
4,14.183333216095798,127.727165,127.79463557845722,15.383333206176758
4,14.1999998826247,127.72906,127.79827411358173,15.383333206176758
4,14.216666549153603,127.73096,127.80191264870624,15.383333206176758
4,14.233333215682505,127.73285,127.80530806817316,15.383333206176758
4,14.249999882211407,127.73474,127.80852221719364,15.383333206176758
4,14.266666548740309,127.73663,127.8117363662141,15.383333206176758
4,14.283333215269213,127.73853,127.81495051523459,15.383333206176758
4,14.299999881798115,127.740425,127.81816466425506,15.383333206176758
4,14.316666548327017,127.74232,127.82161250584562,15.383333206176758
4,14.33333321485592,127.74422,127.82507668078786,15.383333206176758
4,14.349999881384822,127.74608,127.82854085573008,15.383333206176758
4,14.366666547913724,127.74768,127.83200503067232,15.383333206176758
4,14.383333214442626,127.749275,127.83542628923708,15.383333206176758
4,14.399999880971528,127.75087,127.83874571232987,15.383333206176758
4,14.41666654750043,127.75247,127.84206513542266,15.383333206176758
4,14.433333214029332,127.75407,127.84538455851546,15.383333206176758
4,14.449999880558234,127.75566,127.84870398160825,15.383333206176758
4,14.466666547087137,127.757256,127.85183282688922,15.383333206176758
4,14.483333213616039,127.75886,127.85486274628313,15.383333206176758
4,14.49999988014494,127.76045,127.85789266567706,15.383333206176758
4,14.516666546673843,127.76205,127.86092258507097,15.383333206176758
4,14.533333213202745,127.76365,127.86395640595376,15.383333206176758
4,14.549999879731647,127.76524,127.8671804244185,15.383333206176758
4,14.56666654626055,127.76684,127.87040444288326,15.383333206176758
4,14.583333212789451,127.76844,127.87362846134802,15.383333206176758
4,14.599999879318354,127.770035,127.87685247981277,15.383333206176758
4,14.616666545847258,127.77163,127.88006142133752,15.383333206176758
4,14.63333321237616,127.773224,127.88324596202516,15.383333206176758
4,14.649999878905062,127.774826,127.8864305027128,15.383333206176758
4,14.666666545433964,127.77642,127.88961504340043,15.383333206176758
4,14.683333211962866,127.778015,127.89279958408807,15.383333206176758
4,14.699999878491768,127.77962,127.89609055606928,15.383333206176758
4,14.71666654502067,127.78121,127.89941820369899,15.383333206176758
4,14.733333211549573,127.78281,127.90274585132867,15.383333206176758
4,14.749999878078475,127.78441,127.90607349895836,15.383333206176758
4,14.766666544607377,127.786,127.90941815774076,15.383333206176758
4,14.783333211136279,127.7876,127.9129070062937,15.383333206176758
4,14.799999877665181,127.78919,127.91639585484663,15.383333206176758
4,14.816666544194083,127.790794,127.91988470339956,15.383333206176758
4,14.833333210722985,127.79239,127.9233735519525,15.383333206176758
4,14.849999877251888,127.79398,127.92651878018033,15.383333206176758
4,14.86666654378079,127.795586,127.92927235513442,15.383333206176758
4,14.883333210309692,127.79718,127.9320259300885,15.383333206176758
4,14.899999876838594,127.798775,127.93477950504257,15.383333206176758
4,14.916666543367496,127.80038,127.93753307999665,15.383333206176758
4,14.9333332098964,127.80197,127.94101086882057,15.383333206176758
4,14.949999876425302,127.803566,127.94463788959342,15.383333206176758
4,14.966666542954204,127.80516,127.94826491036628,15.383333206176758
4,14.983333209483106,127.80676,127.95189193113912,15.383333206176758
4,14.999999876012009,127.80836,127.95543791335943,15.383333206176758
4,15.01666654254091,127.80995,127.95864054802826,15.383333206176758
4,15.033333209069813,127.811554,127.96184318269707,15.383333206176758
4,15.049999875598715,127.81315,127.96504581736589,15.383333206176758
4,15.066666542127617,127.81474,127.9682484520347,15.383333206176758
4,15.08333320865652,127.816345,127.97152382632635,15.383333206176758
4,15.099999875185421,127.81794,127.97485805358556,15.383333206176758
4,15.116666541714324,127.819534,127.97819228084478,15.383333206176758
4,15.133333208243226,127.82114,127.98152650810398,15.383333206176758
4,15.149999874772128,127.82273,127.9848607353632,15.383333206176758
4,15.16666654130103,127.824326,127.98795726937307,15.383333206176758
4,15.183333207829932,127.82581,127.99103160126626,15.383333206176758
4,15.199999874358834,127.82725,127.99410593315943,15.383333206176758
4,15.216666540887736,127.82869,127.9971802650526,15.383333206176758
4,15.233333207416639,127.830124,128.0003559777951,15.383333206176758
4,15.24999987394554,127.831566,128.003797124034,15.383333206176758
4,15.266666540474445,127.833,128.00723827027292,15.383333206176758
4,15.283333207003347,127.83444,128.01067941651183,15.383333206176758
4,15.299999873532249,127.83588,128.01412056275075,15.383333206176758
4,15.316666540061151,127.83732,128.01720688841584,15.383333206176758
4,15.333333206590053,127.83876,128.0200920559603,15.383333206176758
4,15.349999873118955,127.840195,128.0229772235048,15.383333206176758
4,15.366666539647857,127.84164,128.02586239104926,15.383333206176758
4,15.383333206176758,127.84307,128.02874755859375,15.383333206176758
4,15.399999872275762,127.84308,127.9907135282244,15.383333206176758
4,15.416666538374765,127.84451,127.97520457676478,15.383333206176758
4,15.433333204473769,127.84592,127.87635356358119,15.383333206176758
4,15.449999870572771,127.8468,127.79582127162388,15.383333206176758
4,15.466666536671775,127.82086,127.55841445922852,15.383333206176758
4,15.483333202770778,127.66916,127.17611825125559,15.383333206176758
4,15.499999868869782,127.249016,126.62429962158203,15.383333206176758
4,15.516666534968785,126.51085,125.7845711844308,15.383333206176758
4,15.533333201067789,125.445274,124.75093370165143,15.383333206176758
4,15.549999867166791,123.94724,123.52091789245605,15.383333206176758
4,15.566666533265796,122.33102,122.0037691116333,15.383333206176758
4,15.583333199364798,120.548096,120.25190222603935,15.383333206176758
4,15.599999865463802,118.657,118.3446917942592,15.383333206176758
4,15.616666531562805,116.72002,116.29078216552735,15.383333206176758
4,15.633333197661809,114.730064,114.17929594857353,15.383333206176758
4,15.649999863760812,112.73433,112.09998561314174,15.383333206176758
4,15.666666529859816,110.73556,110.06540761675154,15.383333206176758
4,15.683333195958818,108.757706,108.11776460920062,15.383333206176758
4,15.699999862057822,106.799515,106.21383909497943,15.383333206176758
4,15.716666528156825,104.86484,104.33358274187361,15.383333206176758
4,15.73333319425583,102.97768,102.46649913787842,15.383333206176758
4,15.749999860354832,101.11522,100.6137039729527,15.383333206176758
4,15.766666526453836,99.29469,98.78496257237026,15.383333206176758
4,15.783333192552838,97.56913,96.9863994053432,15.383333206176758
4,15.799999858651843,95.87943,95.26397786821639,15.383333206176758
4,15.816666524750845,94.189735,93.60526629856655,15.383333206176758
4,15.83333319084985,92.57273,91.99997866494316,15.383333206176758
4,15.849999856948852,91.00994,90.45672683715821,15.383333206176758
4,15.866666523047856,89.44716,88.97454550606864,15.383333206176758
4,15.883333189146859,87.982666,87.52702685764858,15.383333206176758
4,15.899999855245863,86.65409,86.11132330213275,15.383333206176758
4,15.916666521344865,85.325516,84.7366947719029,15.383333206176758
4,15.93333318744387,83.99694,83.3849815096174,15.383333206176758
4,15.949999853542872,82.668365,82.05418483189175,15.383333206176758
4,15.966666519641876,81.3398,80.74974822998047,15.383333206176758
4,15.983333185740879,80.03389,79.47525155203684,15.383333206176758
4,15.999999851839883,78.905,78.2230727331979,15.383333206176758
4,16.016666517938887,77.77611,76.99357436043876,15.383333206176758
4,16.03333318403789,76.64722,75.80537602560861,15.383333206176758
4,16.049999850136892,75.518326,74.64486258370536,15.383333206176758
4,16.066666516235898,74.389435,73.51168419974191,15.383333206176758
4,16.0833331823349,73.260544,72.41587677001954,15.383333206176758
4,16.099999848433903,72.26625,71.36052981785366,15.383333206176758
4,16.116666514532906,71.304054,70.3360710144043,15.383333206176758
4,16.13333318063191,70.341866,69.34408473968506,15.383333206176758
4,16.149999846730914,69.37968,68.40199377877371,15.383333206176758
4,16.166666512829917,68.41748,67.48871509007046,15.383333206176758
4,16.18333317892892,67.45529,66.6032956804548,15.383333206176758
4,16.199999845027925,66.61708,65.75393810272217,15.383333206176758
4,16.216666511126927,65.90223,64.93115942818778,15.383333206176758
4,16.23333317722593,65.187386,64.1269863673619,15.383333206176758
4,16.249999843324932,64.472534,63.34150913783483,15.383333206176758
4,16.26666650942394,63.75769,62.578171185084756,15.383333206176758
4,16.28333317552294,63.04284,61.825938306535996,15.383333206176758
4,16.299999841621943,62.32799,61.084197998046875,15.383333206176758
4,16.316666507720946,61.613144,60.35634918212891,15.383333206176758
4,16.333333173819952,60.898296,59.64293862751553,15.383333206176758
4,16.349999839918954,60.18345,58.941525786263604,15.383333206176758
4,16.366666506017957,59.4686,58.254130186353414,15.383333206176758
4,16.38333317211696,58.753754,57.58744430541992,15.383333206176758
4,16.399999838215965,58.038906,56.93673020771571,15.383333206176758
4,16.416666504314968,57.47897,56.302150154113775,15.383333206176758
4,16.43333317041397,56.93839,55.68978319168091,15.383333206176758
4,16.449999836512973,56.397804,55.09503871372768,15.383333206176758
4,16.46666650261198,55.857224,54.515316826956614,15.383333206176758
4,16.48333316871098,55.316643,53.95355366298131,15.383333206176758
4,16.499999834809984,54.77606,53.41074028015137,15.383333206176758
4,16.516666500908986,54.235477,52.880583953857425,15.383333206176758
4,16.533333167007992,53.694893,52.36271934509277,15.383333206176758
4,16.549999833106995,53.154312,51.85995101928711,15.383333206176758
4,16.566666499205997,52.61373,51.36761161259243,15.383333206176758
4,16.583333165305,52.073147,50.8844482421875,15.383333206176758
4,16.599999831404006,51.532566,50.41234855651856,15.383333206176758
4,16.616666497503008,51.025944,49.950147765023374,15.383333206176758
4,16.63333316360201,50.608116,49.49526957103185,15.383333206176758
4,16.649999829701017,50.190285,49.047770854404995,15.383333206176758
4,16.66666649580002,49.772457,48.609915828704835,15.383333206176758
4,16.68333316189902,49.35463,48.17854306357248,15.383333206176758
4,16.699999827998024,48.936802,47.75378802163261,15.383333206176758
4,16.71666649409703,48.518974,47.3387690952846,15.383333206176758
4,16.733333160196032,48.101147,46.93160698754447,15.383333206176758
4,16.749999826295035,47.68332,46.53057539803641,15.383333206176758
4,16.766666492394037,47.26549,46.13598777226039,15.383333206176758
4,16.783333158493043,46.847664,45.751226806640624,15.383333206176758
4,16.799999824592046,46.429836,45.37226595197405,15.383333206176758
4,16.81666649069105,46.01201,44.99943291800363,15.383333206176758
4,16.83333315679005,45.65922,44.63631101335798,15.383333206176758
4,16.849999822889057,45.3393,44.27999594552176,15.383333206176758
4,16.86666648898806,45.019375,43.929992403302876,15.383333206176758
4,16.883333155087062,44.69945,43.58757291521345,15.383333206176758
4,16.899999821186064,44.379528,43.25344467163086,15.383333206176758
4,16.91666648728507,44.059605,42.92627776009696,15.383333206176758
4,16.933333153384073,43.739677,42.60572834014893,15.383333206176758
4,16.949999819483075,43.419754,42.292323684692384,15.383333206176758
4,16.966666485582078,43.09983,41.98641593115671,15.383333206176758
4,16.983333151681084,42.779907,41.686775643484935,15.383333206176758
4,16.999999817780086,42.459984,41.39446652276175,15.383333206176758
4,17.01666648387909,42.14006,41.10977954864502,15.383333206176758
4,17.03333314997809,41.82351,40.83165122440883,15.383333206176758
4,17.049999816077097,41.568428,40.559897014072966,15.383333206176758
4,17.0666664821761,41.313343,40.294417531149726,15.383333206176758
4,17.083333148275102,41.05826,40.034724998474125,15.383333206176758
4,17.099999814374105,40.803177,39.78041327340263,15.383333206176758
4,17.11666648047311,40.548096,39.53313380650112,15.383333206176758
4,17.133333146572113,40.29301,39.29139757156373,15.383333206176758
4,17.149999812671116,40.03793,39.05460542951312,15.383333206176758
4,17.166666478770118,39.782845,38.82285675321307,15.383333206176758
4,17.183333144869124,39.527763,38.596401705060686,15.383333206176758
4,17.199999810968126,39.27268,38.37488322939192,15.383333206176758
4,17.21666647706713,39.017597,38.15721675327846,15.383333206176758
4,17.233333143166135,38.762512,37.94339299883161,15.383333206176758
4,17.249999809265137,38.54492,37.73469848632813,15.383333206176758
4,17.26666647536414,38.3751,37.529536724090576,15.383333206176758
4,17.283333141463142,38.205276,37.327816091265,15.383333206176758
4,17.29999980756215,38.035454,37.12968724114554,15.383333206176758
4,17.31666647366115,37.86563,36.93503172738212,15.383333206176758
4,17.333333139760153,37.69581,36.74340145928519,15.383333206176758
4,17.349999805859156,37.525986,36.555124964032856,15.383333206176758
4,17.366666471958162,37.356167,36.37016935348511,15.383333206176758
4,17.383333138057164,37.186344,36.18753433227539,15.383333206176758
4,17.399999804156167,37.01652,36.0071852684021,15.383333206176758
4,17.41666647025517,36.8467,35.83086902073451,15.383333206176758
4,17.433333136354175,36.676876,35.65667403084891,15.383333206176758
4,17.449999802453178,36.507053,35.484647423880446,15.383333206176758
4,17.46666646855218,36.33723,35.31577198846,15.383333206176758
4,17.483333134651183,36.167408,35.150037384033205,15.383333206176758
4,17.49999980075019,35.997585,34.986069897242956,15.383333206176758
4,17.51666646684919,35.827763,34.82356839861189,15.383333206176758
4,17.533333132948194,35.65794,34.6645772252764,15.383333206176758
4,17.549999799047196,35.488117,34.507455008370535,15.383333206176758
4,17.566666465146202,35.318295,34.35215308325631,15.383333206176758
4,17.583333131245205,35.14847,34.199354825701036,15.383333206176758
4,17.599999797344207,34.97865,34.04942445755005,15.383333206176758
4,17.61666646344321,34.808826,33.901611873081755,15.383333206176758
4,17.633333129542216,34.639004,33.75602258954729,15.383333206176758
4,17.649999795641218,34.46918,33.61273956298828,15.383333206176758
4,17.66666646174022,34.31038,33.4719964163644,15.383333206176758
4,17.683333127839227,34.19177,33.333631134033205,15.383333206176758
4,17.69999979393823,34.07316,33.19676094055176,15.383333206176758
4,17.71666646003723,33.954548,33.06254959106445,15.383333206176758
4,17.733333126136234,33.835938,32.930433777400424,15.383333206176758
4,17.749999792235236,33.717327,32.800631577628,15.383333206176758
4,17.766666458334242,33.598717,32.67223765509469,15.383333206176758
4,17.783333124433245,33.480106,32.54597407749721,15.383333206176758
4,17.799999790532247,33.361496,32.422150475638254,15.383333206176758
4,17.816666456631253,33.242886,32.302523258754185,15.383333206176758
4,17.833333122730256,33.124275,32.18295946121216,15.383333206176758
4,17.84999978882926,33.005665,32.06447988237654,15.383333206176758
4,17.86666645492826,32.887054,31.94897633961269,15.383333206176758
4,17.883333121027263,32.768444,31.83631924220494,15.383333206176758
4,17.89999978712627,32.649837,31.725526360103064,15.383333206176758
4,17.91666645322527,32.531227,31.616492244175504,15.383333206176758
4,17.933333119324274,32.412617,31.508767018999375,15.383333206176758
4,17.94999978542328,32.294006,31.403046798706058,15.383333206176758
4,17.966666451522283,32.175396,31.299044881548202,15.383333206176758
4,17.983333117621285,32.056786,31.1969480242048,15.383333206176758
4,17.999999783720288,31.938175,31.09586824689593,15.383333206176758
4,18.016666449819294,31.819565,30.996578243800574,15.383333206176758
4,18.033333115918296,31.700954,30.89953298568726,15.383333206176758
4,18.0499997820173,31.582344,30.80477523803711,15.383333206176758
4,18.0666664481163,31.463734,30.710309314727784,15.383333206176758
4,18.083333114215307,31.345123,30.616904667445592,15.383333206176758
4,18.09999978031431,31.26053,30.527165276663645,15.383333206176758
4,18.116666446413312,31.176264,30.43875846862793,15.383333206176758
4,18.133333112512315,31.091995,30.351339203970774,15.383333206176758
4,18.14999977861132,31.007727,30.26494538443429,15.383333206176758
4,18.166666444710323,30.92346,30.179316725049702,15.383333206176758
4,18.183333110809325,30.839191,30.09566650390625,15.383333206176758
4,18.199999776908328,30.754923,30.013767337799074,15.383333206176758
4,18.216666443007334,30.670656,29.93312931060791,15.383333206176758
4,18.233333109106336,30.586388,29.85258060182844,15.383333206176758
4,18.24999977520534,30.50212,29.773302350725448,15.383333206176758
4,18.26666644130434,30.41785,29.696413857596262,15.383333206176758
4,18.283333107403347,30.333584,29.621139553615027,15.383333206176758
4,18.29999977350235,30.249315,29.54639720916748,15.383333206176758
4,18.316666439601352,30.165047,29.472114780970983,15.383333206176758
4,18.333333105700355,30.08078,29.39844985689436,15.383333206176758
4,18.34999977179936,29.996511,29.32668664114816,15.383333206176758
4,18.366666437898363,29.912243,29.256174618857248,15.383333206176758
4,18.383333103997366,29.827976,29.18676621573312,15.383333206176758
4,18.39999977009637,29.743708,29.116382340022497,15.383333206176758
4,18.416666436195374,29.65944,29.047398185729982,15.383333206176758
4,18.433333102294377,29.575172,28.980112757001606,15.383333206176758
4,18.44999976839338,29.490904,28.9143671308245,15.383333206176758
4,18.46666643449238,29.406635,28.84942708696638,15.383333206176758
4,18.483333100591388,29.322367,28.784629849025183,15.383333206176758
4,18.49999976669039,29.2381,28.71919058391026,15.383333206176758
4,18.516666432789393,29.170517,28.65641566685268,15.383333206176758
4,18.5333330988884,29.108032,28.594608211517336,15.383333206176758
4,18.5499997649874,29.045547,28.53338078090123,15.383333206176758
4,18.566666431086404,28.983065,28.47079636710031,15.383333206176758
4,18.583333097185406,28.92058,28.410308074951175,15.383333206176758
4,18.599999763284412,28.858095,28.350981834956578,15.383333206176758
4,18.616666429383415,28.79561,28.291653524126325,15.383333206176758
4,18.633333095482417,28.733126,28.23159912654332,15.383333206176758
4,18.64999976158142,28.670643,28.172415924072265,15.383333206176758
4,18.666666427680425,28.608158,28.114659895215716,15.383333206176758
4,18.683333093779428,28.545673,28.058839825221472,15.383333206176758
4,18.69999975987843,28.483189,28.003225816999162,15.383333206176758
4,18.716666425977433,28.420704,27.947488512311665,15.383333206176758
4,18.73333309207644,28.35822,27.890733092171807,15.383333206176758
4,18.74999975817544,28.295736,27.83543281555176,15.383333206176758
4,18.766666424274444,28.233252,27.780971717834472,15.383333206176758
4,18.783333090373446,28.170767,27.727241952078682,15.383333206176758
4,18.799999756472452,28.108282,27.672651427132745,15.383333206176758
4,18.816666422571455,28.045797,27.619066756112236,15.383333206176758
4,18.833333088670457,27.983315,27.566381904057096,15.383333206176758
4,18.84999975476946,27.92083,27.514384569440573,15.383333206176758
4,18.866666420868466,27.858345,27.46337263924735,15.383333206176758
4,18.88333308696747,27.79586,27.412104606628418,15.383333206176758
4,18.89999975306647,27.733376,27.359787355150495,15.383333206176758
4,18.916666419165473,27.670893,27.308873694283623,15.383333206176758
4,18.93333308526448,27.617197,27.25872438975743,15.383333206176758
4,18.94999975136348,27.57095,27.20895587376186,15.383333206176758
4,18.966666417462484,27.524702,27.15781797681536,15.383333206176758
4,18.98333308356149,27.478455,27.10823974609375,15.383333206176758
4,18.999999749660493,27.432207,27.059429740905763,15.383333206176758
4,19.016666415759495,27.38596,27.01099215916225,15.383333206176758
4,19.033333081858498,27.33971,26.962687737601144,15.383333206176758
4,19.0499997479575,27.293463,26.914306640625,15.383333206176758
4,19.066666414056506,27.247215,26.865894508361816,15.383333206176758
4,19.08333308015551,27.200968,26.818031692504885,15.383333206176758
4,19.09999974625451,27.15472,26.771210370744978,15.383333206176758
4,19.116666412353517,27.108473,26.724204254150393,15.383333206176758
4,19.13333307845252,27.062225,26.675522668021067,15.383333206176758
4,19.149999744551522,27.015978,26.629249572753906,15.383333206176758
4,19.166666410650524,26.96973,26.58366462162563,15.383333206176758
4,19.183333076749527,26.923481,26.538328661237447,15.383333206176758
4,19.199999742848533,26.877234,26.49079660688128,15.383333206176758
4,19.216666408947535,26.830986,26.444752284458705,15.383333206176758
4,19.233333075046538,26.784739,26.3996337890625,15.383333206176758
4,19.249999741145544,26.738491,26.354932185581752,15.383333206176758
4,19.266666407244546,26.692244,26.309827872685023,15.383333206176758
4,19.28333307334355,26.645996,26.264470645359584,15.383333206176758
4,19.29999973944255,26.599749,26.218911170959473,15.383333206176758
4,19.316666405541557,26.553501,26.174464416503906,15.383333206176758
4,19.33333307164056,26.507252,26.130466760907854,15.383333206176758
4,19.349999737739562,26.461004,26.08646507263184,15.383333206176758
4,19.366666403838565,26.414757,26.041411018371583,15.383333206176758
4,19.38333306993757,26.36851,25.997623443603516,15.383333206176758
4,19.399999736036573,26.329468,25.954444858006067,15.383333206176758
4,19.416666402135576,26.294458,25.911722401210238,15.383333206176758
4,19.43333306823458,26.259447,25.868892587934223,15.383333206176758
4,19.449999734333584,26.224436,25.825255693708147,15.383333206176758
4,19.466666400432587,26.189426,25.781352043151855,15.383333206176758
4,19.48333306653159,26.154415,25.738900702340263,15.383333206176758
4,19.49999973263059,26.119404,25.69677036830357,15.383333206176758
4,19.516666398729598,26.084393,25.65419703892299,15.383333206176758
4,19.5333330648286,26.049383,25.610672078813824,15.383333206176758
4,19.549999730927603,26.014372,25.56870542253767,15.383333206176758
4,19.56666639702661,25.97936,25.52697593144008,15.383333206176758
4,19.58333306312561,25.944351,25.48544921875,15.383333206176758
4,19.599999729224614,25.90934,25.44433719090053,15.383333206176758
4,19.616666395323616,25.874329,25.40202772957938,15.383333206176758
4,19.63333306142262,25.839317,25.359898158482142,15.383333206176758
4,19.649999727521624,25.804308,25.31903555733817,15.383333206176758
4,19.666666393620627,25.769297,25.277449934823174,15.383333206176758
4,19.68333305971963,25.734285,25.235617664882117,15.383333206176758
4,19.699999725818635,25.699276,25.19376201629639,15.383333206176758
4,19.716666391917638,25.664265,25.153186798095703,15.383333206176758
4,19.73333305801664,25.629253,25.112433569771902,15.383333206176758
4,19.749999724115643,25.594242,25.071203667776928,15.383333206176758
4,19.766666390214645,25.559233,25.02900175367083,15.383333206176758
4,19.78333305631365,25.524221,24.98914249965123,15.383333206176758
4,19.799999722412654,25.48921,24.949286528996062,15.383333206176758
4,19.816666388511656,25.4542,24.90914344787598,15.383333206176758
4,19.833333054610662,25.41919,24.86958762577602,15.383333206176758
4,19.849999720709665,25.384178,24.829046303885324,15.383333206176758
4,19.866666386808667,25.354198,24.788289642333986,15.383333206176758
4,19.88333305290767,25.325972,24.74835968017578,15.383333206176758
4,19.899999719006672,25.297747,24.70926780700684,15.383333206176758
4,19.916666385105678,25.26952,24.66935719081334,15.383333206176758
4,19.93333305120468,25.241295,24.628288936614993,15.383333206176758
4,19.949999717303683,25.213068,24.588941873822897,15.383333206176758
4,19.96666638340269,25.184843,24.55009208406721,15.383333206176758
4,19.98333304950169,25.156616,24.511600221906388,15.383333206176758
4,19.999999715600694,25.128391,24.47333220073155,15.383333206176758
4,20.0166663816997,25.100164,24.432943180629184,15.383333206176758
4,20.033333047798703,25.07194,24.3927837235587,15.383333206176758
4,20.049999713897705,25.043713,24.35366439819336,15.383333206176758
5,0.0,20.0,20.036785125732422,12.116666316986084
5,0.016666666185675492,20.0,19.97326089788172,12.116666316986084
5,0.033333332371350985,20.0,19.909736670031016,12.116666316986084
5,0.04999999855702648,20.0,19.846212442180313,12.116666316986084
5,0.06666666474270197,20.0,19.807108473744975,12.116666316986084
5,0.08333333092837747,20.0,19.8140136897154,12.116666316986084
5,0.09999999711405295,20.0,19.820918905685822,12.116666316986084
5,0.11666666329972844,20.0,19.827824121656246,12.116666316986084
5,0.13333332948540394,20.000006,19.858924036668782,12.116666316986084
5,0.14999999567107944,20.000023,19.900718709953548,12.116666316986084
5,0.16666666185675494,20.000038,19.942513383238317,12.116666316986084
5,0.1833333280424304,20.000055,19.983601786575424,12.116666316986084
5,0.1999999942281059,20.000072,20.007827994912002,12.116666316986084
5,0.2166666604137814,20.00009,20.03205420324858,12.116666316986084
5,0.23333332659945688,20.000107,20.05628041158516,12.116666316986084
5,0.24999999278513238,20.000124,20.071688204716782,12.116666316986084
5,0.2666666589708079,20.000183,20.073123963367824,12.116666316986084
5,0.28333332515648335,20.000267,20.074559722018865,12.116666316986084
5,0.2999999913421589,20.000353,20.075995480669906,12.116666316986084
5,0.31666665752783435,20.000437,20.06835999416682,12.116666316986084
5,0.3333333237135099,20.000523,20.05743152140915,12.116666316986084
5,0.34999998989918535,20.000607,20.046503048651484,12.116666316986084
5,0.3666666560848608,20.00069,20.035566936004933,12.116666316986084
5,0.38333332227053635,20.000776,20.024543442129268,12.116666316986084
5,0.3999999884562118,20.001005,20.013519948253606,12.116666316986084
5,0.4166666546418873,20.001242,20.00249645437794,12.116666316986084
5,0.4333333208275628,20.001478,19.99434972498079,12.116666316986084
5,0.4499999870132383,20.001715,19.990061244413646,12.116666316986084
5,0.46666665319891376,20.001951,19.9857727638465,12.116666316986084
5,0.4833333193845893,20.002188,19.981484283279357,12.116666316986084
5,0.49999998557026476,20.002422,19.983390430308766,12.116666316986084
5,0.5166666517559403,20.002728,19.987106695791713,12.116666316986084
5,0.5333333179416158,20.00321,19.990822961274663,12.116666316986084
5,0.5499999841272912,20.003693,19.995171154709595,12.116666316986084
5,0.5666666503129667,20.004175,20.004127156127762,12.116666316986084
5,0.5833333164986423,20.004658,20.01308315754593,12.116666316986084
5,0.5999999826843178,20.00514,20.02203915896409,12.116666316986084
5,0.6166666488699932,20.005623,20.031395310056915,12.116666316986084
5,0.6333333150556687,20.006105,20.041207545725154,12.116666316986084
5,0.6499999812413442,20.006674,20.051019781393396,12.116666316986084
5,0.6666666474270198,20.007328,20.060832017061635,12.116666316986084
5,0.6833333136126952,20.008017,20.068956068162247,12.116666316986084
5,0.6999999797983707,20.00874,20.07669454624433,12.116666316986084
5,0.7166666459840462,20.009499,20.084433024326415,12.116666316986084
5,0.7333333121697216,20.01029,20.091612027468674,12.116666316986084
5,0.7499999783553971,20.011118,20.095871270768743,12.116666316986084
5,0.7666666445410727,20.01198,20.100130514068812,12.116666316986084
5,0.7833333107267482,20.012877,20.10438975736888,12.116666316986084
5,0.7999999769124236,20.01381,20.106754906403804,12.116666316986084
5,0.8166666430980991,20.014774,20.107282221399277,12.116666316986084
5,0.8333333092837746,20.015776,20.10780953639475,12.116666316986084
5,0.8499999754694502,20.016811,20.108336851390224,12.116666316986084
5,0.8666666416551256,20.017881,20.10640575928406,12.116666316986084
5,0.8833333078408011,20.018988,20.10405529184879,12.116666316986084
5,0.8999999740264766,20.020144,20.101704824413524,12.116666316986084
5,0.916666640212152,20.021393,20.099046452665263,12.116666316986084
5,0.9333333063978275,20.022686,20.095164161272848,12.116666316986084
5,0.9499999725835031,20.024023,20.091281869880437,12.116666316986084
5,0.9666666387691786,20.025402,20.08739957848802,12.116666316986084
5,0.983333304954854,20.026827,20.083231887922327,12.116666316986084
5,0.9999999711405295,20.028294,20.078828546663097,12.116666316986084
5,1.016666637326205,20.029806,20.07442520540387,12.116666316986084
5,1.0333333035118806,20.03136,20.070021864144643,12.116666316986084
5,1.049999969697556,20.032959,20.065895920114635,12.116666316986084
5,1.0666666358832315,20.034601,20.06180270272403,12.116666316986084
5,1.083333302068907,20.036285,20.05770948533343,12.116666316986084
5,1.0999999682545825,20.038015,20.05403008126491,12.116666316986084
5,1.116666634440258,20.039787,20.051652464938787,12.116666316986084
5,1.1333333006259334,20.041603,20.049274848612665,12.116666316986084
5,1.149999966811609,20.043463,20.04689723228654,12.116666316986084
5,1.1666666329972846,20.045364,20.044953043228002,12.116666316986084
5,1.18333329918296,20.047312,20.043312623707433,12.116666316986084
5,1.1999999653686355,20.0493,20.04167220418686,12.116666316986084
5,1.2166666315543109,20.051332,20.04003178466629,12.116666316986084
5,1.2333332977399865,20.05341,20.039776273409963,12.116666316986084
5,1.249999963925662,20.055529,20.039617556817266,12.116666316986084
5,1.2666666301113374,20.057692,20.03945884022457,12.116666316986084
5,1.283333296297013,20.059898,20.039761455383722,12.116666316986084
5,1.2999999624826883,20.062147,20.041242114123484,12.116666316986084
5,1.316666628668364,20.064442,20.04272277286325,12.116666316986084
5,1.3333332948540395,20.066778,20.044203431603012,12.116666316986084
5,1.3499999610397149,20.069159,20.046612840571136,12.116666316986084
5,1.3666666272253905,20.071577,20.049572069674443,12.116666316986084
5,1.3833332934110658,20.074034,20.05253129877775,12.116666316986084
5,1.3999999595967414,20.076532,20.055490527881062,12.116666316986084
5,1.4166666257824168,20.079071,20.0592926214289,12.116666316986084
5,1.4333332919680923,20.081627,20.06311643828716,12.116666316986084
5,1.449999958153768,20.084213,20.066940255145422,12.116666316986084
5,1.4666666243394433,20.086832,20.070840974621465,12.116666316986084
5,1.4833332905251189,20.08948,20.074903910556884,12.116666316986084
5,1.4999999567107942,20.09216,20.0789668464923,12.116666316986084
5,1.5166666228964698,20.09487,20.08302978242772,12.116666316986084
5,1.5333332890821454,20.097607,20.0872204293903,12.116666316986084
5,1.5499999552678208,20.100359,20.09147445174982,12.116666316986084
5,1.5666666214534963,20.103138,20.09572847410934,12.116666316986084
5,1.5833332876391717,20.105944,20.099974200682922,12.116666316986084
5,1.5999999538248473,20.108774,20.103677935908554,12.116666316986084
5,1.6166666200105229,20.111631,20.10738167113418,12.116666316986084
5,1.6333332861961982,20.114515,20.111085406359813,12.116666316986084
5,1.6499999523818738,20.11751,20.114795564129395,12.116666316986084
5,1.6666666185675492,20.1207,20.118517050552892,12.116666316986084
5,1.6833332847532247,20.123892,20.12223853697639,12.116666316986084
5,1.6999999509389003,20.127083,20.125960023399887,12.116666316986084
5,1.7166666171245757,20.130274,20.129051156024328,12.116666316986084
5,1.7333332833102513,20.133465,20.131882994178238,12.116666316986084
5,1.7499999494959266,20.136656,20.134714832332143,12.116666316986084
5,1.7666666156816022,20.140215,20.137571143316926,12.116666316986084
5,1.7833332818672778,20.14433,20.14084571722941,12.116666316986084
5,1.7999999480529532,20.148443,20.144120291141892,12.116666316986084
5,1.8166666142386287,20.15256,20.147394865054377,12.116666316986084
5,1.833333280424304,20.156673,20.150535950798442,12.116666316986084
5,1.8499999466099797,20.16079,20.153478472891994,12.116666316986084
5,1.866666612795655,20.164904,20.156420994985545,12.116666316986084
5,1.8833332789813306,20.170275,20.159363517079097,12.116666316986084
5,1.8999999451670062,20.176971,20.163007340044235,12.116666316986084
5,1.9166666113526816,20.183668,20.16688649887232,12.116666316986084
5,1.9333332775383572,20.190365,20.170765657700404,12.116666316986084
5,1.9499999437240325,20.197062,20.174770433932256,12.116666316986084
5,1.966666609909708,20.203758,20.179965269778748,12.116666316986084
5,1.9833332760953837,20.210455,20.185160105625243,12.116666316986084
5,1.999999942281059,20.217592,20.190354941471735,12.116666316986084
5,2.0166666084667346,20.225058,20.196647822446966,12.116666316986084
5,2.03333327465241,20.233294,20.204325737618678,12.116666316986084
5,2.049999940838086,20.241776,20.21200365279039,12.116666316986084
5,2.066666607023761,20.25102,20.219681567962102,12.116666316986084
5,2.0833332732094365,20.261562,20.22985067459379,12.116666316986084
5,2.099999939395112,20.274124,20.240686214609685,12.116666316986084
5,2.1166666055807877,20.286688,20.251521754625575,12.116666316986084
5,2.133333271766463,20.299252,20.262935181923385,12.116666316986084
5,2.1499999379521384,20.315914,20.278029965239345,12.116666316986084
5,2.166666604137814,20.332865,20.293124748555307,12.116666316986084
5,2.1833332703234896,20.349815,20.308219531871266,12.116666316986084
5,2.199999936509165,20.370398,20.326436427141317,12.116666316986084
5,2.2166666026948403,20.394936,20.348003088362116,12.116666316986084
5,2.233333268880516,20.419472,20.36956974958291,12.116666316986084
5,2.2499999350661914,20.44401,20.39113641080371,12.116666316986084
5,2.266666601251867,20.471996,20.419311602145147,12.116666316986084
5,2.2833332674375426,20.506933,20.448848551208414,12.116666316986084
5,2.299999933623218,20.541872,20.478385500271678,12.116666316986084
5,2.3166665998088933,20.576809,20.509656851032577,12.116666316986084
5,2.333333265994569,20.614853,20.549055112605245,12.116666316986084
5,2.3499999321802445,20.666636,20.588453374177913,12.116666316986084
5,2.36666659836592,20.718418,20.627851635750584,12.116666316986084
5,2.383333264551595,20.7702,20.67370342060493,12.116666316986084
5,2.399999930737271,20.821983,20.72545025076466,12.116666316986084
5,2.4166665969229464,20.880062,20.777197080924388,12.116666316986084
5,2.4333332631086217,20.953508,20.828943911084117,12.116666316986084
5,2.4499999292942976,21.026955,20.893386693899373,12.116666316986084
5,2.466666595479973,21.1004,20.959737538963434,12.116666316986084
5,2.4833332616656483,21.173847,21.026088384027492,12.116666316986084
5,2.499999927851324,21.257826,21.096401718328547,12.116666316986084
5,2.5166665940369994,21.357803,21.181090594977757,12.116666316986084
5,2.533333260222675,21.45778,21.265779471626963,12.116666316986084
5,2.54999992640835,21.557758,21.35046834827617,12.116666316986084
5,2.566666592594026,21.657736,21.44652361653366,12.116666316986084
5,2.5833332587797013,21.773384,21.551408135415436,12.116666316986084
5,2.5999999249653767,21.904497,21.65629265429721,12.116666316986084
5,2.6166665911510525,22.035608,21.761177173178986,12.116666316986084
5,2.633333257336728,22.166721,21.887971219531114,12.116666316986084
5,2.649999923522403,22.297834,22.01694411391897,12.116666316986084
5,2.666666589708079,22.450312,22.145917008306828,12.116666316986084
5,2.6833332558937544,22.616474,22.2817556021794,12.116666316986084
5,2.6999999220794297,22.782635,22.43751818671351,12.116666316986084
5,2.716666588265105,22.948795,22.59328077124762,12.116666316986084
5,2.733333254450781,23.114956,22.749043355781733,12.116666316986084
5,2.7499999206364563,23.313559,22.922602683674683,12.116666316986084
5,2.7666665868221316,23.525034,23.107878200945528,12.116666316986084
5,2.7833332530078074,23.73651,23.293153718216384,12.116666316986084
5,2.799999919193483,23.947985,23.478429235487233,12.116666316986084
5,2.816666585379158,24.15946,23.69325393298961,12.116666316986084
5,2.8333332515648335,24.370934,23.909642079181484,12.116666316986084
5,2.8499999177505093,24.621223,24.126030225373363,12.116666316986084
5,2.8666665839361847,24.873932,24.352294082326768,12.116666316986084
5,2.88333325012186,25.12664,24.601991829222786,12.116666316986084
5,2.899999916307536,25.379349,24.851689576118815,12.116666316986084
5,2.916666582493211,25.632055,25.101387323014833,12.116666316986084
5,2.9333332486788866,25.923073,25.37290257764813,12.116666316986084
5,2.9499999148645624,26.217533,25.656519731104456,12.116666316986084
5,2.9666665810502377,26.511995,25.940136884560772,12.116666316986084
5,2.983333247235913,26.806456,26.22375403801709,12.116666316986084
5,2.9999999134215884,27.100918,26.541272211927488,12.116666316986084
5,3.0166665796072643,27.432112,26.85913455863438,12.116666316986084
5,3.0333332457929396,27.76768,27.17699690534127,12.116666316986084
5,3.049999911978615,28.103247,27.506353181526773,12.116666316986084
5,3.066666578164291,28.438814,27.858354214297034,12.116666316986084
5,3.083333244349966,28.774382,28.210355247067284,12.116666316986084
5,3.0999999105356415,29.144157,28.562356279837537,12.116666316986084
5,3.1166665767213173,29.519058,28.93618397142077,12.116666316986084
5,3.1333332429069927,29.893959,29.320122541718828,12.116666316986084
5,3.149999909092668,30.268858,29.704061112016884,12.116666316986084
5,3.1666665752783434,30.643759,30.08892188406711,12.116666316986084
5,3.183333241464019,31.049646,30.50344681247884,12.116666316986084
5,3.1999999076496946,31.461182,30.917971740890557,12.116666316986084
5,3.21666657383537,31.872717,31.332496669302277,12.116666316986084
5,3.2333332400210457,32.284252,31.757494830691666,12.116666316986084
5,3.249999906206721,32.695786,32.199808737270764,12.116666316986084
5,3.2666665723923964,33.134663,32.642122643849866,12.116666316986084
5,3.283333238578072,33.579456,33.084436550428975,12.116666316986084
5,3.2999999047637476,34.02425,33.54470788989796,12.116666316986084
5,3.316666570949423,34.469044,34.0118379710957,12.116666316986084
5,3.3333332371350983,34.913837,34.47896805229344,12.116666316986084
5,3.349999903320774,35.38212,34.94767929664833,12.116666316986084
5,3.3666665695064495,35.856335,35.43728448272243,12.116666316986084
5,3.383333235692125,36.330555,35.92688966879654,12.116666316986084
5,3.3999999018778007,36.804775,36.41649485487066,12.116666316986084
5,3.416666568063476,37.27899,36.91366146355253,12.116666316986084
5,3.4333332342491514,37.772854,37.42139584358981,12.116666316986084
5,3.4499999004348267,38.27244,37.9291302236271,12.116666316986084
5,3.4666665666205025,38.772026,38.4368646036644,12.116666316986084
5,3.483333232806178,39.271614,38.956425363784646,12.116666316986084
5,3.4999998989918533,39.771202,39.47964296511475,12.116666316986084
5,3.516666565177529,40.286682,40.00286056644487,12.116666316986084
5,3.5333332313632044,40.80745,40.527383885652526,12.116666316986084
5,3.54999989754888,41.328217,41.062412298693125,12.116666316986084
5,3.5666665637345556,41.848988,41.59744071173373,12.116666316986084
5,3.583333229920231,42.369755,42.13246912477433,12.116666316986084
5,3.5999998961059063,42.90294,42.67202846941626,12.116666316986084
5,3.6166665622915817,43.4408,43.216965183431206,12.116666316986084
5,3.6333332284772575,43.97866,43.761901897446165,12.116666316986084
5,3.649999894662933,44.516518,44.30683861146111,12.116666316986084
5,3.666666560848608,45.05438,44.85723826580231,12.116666316986084
5,3.683333227034284,45.601536,45.40896951184804,12.116666316986084
5,3.6999998932199594,46.152626,45.96070075789377,12.116666316986084
5,3.7166665594056347,46.703716,46.5133975893464,12.116666316986084
5,3.73333322559131,47.254807,47.07153388525793,12.116666316986084
5,3.749999891776986,47.805897,47.62967018116947,12.116666316986084
5,3.7666665579626613,48.364185,48.187806477081004,12.116666316986084
5,3.7833332241483366,48.92588,48.747588455431064,12.116666316986084
5,3.7999998903340124,49.487576,49.309032739274606,12.116666316986084
5,3.816666556519688,50.049267,49.870477023118134,12.116666316986084
5,3.833333222705363,50.610962,50.43192130696166,12.116666316986084
5,3.849999888891039,51.172657,50.99569458154734,12.116666316986084
5,3.8666665550767143,51.73824,51.559897610377085,12.116666316986084
5,3.8833332212623897,52.305916,52.12410063920683,12.116666316986084
5,3.899999887448065,52.873592,52.68866117915555,12.116666316986084
5,3.916666553633741,53.441265,53.25473643726627,12.116666316986084
5,3.933333219819416,54.00894,53.820811695376975,12.116666316986084
5,3.9499998860050916,54.576614,54.386886953487675,12.116666316986084
5,3.9666665521907674,55.14541,54.953509061831724,12.116666316986084
5,3.9833332183764427,55.714886,55.52060135916142,12.116666316986084
5,3.999999884562118,56.28436,56.08769365649112,12.116666316986084
5,4.016666550747794,56.853832,56.654785953820834,12.116666316986084
5,4.033333216933469,57.42331,57.22251362125025,12.116666316986084
5,4.049999883119145,57.992783,57.79032431999952,12.116666316986084
5,4.06666654930482,58.562374,58.3581350187488,12.116666316986084
5,4.083333215490495,59.132034,58.92607895380201,12.116666316986084
5,4.099999881676172,59.701595,59.49446604438795,12.116666316986084
5,4.116666547861847,60.271008,60.06285313497385,12.116666316986084
5,4.133333214047522,60.840088,60.63124022555976,12.116666316986084
5,4.149999880233198,61.408886,61.19932982747788,12.116666316986084
5,4.166666546418873,61.9766,61.76720213332564,12.116666316986084
5,4.183333212604548,62.544315,62.33507443917339,12.116666316986084
5,4.199999878790224,63.110287,62.90294674502114,12.116666316986084
5,4.2166665449759,63.675625,63.470087216677676,12.116666316986084
5,4.233333211161575,64.24096,64.03716802793816,12.116666316986084
5,4.249999877347251,64.80329,64.60424883919865,12.116666316986084
5,4.266666543532926,65.364914,65.17108058798264,12.116666316986084
5,4.283333209718601,65.92654,65.73724355789457,12.116666316986084
5,4.299999875904277,66.48622,66.3034065278065,12.116666316986084
5,4.316666542089952,67.0425,66.86956949771843,12.116666316986084
5,4.333333208275628,67.598785,67.43514644197784,12.116666316986084
5,4.349999874461304,68.15507,68.00036128908602,12.116666316986084
5,4.366666540646979,68.70924,68.56557613619421,12.116666316986084
5,4.3833332068326545,69.25837,69.1307909833024,12.116666316986084
5,4.39999987301833,69.80749,69.695068894587,12.116666316986084
5,4.416666539204005,70.356606,70.25931264675303,12.116666316986084
5,4.433333205389681,70.90573,70.82355639891905,12.116666316986084
5,4.449999871575357,71.450386,71.38733818967209,12.116666316986084
5,4.466666537761032,71.990456,71.95009919472214,12.116666316986084
5,4.4833332039467075,72.53052,72.51286019977219,12.116666316986084
5,4.499999870132383,73.07059,73.07562120482223,12.116666316986084
5,4.516666536318058,73.61065,73.63833821754508,12.116666316986084
5,4.533333202503734,74.15072,74.2010323945561,12.116666316986084
5,4.54999986868941,74.68438,74.76372657156713,12.116666316986084
5,4.566666534875085,75.21568,75.32641939480663,12.116666316986084
5,4.583333201060761,75.74699,75.88884417128531,12.116666316986084
5,4.599999867246436,76.27829,76.45126894776398,12.116666316986084
5,4.616666533432111,76.8096,77.01369372424266,12.116666316986084
5,4.633333199617787,77.340904,77.57241315461253,12.116666316986084
5,4.649999865803462,77.87011,78.12430416143907,12.116666316986084
5,4.666666531989138,78.39887,78.67619516826562,12.116666316986084
5,4.683333198174814,78.92621,79.22808617509216,12.116666316986084
5,4.699999864360489,79.45218,79.76167322549729,12.116666316986084
5,4.716666530546164,79.9766,80.28735928751908,12.116666316986084
5,4.73333319673184,80.49976,80.81304534954086,12.116666316986084
5,4.749999862917515,81.02163,81.3380530775823,12.116666316986084
5,4.76666652910319,81.54226,81.84874042159424,12.116666316986084
5,4.783333195288867,82.06147,82.3594277656062,12.116666316986084
5,4.799999861474542,82.57877,82.87011510961814,12.116666316986084
5,4.816666527660217,83.094315,83.37539504941917,12.116666316986084
5,4.833333193845893,83.60695,83.8722865801238,12.116666316986084
5,4.849999860031568,84.11702,84.36917811082841,12.116666316986084
5,4.8666665262172435,84.624985,84.86606964153304,12.116666316986084
5,4.883333192402919,85.12754,85.35370823835243,12.116666316986084
5,4.899999858588595,85.62801,85.83807368849135,12.116666316986084
5,4.9166665247742705,86.12512,86.32243913863024,12.116666316986084
5,4.933333190959946,86.61856,86.80578715076473,12.116666316986084
5,4.949999857145621,87.10806,87.2782425913227,12.116666316986084
5,4.9666665233312965,87.585846,87.75069803188066,12.116666316986084
5,4.983333189516972,88.06362,88.22315347243863,12.116666316986084
5,4.999999855702648,88.541405,88.69012884588649,12.116666316986084
5,5.0166665218883235,89.01919,89.14990366603847,12.116666316986084
5,5.033333188073999,89.483665,89.60967848619045,12.116666316986084
5,5.049999854259674,89.94474,90.06945330634241,12.116666316986084
5,5.06666652044535,90.40581,90.51906660203264,12.116666316986084
5,5.083333186631025,90.866875,90.96579533594017,12.116666316986084
5,5.0999998528167,91.32656,91.4125240698477,12.116666316986084
5,5.116666519002377,91.78197,91.85763588633793,12.116666316986084
5,5.133333185188052,92.23191,92.29149395760349,12.116666316986084
5,5.149999851373727,92.68186,92.72535202886904,12.116666316986084
5,5.166666517559403,93.119514,93.15921010013459,12.116666316986084
5,5.183333183745078,93.55716,93.5863394651977,12.116666316986084
5,5.199999849930753,93.99132,94.0059527222687,12.116666316986084
5,5.216666516116429,94.41828,94.42556597933971,12.116666316986084
5,5.233333182302105,94.845245,94.84517923641074,12.116666316986084
5,5.24999984848778,95.26561,95.25341371853709,12.116666316986084
5,5.266666514673456,95.68247,95.65913509699469,12.116666316986084
5,5.283333180859131,96.09934,96.06485647545227,12.116666316986084
5,5.299999847044806,96.507484,96.46819486972225,12.116666316986084
5,5.316666513230482,96.90688,96.85954613141212,12.116666316986084
5,5.333333179416158,97.30629,97.25089739310201,12.116666316986084
5,5.349999845601833,97.705696,97.64224865479187,12.116666316986084
5,5.366666511787509,98.09354,98.02664751265367,12.116666316986084
5,5.383333177973184,98.47807,98.40443477079661,12.116666316986084
5,5.3999998441588595,98.86261,98.78222202893956,12.116666316986084
5,5.416666510344535,99.24618,99.1600092870825,12.116666316986084
5,5.43333317653021,99.61336,99.52583417931808,12.116666316986084
5,5.4499998427158864,99.98054,99.88970032158056,12.116666316986084
5,5.466666508901562,100.347725,100.25356646384301,12.116666316986084
5,5.483333175087237,100.714905,100.61470513429077,12.116666316986084
5,5.4999998412729125,101.07073,100.96533305969658,12.116666316986084
5,5.516666507458588,101.4208,101.31596098510238,12.116666316986084
5,5.533333173644263,101.770874,101.66658891050818,12.116666316986084
5,5.549999839829939,102.12095,102.0101635813549,12.116666316986084
5,5.566666506015615,102.46643,102.34803152805837,12.116666316986084
5,5.58333317220129,102.799614,102.68589947476184,12.116666316986084
5,5.599999838386966,103.1328,103.0237674214653,12.116666316986084
5,5.616666504572641,103.46598,103.3501803412562,12.116666316986084
5,5.633333170758316,103.799164,103.67531336977196,12.116666316986084
5,5.649999836943992,104.11547,104.0004463982877,12.116666316986084
5,5.666666503129667,104.429474,104.32266686608735,12.116666316986084
5,5.683333169315343,104.74348,104.63597133169476,12.116666316986084
5,5.699999835501019,105.05747,104.94927579730216,12.116666316986084
5,5.716666501686694,105.371475,105.26258026290957,12.116666316986084
5,5.733333167872369,105.67246,105.56846339502557,12.116666316986084
5,5.749999834058045,105.967804,105.86925222194833,12.116666316986084
5,5.76666650024372,106.263145,106.1700410488711,12.116666316986084
5,5.783333166429396,106.55849,106.47082987579388,12.116666316986084
5,5.799999832615072,106.85382,106.7606721901664,12.116666316986084
5,5.816666498800747,107.13832,107.0498120545357,12.116666316986084
5,5.833333164986422,107.41261,107.33895191890501,12.116666316986084
5,5.849999831172098,107.686905,107.62457688868128,12.116666316986084
5,5.866666497357773,107.961205,107.90144545438363,12.116666316986084
5,5.8833331635434485,108.2355,108.178314020086,12.116666316986084
5,5.899999829729125,108.50979,108.45518258578839,12.116666316986084
5,5.9166664959148,108.77607,108.72452865243778,12.116666316986084
5,5.9333331621004755,109.03034,108.9895164458263,12.116666316986084
5,5.949999828286151,109.284615,109.25450423921482,12.116666316986084
5,5.966666494471826,109.53888,109.51949203260334,12.116666316986084
5,5.9833331606575015,109.79315,109.77331058129647,12.116666316986084
5,5.999999826843177,110.04742,110.0269000172779,12.116666316986084
5,6.016666493028853,110.296326,110.28048945325932,12.116666316986084
5,6.0333331592145285,110.53177,110.5299867737572,12.116666316986084
5,6.049999825400204,110.767204,110.77104804079667,12.116666316986084
5,6.066666491585879,111.00264,111.01210930783614,12.116666316986084
5,6.083333157771555,111.23808,111.2531705748756,12.116666316986084
5,6.09999982395723,111.47352,111.48671265907758,12.116666316986084
5,6.116666490142905,111.70595,111.71660737847034,12.116666316986084
5,6.133333156328582,111.923645,111.94650209786312,12.116666316986084
5,6.149999822514257,112.141335,112.17617610002645,12.116666316986084
5,6.166666488699932,112.35903,112.39509013725605,12.116666316986084
5,6.183333154885608,112.57672,112.61400417448566,12.116666316986084
5,6.199999821071283,112.79442,112.83291821171525,12.116666316986084
5,6.216666487256958,113.01121,113.0474716774207,12.116666316986084
5,6.233333153442635,113.21229,113.2544986772078,12.116666316986084
5,6.24999981962831,113.41337,113.4615256769949,12.116666316986084
5,6.266666485813985,113.61445,113.66855267678199,12.116666316986084
5,6.283333151999661,113.81553,113.86772633254773,12.116666316986084
5,6.299999818185336,114.0166,114.06374758965703,12.116666316986084
5,6.316666484371011,114.21768,114.25976884676632,12.116666316986084
5,6.333333150556687,114.401596,114.45518600694741,12.116666316986084
5,6.349999816742363,114.58439,114.64118932333083,12.116666316986084
5,6.366666482928038,114.76718,114.82719263971426,12.116666316986084
5,6.383333149113714,114.949974,115.01319595609766,12.116666316986084
5,6.399999815299389,115.132774,115.19513266876933,12.116666316986084
5,6.4166664814850645,115.31557,115.37114519331773,12.116666316986084
5,6.43333314767074,115.49836,115.54715771786611,12.116666316986084
5,6.449999813856415,115.67109,115.7231702424145,12.116666316986084
5,6.466666480042091,115.83712,115.8918094346415,12.116666316986084
5,6.483333146227767,116.00316,116.05804000497685,12.116666316986084
5,6.499999812413442,116.16919,116.22427057531218,12.116666316986084
5,6.5166664785991175,116.33523,116.38966327651495,12.116666316986084
5,6.533333144784793,116.50126,116.54755704898126,12.116666316986084
5,6.549999810970468,116.6673,116.70545082144757,12.116666316986084
5,6.566666477156144,116.829315,116.86334459391388,12.116666316986084
5,6.58333314334182,116.98004,117.01774521608628,12.116666316986084
5,6.599999809527495,117.13077,117.16782846149093,12.116666316986084
5,6.616666475713171,117.281494,117.31791170689559,12.116666316986084
5,6.633333141898846,117.43223,117.46799495230023,12.116666316986084
5,6.649999808084521,117.582954,117.61165468827238,12.116666316986084
5,6.666666474270197,117.73368,117.75364756420193,12.116666316986084
5,6.683333140455873,117.88441,117.89564044013149,12.116666316986084
5,6.699999806641548,118.02231,118.03673092764707,12.116666316986084
5,6.716666472827224,118.15916,118.17231040020593,12.116666316986084
5,6.733333139012899,118.296005,118.30788987276479,12.116666316986084
5,6.749999805198574,118.43285,118.44346934532365,12.116666316986084
5,6.76666647138425,118.569695,118.57622400045067,12.116666316986084
5,6.783333137569925,118.70654,118.70600822899988,12.116666316986084
5,6.799999803755601,118.84339,118.83579245754909,12.116666316986084
5,6.816666469941277,118.97284,118.96557668609829,12.116666316986084
5,6.833333136126952,119.09705,119.09061727825517,12.116666316986084
5,6.849999802312627,119.221275,119.21471485835814,12.116666316986084
5,6.866666468498303,119.34549,119.33881243846112,12.116666316986084
5,6.883333134683978,119.46971,119.462047508691,12.116666316986084
5,6.8999998008696535,119.593925,119.58137732588442,12.116666316986084
5,6.91666646705533,119.71815,119.70070714307782,12.116666316986084
5,6.933333133241005,119.83954,119.82003696027124,12.116666316986084
5,6.9499997994266804,119.95237,119.93740207719344,12.116666316986084
5,6.966666465612356,120.06519,120.05300831958714,12.116666316986084
5,6.983333131798031,120.17802,120.16861456198082,12.116666316986084
5,6.9999997979837065,120.29084,120.28422080437451,12.116666316986084
5,7.016666464169382,120.40366,120.39551764570864,12.116666316986084
5,7.033333130355058,120.51649,120.50619532022385,12.116666316986084
5,7.0499997965407335,120.62931,120.61687299473905,12.116666316986084
5,7.066666462726409,120.73462,120.72688667055994,12.116666316986084
5,7.083333128912084,120.83918,120.83456126007123,12.116666316986084
5,7.09999979509776,120.94375,120.9422358495825,12.116666316986084
5,7.116666461283435,121.04831,121.0499104390938,12.116666316986084
5,7.133333127469111,121.15287,121.15526311105678,12.116666316986084
5,7.1499997936547866,121.25743,121.25884865992991,12.116666316986084
5,7.166666459840462,121.362,121.36243420880304,12.116666316986084
5,7.183333126026137,121.45906,121.46601975767615,12.116666316986084
5,7.199999792211813,121.55049,121.5670994229953,12.116666316986084
5,7.216666458397488,121.64192,121.66794502226817,12.116666316986084
5,7.233333124583163,121.73336,121.76879062154106,12.116666316986084
5,7.24999979076884,121.82479,121.86852516268766,12.116666316986084
5,7.266666456954515,121.91622,121.96511882797724,12.116666316986084
5,7.28333312314019,122.00765,122.06171249326682,12.116666316986084
5,7.299999789325866,122.09909,122.1583061585564,12.116666316986084
5,7.316666455511541,122.19052,122.25290748144934,12.116666316986084
5,7.333333121697216,122.27411,122.34622448445022,12.116666316986084
5,7.349999787882892,122.35695,122.43954148745111,12.116666316986084
5,7.366666454068568,122.43978,122.53285849045199,12.116666316986084
5,7.383333120254243,122.52262,122.62243887417254,12.116666316986084
5,7.399999786439919,122.60545,122.71184226013771,12.116666316986084
5,7.416666452625594,122.688286,122.80124564610288,12.116666316986084
5,7.4333331188112695,122.771126,122.8893544486989,12.116666316986084
5,7.449999784996945,122.853035,122.97446413315637,12.116666316986084
5,7.46666645118262,122.92807,123.05957381761385,12.116666316986084
5,7.483333117368296,123.003105,123.14468350207133,12.116666316986084
5,7.499999783553972,123.07814,123.22725757247316,12.116666316986084
5,7.516666449739647,123.153175,123.30845572827114,12.116666316986084
5,7.5333331159253225,123.22821,123.38965388406913,12.116666316986084
5,7.549999782110998,123.303246,123.47085203986713,12.116666316986084
5,7.566666448296673,123.37828,123.54722743185219,12.116666316986084
5,7.5833331144823495,123.45106,123.62357846644427,12.116666316986084
5,7.599999780668025,123.51914,123.69992950103634,12.116666316986084
5,7.6166664468537,123.58722,123.77500673107792,12.116666316986084
5,7.633333113039376,123.655304,123.84763001411784,12.116666316986084
5,7.649999779225051,123.72339,123.92025329715776,12.116666316986084
5,7.666666445410726,123.791466,123.99287658019767,12.116666316986084
5,7.683333111596402,123.85955,124.06191848691917,12.116666316986084
5,7.699999777782078,123.927635,124.12933962479582,12.116666316986084
5,7.716666443967753,123.9924,124.19676076267248,12.116666316986084
5,7.733333110153429,124.05425,124.26404673328426,12.116666316986084
5,7.749999776339104,124.116104,124.32762525891667,12.116666316986084
5,7.766666442524779,124.177956,124.39120378454909,12.116666316986084
5,7.783333108710455,124.23981,124.4547823101815,12.116666316986084
5,7.79999977489613,124.30166,124.51657347961174,12.116666316986084
5,7.816666441081806,124.36351,124.57547195413582,12.116666316986084
5,7.833333107267482,124.42536,124.63437042865989,12.116666316986084
5,7.849999773453157,124.483086,124.69326890318396,12.116666316986084
5,7.866666439638832,124.53936,124.74941922152387,12.116666316986084
5,7.883333105824508,124.59563,124.80454608859517,12.116666316986084
5,7.899999772010183,124.6519,124.85967295566648,12.116666316986084
5,7.916666438195859,124.70817,124.91451002118347,12.116666316986084
5,7.933333104381535,124.76444,124.96579218763432,12.116666316986084
5,7.94999977056721,124.82071,125.01707435408517,12.116666316986084
5,7.966666436752885,124.87698,125.06835652053601,12.116666316986084
5,7.983333102938561,124.92947,125.11813744882114,12.116666316986084
5,7.999999769124236,124.981735,125.16586311056984,12.116666316986084
5,8.016666435309912,125.03401,125.21358877231854,12.116666316986084
5,8.033333101495588,125.08628,125.26131443406726,12.116666316986084
5,8.049999767681262,125.13855,125.30677614907287,12.116666316986084
5,8.066666433866938,125.19082,125.3515572003518,12.116666316986084
5,8.083333100052613,125.24309,125.39633825163074,12.116666316986084
5,8.09999976623829,125.293945,125.44073311072432,12.116666316986084
5,8.116666432423965,125.33691,125.48217276005174,12.116666316986084
5,8.13333309860964,125.37987,125.52361240937917,12.116666316986084
5,8.149999764795316,125.42283,125.56505205870658,12.116666316986084
5,8.16666643098099,125.4658,125.60584773256494,12.116666316986084
5,8.183333097166667,125.50876,125.64589443495382,12.116666316986084
5,8.199999763352343,125.55172,125.68594113734271,12.116666316986084
5,8.216666429538018,125.59468,125.72598783973159,12.116666316986084
5,8.233333095723694,125.63764,125.76422161118036,12.116666316986084
5,8.249999761909368,125.68061,125.80202748588552,12.116666316986084
5,8.266666428095045,125.72357,125.83983336059067,12.116666316986084
5,8.283333094280719,125.76653,125.87733993635217,12.116666316986084
5,8.299999760466395,125.809494,125.9132245049352,12.116666316986084
5,8.316666426652072,125.85246,125.94910907351823,12.116666316986084
5,8.333333092837746,125.895424,125.98499364210126,12.116666316986084
5,8.349999759023422,125.938385,126.02034194925301,12.116666316986084
5,8.366666425209097,125.97852,126.05515935758777,12.116666316986084
5,8.383333091394773,126.0165,126.08997676592254,12.116666316986084
5,8.399999757580447,126.05448,126.1247941742573,12.116666316986084
5,8.416666423766124,126.09246,126.15921785546136,12.116666316986084
5,8.4333330899518,126.13044,126.19357164427535,12.116666316986084
5,8.449999756137474,126.16842,126.22792543308935,12.116666316986084
5,8.46666642232315,126.2064,126.26200418590352,12.116666316986084
5,8.483333088508825,126.24437,126.29495458589787,12.116666316986084
5,8.499999754694501,126.28235,126.32790498589223,12.116666316986084
5,8.516666420880176,126.32033,126.3608553858866,12.116666316986084
5,8.533333087065852,126.35831,126.39402453017202,12.116666316986084
5,8.549999753251528,126.39465,126.42737798677678,12.116666316986084
5,8.566666419437203,126.42825,126.46073144338153,12.116666316986084
5,8.583333085622879,126.46185,126.4940848999863,12.116666316986084
5,8.599999751808554,126.49545,126.52663963139467,12.116666316986084
5,8.61666641799423,126.52905,126.55909508622496,12.116666316986084
5,8.633333084179904,126.56265,126.59155054105526,12.116666316986084
5,8.64999975036558,126.59625,126.62416235124884,12.116666316986084
5,8.666666416551257,126.62985,126.65727982134078,12.116666316986084
5,8.683333082736931,126.66345,126.69039729143272,12.116666316986084
5,8.699999748922608,126.69705,126.72351476152465,12.116666316986084
5,8.716666415108282,126.73065,126.75616355381773,12.116666316986084
5,8.733333081293958,126.76371,126.78847699906508,12.116666316986084
5,8.749999747479633,126.7943,126.82079044431242,12.116666316986084
5,8.766666413665309,126.82488,126.85310388955978,12.116666316986084
5,8.783333079850985,126.85548,126.88604830777301,12.116666316986084
5,8.79999974603666,126.88606,126.91904047529177,12.116666316986084
5,8.816666412222336,126.91665,126.95203264281051,12.116666316986084
5,8.83333307840801,126.947235,126.98496362825207,12.116666316986084
5,8.849999744593687,126.97782,127.01773442789154,12.116666316986084
5,8.866666410779361,127.00841,127.050505227531,12.116666316986084
5,8.883333076965037,127.039,127.08327602717047,12.116666316986084
5,8.899999743150714,127.06959,127.1156082887925,12.116666316986084
5,8.916666409336388,127.100174,127.14767530564593,12.116666316986084
5,8.933333075522064,127.126564,127.17974232249935,12.116666316986084
5,8.949999741707739,127.15289,127.21180933935278,12.116666316986084
5,8.966666407893415,127.17922,127.24380546685262,12.116666316986084
5,8.983333074079091,127.20555,127.27579939053837,12.116666316986084
5,8.999999740264766,127.23188,127.3077933142241,12.116666316986084
5,9.016666406450442,127.25821,127.33949302872733,12.116666316986084
5,9.033333072636117,127.28454,127.3705576249953,12.116666316986084
5,9.049999738821793,127.31087,127.40162222126327,12.116666316986084
5,9.066666405007467,127.3372,127.43268681753125,12.116666316986084
5,9.083333071193143,127.363525,127.46365306072418,12.116666316986084
5,9.09999973737882,127.38986,127.49456938228056,12.116666316986084
5,9.116666403564494,127.41572,127.52548570383694,12.116666316986084
5,9.13333306975017,127.43938,127.55638930623765,12.116666316986084
5,9.149999735935845,127.46304,127.58604007180487,12.116666316986084
5,9.166666402121521,127.48671,127.61569083737211,12.116666316986084
5,9.183333068307196,127.51037,127.64534160293935,12.116666316986084
5,9.199999734492872,127.534035,127.67436723040092,12.116666316986084
5,9.216666400678548,127.5577,127.70226584831983,12.116666316986084
5,9.233333066864223,127.58136,127.73016446623875,12.116666316986084
5,9.249999733049899,127.60503,127.75806308415765,12.116666316986084
5,9.266666399235573,127.62869,127.78536226464105,12.116666316986084
5,9.28333306542125,127.65235,127.81240882506233,12.116666316986084
5,9.299999731606924,127.67371,127.8394553854836,12.116666316986084
5,9.3166663977926,127.6932,127.86639857652919,12.116666316986084
5,9.333333063978277,127.712685,127.89138808637406,12.116666316986084
5,9.349999730163951,127.73217,127.91637759621894,12.116666316986084
5,9.366666396349627,127.75165,127.94136710606382,12.116666316986084
5,9.383333062535302,127.77113,127.965859183583,12.116666316986084
5,9.399999728720978,127.79062,127.98959566769607,12.116666316986084
5,9.416666394906652,127.810104,128.01333215180912,12.116666316986084
5,9.433333061092329,127.82958,128.0370686359222,12.116666316986084
5,9.449999727278005,127.84907,128.05954705701404,12.116666316986084
5,9.46666639346368,127.86855,128.08159195638916,12.116666316986084
5,9.483333059649356,127.88804,128.10363685576428,12.116666316986084
5,9.49999972583503,127.90752,128.1255608601944,12.116666316986084
5,9.516666392020706,127.927,128.1462691987889,12.116666316986084
5,9.53333305820638,127.94649,128.1669775373834,12.116666316986084
5,9.549999724392057,127.96597,128.1876858759779,12.116666316986084
5,9.566666390577733,127.98545,128.20757615877804,12.116666316986084
5,9.583333056763408,128.00494,128.2264133122797,12.116666316986084
5,9.599999722949084,128.02441,128.24525046578137,12.116666316986084
5,9.616666389134759,128.0439,128.264087619283,12.116666316986084
5,9.633333055320435,128.06339,128.28191958169006,12.116666316986084
5,9.64999972150611,128.08197,128.29947447219283,12.116666316986084
5,9.666666387691786,128.09839,128.3170293626956,12.116666316986084
5,9.683333053877462,128.11482,128.3344107185794,12.116666316986084
5,9.699999720063136,128.13126,128.35063740180644,12.116666316986084
5,9.716666386248813,128.14767,128.36686408503348,12.116666316986084
5,9.733333052434487,128.16411,128.3830907682605,12.116666316986084
5,9.749999718620163,128.18054,128.39869534624984,12.116666316986084
5,9.766666384805838,128.19696,128.41361888271578,12.116666316986084
5,9.783333050991514,128.2134,128.42854241918172,12.116666316986084
5,9.79999971717719,128.22983,128.44346595564767,12.116666316986084
5,9.816666383362865,128.24625,128.45728112054167,12.116666316986084
5,9.833333049548541,128.26268,128.47085974272213,12.116666316986084
5,9.849999715734215,128.27911,128.4844383649026,12.116666316986084
5,9.866666381919892,128.29553,128.49792207615576,12.116666316986084
5,9.883333048105568,128.31197,128.51094519026176,12.116666316986084
5,9.899999714291242,128.3284,128.5239683043678,12.116666316986084
5,9.916666380476919,128.34482,128.53699141847383,12.116666316986084
5,9.933333046662593,128.36125,128.54939624728658,12.116666316986084
5,9.94999971284827,128.37769,128.56122481019494,12.116666316986084
5,9.966666379033944,128.39369,128.57305337310328,12.116666316986084
5,9.98333304521962,128.40765,128.58488193601164,12.116666316986084
5,9.999999711405296,128.42163,128.59589101589364,12.116666316986084
5,10.01666637759097,128.4356,128.60677145599826,12.116666316986084
5,10.033333043776647,128.44955,128.61765189610287,12.116666316986084
5,10.049999709962322,128.46352,128.62834545277173,12.116666316986084
5,10.066666376147998,128.47748,128.63834042135917,12.116666316986084
5,10.083333042333672,128.49144,128.64833538994665,12.116666316986084
5,10.099999708519348,128.5054,128.6583303585341,12.116666316986084
5,10.116666374705025,128.51938,128.6685233555601,12.116666316986084
5,10.1333330408907,128.53334,128.6788733481049,12.116666316986084
5,10.149999707076375,128.5473,128.6892233406497,12.116666316986084
5,10.16666637326205,128.56126,128.69957333319454,12.116666316986084
5,10.183333039447726,128.57523,128.70903928145418,12.116666316986084
5,10.1999997056334,128.58919,128.71841191392818,12.116666316986084
5,10.216666371819077,128.60315,128.72778454640218,12.116666316986084
5,10.233333038004753,128.61711,128.73701865341837,12.116666316986084
5,10.249999704190428,128.63109,128.74583995457036,12.116666316986084
5,10.266666370376104,128.64505,128.75466125572237,12.116666316986084
5,10.283333036561778,128.65895,128.76348255687435,12.116666316986084
5,10.299999702747455,128.67128,128.7721789752273,12.116666316986084
5,10.316666368933129,128.68361,128.78079143875732,12.116666316986084
5,10.333333035118805,128.69595,128.78940390228732,12.116666316986084
5,10.349999701304482,128.70828,128.79801636581735,12.116666316986084
5,10.366666367490156,128.72061,128.80572916946517,12.116666316986084
5,10.383333033675832,128.73294,128.813389333439,12.116666316986084
5,10.399999699861507,128.74529,128.82104949741284,12.116666316986084
5,10.416666366047183,128.75761,128.82869992262724,12.116666316986084
5,10.433333032232857,128.76994,128.83632667258155,12.116666316986084
5,10.449999698418534,128.78229,128.8439534225359,12.116666316986084
5,10.46666636460421,128.79462,128.85158017249023,12.116666316986084
5,10.483333030789884,128.80695,128.85903632624442,12.116666316986084
5,10.49999969697556,128.81929,128.8663957640426,12.116666316986084
5,10.516666363161235,128.83162,128.87375520184082,12.116666316986084
5,10.533333029346911,128.84395,128.88111463963904,12.116666316986084
5,10.549999695532586,128.85628,128.88843293957402,12.116666316986084
5,10.566666361718262,128.86862,128.89575060984782,12.116666316986084
5,10.583333027903938,128.88095,128.90306828012166,12.116666316986084
5,10.599999694089613,128.89328,128.9102945235933,12.116666316986084
5,10.616666360275289,128.90392,128.91733652820614,12.116666316986084
5,10.633333026460964,128.91438,128.92437853281893,12.116666316986084
5,10.64999969264664,128.92485,128.93142053743176,12.116666316986084
5,10.666666358832316,128.93532,128.93826703225074,12.116666316986084
5,10.68333302501799,128.94577,128.94502084094523,12.116666316986084
5,10.699999691203667,128.95624,128.95177464963973,12.116666316986084
5,10.716666357389341,128.9667,128.95853884774357,12.116666316986084
5,10.733333023575018,128.97717,128.96570615492956,12.116666316986084
5,10.749999689760692,128.98764,128.97287346211556,12.116666316986084
5,10.766666355946368,128.99811,128.98004076930155,12.116666316986084
5,10.783333022132044,129.00856,128.98682910441696,12.116666316986084
5,10.799999688317719,129.01903,128.99297728400774,12.116666316986084
5,10.816666354503395,129.0295,128.99912546359855,12.116666316986084
5,10.83333302068907,129.03996,129.00527364318933,12.116666316986084
5,10.849999686874746,129.05043,129.01173696819657,12.116666316986084
5,10.86666635306042,129.06079,129.0183237067935,12.116666316986084
5,10.883333019246097,129.07018,129.02491044539042,12.116666316986084
5,10.899999685431773,129.07956,129.03146062166195,12.116666316986084
5,10.916666351617447,129.08894,129.037487675432,12.116666316986084
5,10.933333017803124,129.09834,129.04351472920203,12.116666316986084
5,10.949999683988798,129.10773,129.04954178297209,12.116666316986084
5,10.966666350174474,129.11711,129.05580634493612,12.116666316986084
5,10.983333016360149,129.1265,129.0624097905428,12.116666316986084
5,10.999999682545825,129.13588,129.06901323614946,12.116666316986084
5,11.016666348731501,129.14528,129.07561668175614,12.116666316986084
5,11.033333014917176,129.15466,129.0815514062097,12.116666316986084
5,11.049999681102852,129.16405,129.08727355705167,12.116666316986084
5,11.066666347288526,129.17343,129.09299570789364,12.116666316986084
5,11.083333013474203,129.18282,129.09877383561377,12.116666316986084
5,11.099999679659877,129.19221,129.10502643401554,12.116666316986084
5,11.116666345845553,129.20016,129.11127903241731,12.116666316986084
5,11.13333301203123,129.20789,129.1175316308191,12.116666316986084
5,11.149999678216904,129.21559,129.12367089020992,12.116666316986084
5,11.16666634440258,129.22331,129.12967288346533,12.116666316986084
5,11.183333010588255,129.23103,129.13567487672074,12.116666316986084
5,11.199999676773931,129.23875,129.14167686997615,12.116666316986084
5,11.216666342959606,129.24646,129.14764215398523,12.116666316986084
5,11.233333009145282,129.25418,129.15359820296382,12.116666316986084
5,11.249999675330958,129.2619,129.15955425194238,12.116666316986084
5,11.266666341516633,129.2696,129.16545125969174,12.116666316986084
5,11.283333007702309,129.27733,129.1710021636837,12.116666316986084
5,11.299999673887983,129.28505,129.17655306767566,12.116666316986084
5,11.31666634007366,129.29277,129.1821039716676,12.116666316986084
5,11.333333006259334,129.30048,129.18787290633463,12.116666316986084
5,11.34999967244501,129.3082,129.19386654608516,12.116666316986084
5,11.366666338630687,129.31592,129.1998601858357,12.116666316986084
5,11.383333004816361,129.32364,129.20585382558622,12.116666316986084
5,11.399999671002037,129.33134,129.21173179657947,12.116666316986084
5,11.416666337187712,129.33907,129.2175876034995,12.116666316986084
5,11.433333003373388,129.34679,129.22344341041952,12.116666316986084
5,11.449999669559062,129.3545,129.22929145151843,12.116666316986084
5,11.466666335744739,129.36221,129.23510549091407,12.116666316986084
5,11.483333001930415,129.36993,129.2409195303097,12.116666316986084
5,11.49999966811609,129.37766,129.24673356970533,12.116666316986084
5,11.516666334301766,129.38536,129.25238964810168,12.116666316986084
5,11.53333300048744,129.39308,129.2579071380741,12.116666316986084
5,11.549999666673116,129.4008,129.26342462804655,12.116666316986084
5,11.566666332858793,129.40852,129.268942118019,12.116666316986084
5,11.583332999044467,129.41577,129.27453674148498,12.116666316986084
5,11.599999665230143,129.42229,129.28014194325863,12.116666316986084
5,11.616666331415818,129.4288,129.2857471450323,12.116666316986084
5,11.633332997601494,129.43532,129.29140051588558,12.116666316986084
5,11.649999663787169,129.44183,129.29721873203366,12.116666316986084
5,11.666666329972845,129.44833,129.30303694818173,12.116666316986084
5,11.683332996158521,129.45485,129.3088551643298,12.116666316986084
5,11.699999662344196,129.46136,129.31429533191036,12.116666316986084
5,11.716666328529872,129.46788,129.319453621173,12.116666316986084
5,11.733332994715546,129.4744,129.32461191043566,12.116666316986084
5,11.749999660901222,129.48091,129.3297701996983,12.116666316986084
5,11.766666327086897,129.48743,129.3356813118579,12.116666316986084
5,11.783332993272573,129.49394,129.34165824459868,12.116666316986084
5,11.79999965945825,129.50046,129.34763517733944,12.116666316986084
5,11.816666325643924,129.50697,129.35348418391882,12.116666316986084
5,11.8333329918296,129.51349,129.35898079012907,12.116666316986084
5,11.849999658015275,129.52,129.3644773963393,12.116666316986084
5,11.866666324200951,129.52652,129.36997400254953,12.116666316986084
5,11.883332990386625,129.53304,129.37552694244596,12.116666316986084
5,11.899999656572302,129.53955,129.38111543720984,12.116666316986084
5,11.916666322757978,129.54607,129.38670393197376,12.116666316986084
5,11.933332988943652,129.55258,129.39229242673767,12.116666316986084
5,11.949999655129329,129.5591,129.39765642630513,12.116666316986084
5,11.966666321315003,129.56561,129.40301102293242,12.116666316986084
5,11.98333298750068,129.57213,129.40836561955973,12.116666316986084
5,11.999999653686354,129.57863,129.41379575453894,12.116666316986084
5,12.01666631987203,129.58498,129.41939677956015,12.116666316986084
5,12.033332986057706,129.59128,129.42499780458138,12.116666316986084
5,12.04999965224338,129.59756,129.43059882960262,12.116666316986084
5,12.066666318429057,129.60385,129.43626261085396,12.116666316986084
5,12.083332984614731,129.61015,129.44195970118128,12.116666316986084
5,12.099999650800408,129.61644,129.44765679150862,12.116666316986084
5,12.116666316986084,129.62271,129.45335388183594,12.116666316986084
5,12.133332984437669,129.62274,129.47753253198945,12.116666316986084
5,12.149999651889251,129.6289,129.5495637493369,12.116666316986084
5,12.166666319340836,129.63512,129.69385180061246,12.116666316986084
5,12.183332986792418,129.64052,129.845010011775,12.116666316986084
5,12.199999654244003,129.64793,129.9308201668194,12.116666316986084
5,12.216666321695588,129.65776,129.94616510838637,12.116666316986084
5,12.23333298914717,129.6339,129.82899292996882,12.116666316986084
5,12.249999656598755,129.50143,129.5520579648116,12.116666316986084
5,12.266666324050338,129.1907,129.0909327754268,12.116666316986084
5,12.283332991501922,128.67496,128.4312669416514,12.116666316986084
5,12.299999658953507,127.789566,127.56921995814444,12.116666316986084
5,12.31666632640509,126.745605,126.47516811041184,12.116666316986084
5,12.333332993856674,125.5317,125.23222244325488,12.116666316986084
5,12.349999661308257,124.0952,123.86159405492461,12.116666316986084
5,12.366666328759841,122.56615,122.38173986364293,12.116666316986084
5,12.383332996211426,120.945145,120.81083905255353,12.116666316986084
5,12.399999663663008,119.2003,119.16179515697338,12.116666316986084
5,12.416666331114593,117.41531,117.45216256600838,12.116666316986084
5,12.433332998566176,115.5916,115.69697906745314,12.116666316986084
5,12.44999966601776,113.727104,113.9014708593549,12.116666316986084
5,12.466666333469345,111.85616,112.0739587854456,12.116666316986084
5,12.483333000920927,109.98016,110.22699715571147,12.116666316986084
5,12.499999668372512,108.112045,108.38269262745547,12.116666316986084
5,12.516666335824095,106.25752,106.55549593325014,12.116666316986084
5,12.53333300327568,104.42064,104.75061286329732,12.116666316986084
5,12.549999670727264,102.65841,102.97100695072378,12.116666316986084
5,12.566666338178846,100.89618,101.21772935655382,12.116666316986084
5,12.583333005630431,99.146965,99.49295417565867,12.116666316986084
5,12.599999673082014,97.48711,97.80022992420588,12.116666316986084
5,12.616666340533598,95.82724,96.13712847674334,12.116666316986084
5,12.633333007985183,94.18457,94.50439095202788,12.116666316986084
5,12.649999675436765,92.63055,92.90290097837095,12.116666316986084
5,12.66666634288835,91.07653,91.33389932137948,12.116666316986084
5,12.683333010339933,89.54378,89.80549065860701,12.116666316986084
5,12.699999677791517,88.09733,88.31506426147962,12.116666316986084
5,12.716666345243102,86.65087,86.86357766610604,12.116666316986084
5,12.733333012694684,85.25016,85.45248230985162,12.116666316986084
5,12.749999680146269,84.00002,84.08306272530261,12.116666316986084
5,12.766666347597852,82.749886,82.76182951750579,12.116666316986084
5,12.783333015049436,81.49975,81.49131250577699,12.116666316986084
5,12.79999968250102,80.24961,80.26077556217649,12.116666316986084
5,12.816666349952603,78.99947,79.0689904483748,12.116666316986084
5,12.833333017404188,77.80338,77.91275765375835,12.116666316986084
5,12.84999968485577,76.731346,76.78676988264169,12.116666316986084
5,12.866666352307355,75.65932,75.6956233271846,12.116666316986084
5,12.88333301975894,74.58728,74.62818177148638,12.116666316986084
5,12.899999687210522,73.51524,73.58201147008825,12.116666316986084
5,12.916666354662107,72.44321,72.5563490125868,12.116666316986084
5,12.93333302211369,71.42626,71.55062552244084,12.116666316986084
5,12.949999689565274,70.501526,70.5658001683867,12.116666316986084
5,12.966666357016859,69.57679,69.60650050787278,12.116666316986084
5,12.983333024468442,68.652054,68.66878434169439,12.116666316986084
5,12.999999691920026,67.72732,67.7528033158416,12.116666316986084
5,13.016666359371609,66.80258,66.85842895507812,12.116666316986084
5,13.033333026823193,65.9766,65.98524814181857,12.116666316986084
5,13.049999694274778,65.27403,65.13722144232855,12.116666316986084
5,13.06666636172636,64.571465,64.31093451417522,12.116666316986084
5,13.083333029177945,63.868893,63.50349131140688,12.116666316986084
5,13.099999696629528,63.166325,62.714821803716966,12.116666316986084
5,13.116666364081112,62.463757,61.94496192461178,12.116666316986084
5,13.133333031532697,61.76119,61.19389076389893,12.116666316986084
5,13.14999969898428,61.05862,60.46432269061054,12.116666316986084
5,13.166666366435864,60.356052,59.75521398473669,12.116666316986084
5,13.183333033887447,59.653484,59.064636701419026,12.116666316986084
5,13.199999701339031,58.950916,58.392599898601254,12.116666316986084
5,13.216666368790616,58.24835,57.74115009072385,12.116666316986084
5,13.233333036242199,57.637863,57.11386312476892,12.116666316986084
5,13.249999703693783,57.092556,56.5075176851249,12.116666316986084
5,13.266666371145366,56.54725,55.92147210203571,12.116666316986084
5,13.28333303859695,56.00194,55.3539902172952,12.116666316986084
5,13.299999706048533,55.456635,54.80339401935844,12.116666316986084
5,13.316666373500118,54.911327,54.2714193838614,12.116666316986084
5,13.333333040951702,54.36602,53.756314815317154,12.116666316986084
5,13.349999708403285,53.820713,53.253116183810754,12.116666316986084
5,13.36666637585487,53.275406,52.760818764015475,12.116666316986084
5,13.383333043306452,52.7301,52.278260690194585,12.116666316986084
5,13.399999710758037,52.184795,51.8041639288757,12.116666316986084
5,13.416666378209621,51.63949,51.33886106514636,12.116666316986084
5,13.433333045661204,51.18348,50.8782328224967,12.116666316986084
5,13.449999713112788,50.761074,50.42329695587786,12.116666316986084
5,13.466666380564371,50.338673,49.97322082519531,12.116666316986084
5,13.483333048015956,49.916267,49.52709135204676,12.116666316986084
5,13.49999971546754,49.493866,49.08560563703623,12.116666316986084
5,13.516666382919123,49.07146,48.65100709891613,12.116666316986084
5,13.533333050370707,48.649055,48.22224964722684,12.116666316986084
5,13.54999971782229,48.226654,47.80043717372564,12.116666316986084
5,13.566666385273875,47.80425,47.38605174311885,12.116666316986084
5,13.58333305272546,47.381844,46.979037218133115,12.116666316986084
5,13.599999720177042,46.959442,46.5810059284477,12.116666316986084
5,13.616666387628626,46.537037,46.19539274992766,12.116666316986084
5,13.63333305508021,46.192345,45.81719192065329,12.116666316986084
5,13.649999722531794,45.85951,45.4489997110249,12.116666316986084
5,13.666666389983378,45.526672,45.09221837550033,12.116666316986084
5,13.683333057434961,45.193836,44.742349334214445,12.116666316986084
5,13.699999724886545,44.861,44.405636759942446,12.116666316986084
5,13.716666392338128,44.528168,44.078458574083115,12.116666316986084
5,13.733333059789713,44.19533,43.75990858980657,12.116666316986084
5,13.749999727241297,43.862495,43.45006474938412,12.116666316986084
5,13.76666639469288,43.52966,43.149332964861834,12.116666316986084
5,13.783333062144465,43.196823,42.8564263959971,12.116666316986084
5,13.799999729596047,42.863987,42.57208550221635,12.116666316986084
5,13.816666397047632,42.531746,42.2938050635067,12.116666316986084
5,13.833333064499215,42.267643,42.020972891599556,12.116666316986084
5,13.849999731950799,42.003536,41.75383416321052,12.116666316986084
5,13.866666399402384,41.739433,41.49386361204547,12.116666316986084
5,13.883333066853966,41.475327,41.238434528617695,12.116666316986084
5,13.89999973430555,41.211224,40.98822187886807,12.116666316986084
5,13.916666401757134,40.947117,40.74175050523546,12.116666316986084
5,13.933333069208718,40.683014,40.49886984491545,12.116666316986084
5,13.949999736660303,40.418907,40.26010850820031,12.116666316986084
5,13.966666404111885,40.1548,40.02462363537447,12.116666316986084
5,13.98333307156347,39.890697,39.79232552610797,12.116666316986084
5,13.999999739015053,39.62659,39.563158451284394,12.116666316986084
5,14.016666406466637,39.374996,39.33686070383331,12.116666316986084
5,14.033333073918222,39.194443,39.11338809292012,12.116666316986084
5,14.049999741369804,39.013885,38.89329502121411,12.116666316986084
5,14.066666408821389,38.833332,38.67507312915943,12.116666316986084
5,14.083333076272972,38.65278,38.45954174465603,12.116666316986084
5,14.099999743724556,38.472225,38.24703692212517,12.116666316986084
5,14.11666641117614,38.29167,38.03714686264226,12.116666316986084
5,14.133333078627723,38.11112,37.82931589197229,12.116666316986084
5,14.149999746079308,37.930565,37.62508321691442,12.116666316986084
5,14.16666641353089,37.75001,37.424579431981215,12.116666316986084
5,14.183333080982475,37.569458,37.224967140229154,12.116666316986084
5,14.19999974843406,37.388905,37.02749950895584,12.116666316986084
5,14.216666415885642,37.20835,36.8333617316352,12.116666316986084
5,14.233333083337227,37.027798,36.64245478312174,12.116666316986084
5,14.24999975078881,36.847244,36.45317967732747,12.116666316986084
5,14.266666418240394,36.666687,36.26778614373855,12.116666316986084
5,14.283333085691979,36.486134,36.08560755223403,12.116666316986084
5,14.299999753143561,36.30558,35.906556572933745,12.116666316986084
5,14.316666420595146,36.125027,35.73040380595642,12.116666316986084
5,14.333333088046729,35.944473,35.5548554251714,12.116666316986084
5,14.349999755498313,35.76392,35.38496077109757,12.116666316986084
5,14.366666422949898,35.583366,35.217948489718964,12.116666316986084
5,14.38333309040148,35.402813,35.052823180524406,12.116666316986084
5,14.399999757853065,35.22226,34.88988402252825,12.116666316986084
5,14.416666425304648,35.06503,34.73092467696578,12.116666316986084
5,14.433333092756232,34.9385,34.575688350347825,12.116666316986084
5,14.449999760207817,34.81197,34.42104978522155,12.116666316986084
5,14.4666664276594,34.68544,34.27000596788194,12.116666316986084
5,14.483333095110984,34.55891,34.12281138416181,12.116666316986084
5,14.499999762562567,34.43238,33.97850615889938,12.116666316986084
5,14.516666430014151,34.30585,33.83767445882162,12.116666316986084
5,14.533333097465736,34.17932,33.69610967753846,12.116666316986084
5,14.549999764917319,34.05279,33.55955833466455,12.116666316986084
5,14.566666432368903,33.926258,33.42618772718642,12.116666316986084
5,14.583333099820486,33.79973,33.294141165022985,12.116666316986084
5,14.59999976727207,33.6732,33.16318712901676,12.116666316986084
5,14.616666434723655,33.54667,33.03634144347391,12.116666316986084
5,14.633333102175238,33.42014,32.9129820458683,12.116666316986084
5,14.649999769626822,33.29361,32.79165608598372,12.116666316986084
5,14.666666437078405,33.16708,32.67098151312934,12.116666316986084
5,14.68333310452999,33.04055,32.55085740266023,12.116666316986084
5,14.699999771981574,32.914017,32.43620144879376,12.116666316986084
5,14.716666439433157,32.787487,32.322763560730735,12.116666316986084
5,14.733333106884741,32.660957,32.210662857495215,12.116666316986084
5,14.749999774336324,32.534428,32.1002029450342,12.116666316986084
5,14.766666441787908,32.407898,31.99185119440526,12.116666316986084
5,14.783333109239493,32.28137,31.886194064293377,12.116666316986084
5,14.799999776691076,32.15484,31.78332797391915,12.116666316986084
5,14.81666644414266,32.053017,31.67943445841471,12.116666316986084
5,14.833333111594243,31.961103,31.57776998198081,12.116666316986084
5,14.849999779045827,31.869188,31.478967658776803,12.116666316986084
5,14.866666446497412,31.777275,31.38195400473512,12.116666316986084
5,14.883333113948995,31.68536,31.283873836690017,12.116666316986084
5,14.89999978140058,31.593445,31.188828550739053,12.116666316986084
5,14.916666448852162,31.501532,31.09590101830753,12.116666316986084
5,14.933333116303746,31.409616,31.00358112162523,12.116666316986084
5,14.949999783755331,31.317703,30.911619304138938,12.116666316986084
5,14.966666451206914,31.225788,30.821264761465564,12.116666316986084
5,14.983333118658498,31.133875,30.733681133254564,12.116666316986084
5,14.999999786110081,31.04196,30.648399133250543,12.116666316986084
5,15.016666453561665,30.950045,30.56203347665292,12.116666316986084
5,15.03333312101325,30.858131,30.476242881743506,12.116666316986084
5,15.049999788464833,30.766216,30.39323524192527,12.116666316986084
5,15.066666455916417,30.674303,30.311137305365666,12.116666316986084
5,15.083333123368,30.582388,30.228152820602855,12.116666316986084
5,15.099999790819584,30.490473,30.14738998099119,12.116666316986084
5,15.116666458271169,30.39856,30.068110006826895,12.116666316986084
5,15.133333125722752,30.306644,29.98990576159316,12.116666316986084
5,15.149999793174336,30.214731,29.912853727615417,12.116666316986084
5,15.166666460625919,30.122816,29.834051579604914,12.116666316986084
5,15.183333128077503,30.030901,29.75682601614744,12.116666316986084
5,15.199999795529088,29.938988,29.681511145069763,12.116666316986084
5,15.21666646298067,29.87023,29.606687663513934,12.116666316986084
5,15.233333130432255,29.801567,29.531646508738827,12.116666316986084
5,15.249999797883838,29.732904,29.45943906179671,12.116666316986084
5,15.266666465335422,29.664244,29.387296888563366,12.116666316986084
5,15.283333132787007,29.595581,29.31580235045633,12.116666316986084
5,15.29999980023859,29.526918,29.24388179072627,12.116666316986084
5,15.316666467690174,29.458256,29.17205598619249,12.116666316986084
5,15.333333135141757,29.389593,29.102158173612114,12.116666316986084
5,15.349999802593342,29.320932,29.033437077400613,12.116666316986084
5,15.366666470044926,29.25227,28.96254019089687,12.116666316986084
5,15.383333137496509,29.183607,28.89383078995065,12.116666316986084
5,15.399999804948093,29.114944,28.827010056609478,12.116666316986084
5,15.416666472399676,29.046282,28.760205445466216,12.116666316986084
5,15.43333313985126,28.97762,28.69130003501358,12.116666316986084
5,15.449999807302845,28.908958,28.625725828571085,12.116666316986084
5,15.466666474754428,28.840296,28.560203458056037,12.116666316986084
5,15.483333142206012,28.771633,28.495120594040355,12.116666316986084
5,15.499999809657595,28.70297,28.430194713451243,12.116666316986084
5,15.51666647710918,28.634308,28.364698198106552,12.116666316986084
5,15.533333144560764,28.565647,28.300397519712096,12.116666316986084
5,15.549999812012347,28.496984,28.23711095425327,12.116666316986084
5,15.566666479463931,28.428322,28.172990587022568,12.116666316986084
5,15.583333146915514,28.35966,28.108973028237926,12.116666316986084
5,15.599999814367099,28.2956,28.046196910088934,12.116666316986084
5,15.616666481818683,28.243502,27.984532862533754,12.116666316986084
5,15.633333149270266,28.191402,27.924859380525817,12.116666316986084
5,15.64999981672185,28.139303,27.862370746125897,12.116666316986084
5,15.666666484173433,28.087204,27.80048422165859,12.116666316986084
5,15.683333151625018,28.035105,27.739979010059997,12.116666316986084
5,15.699999819076602,27.983006,27.679335103604036,12.116666316986084
5,15.716666486528185,27.930906,27.61773978339301,12.116666316986084
5,15.73333315397977,27.878807,27.557656527546698,12.116666316986084
5,15.749999821431352,27.826708,27.498399381284358,12.116666316986084
5,15.766666488882937,27.774609,27.440051655710477,12.116666316986084
5,15.783333156334521,27.72251,27.381892781198758,12.116666316986084
5,15.799999823786104,27.67041,27.321312751299068,12.116666316986084
5,15.816666491237688,27.61831,27.262633712203414,12.116666316986084
5,15.833333158689271,27.566212,27.20441560784485,12.116666316986084
5,15.849999826140856,27.514112,27.145731969134797,12.116666316986084
5,15.86666649359244,27.462013,27.087092505560978,12.116666316986084
5,15.883333161044023,27.409914,27.02972138958213,12.116666316986084
5,15.899999828495607,27.357813,26.9729182396406,12.116666316986084
5,15.91666649594719,27.305714,26.91449530330705,12.116666316986084
5,15.933333163398775,27.253614,26.8571294148763,12.116666316986084
5,15.94999983085036,27.201515,26.80077346362204,12.116666316986084
5,15.966666498301942,27.149416,26.744864145914715,12.116666316986084
5,15.983333165753526,27.097317,26.6890263027615,12.116666316986084
5,15.99999983320511,27.051697,26.63170093175315,12.116666316986084
5,16.016666500656694,27.011164,26.57586641664858,12.116666316986084
5,16.03333316810828,26.970633,26.520371739265848,12.116666316986084
5,16.04999983555986,26.9301,26.464336881912292,12.116666316986084
5,16.066666503011444,26.889568,26.407577797218604,12.116666316986084
5,16.08333317046303,26.849035,26.352489706910685,12.116666316986084
5,16.099999837914613,26.808504,26.29824430363659,12.116666316986084
5,16.116666505366197,26.767971,26.244569048469447,12.116666316986084
5,16.13333317281778,26.72744,26.190037323123633,12.116666316986084
5,16.149999840269363,26.686907,26.134544498145335,12.116666316986084
5,16.166666507720947,26.646376,26.080509185791016,12.116666316986084
6,0.0,20.0,20.008399963378906,17.616666793823242
6,0.01666666678696617,20.0,20.034251859984312,17.616666793823242
6,0.03333333357393234,20.0,20.06010375658972,17.616666793823242
6,0.05000000036089851,20.0,20.085955653195125,17.616666793823242
6,0.06666666714786468,20.0,20.11180754980053,17.616666793823242
6,0.08333333393483085,20.0,20.137659446405937,17.616666793823242
6,0.10000000072179702,20.0,20.160232771311374,17.616666793823242
6,0.11666666750876319,20.0,20.181322363038728,17.616666793823242
6,0.13333333429572936,20.000006,20.202411954766077,17.616666793823242
6,0.1500000010826955,20.000027,20.22350154649343,17.616666793823242
6,0.1666666678696617,20.000048,20.24459113822078,17.616666793823242
6,0.18333333465662788,20.000069,20.2635624361354,17.616666793823242
6,0.20000000144359403,20.000088,20.27903148827963,17.616666793823242
6,0.2166666682305602,20.000109,20.29450054042387,17.616666793823242
6,0.23333333501752637,20.00013,20.309969592568102,17.616666793823242
6,0.25000000180449256,20.00015,20.325438644712335,17.616666793823242
6,0.2666666685914587,20.000221,20.340287409758048,17.616666793823242
6,0.28333333537842487,20.00032,20.34626129785572,17.616666793823242
6,0.300000002165391,20.00042,20.35223518595339,17.616666793823242
6,0.31666666895235723,20.00052,20.35820907405106,17.616666793823242
6,0.3333333357393234,20.00062,20.364182962148732,17.616666793823242
6,0.35000000252628954,20.00072,20.370156850246403,17.616666793823242
6,0.36666666931325576,20.000818,20.371181195709315,17.616666793823242
6,0.3833333361002219,20.000917,20.370588690578206,17.616666793823242
6,0.40000000288718807,20.00119,20.369996185447093,17.616666793823242
6,0.4166666696741542,20.001469,20.369403680315983,17.616666793823242
6,0.4333333364611204,20.001747,20.368811175184874,17.616666793823242
6,0.4500000032480866,20.002028,20.36634361461975,17.616666793823242
6,0.46666667003505274,20.002306,20.361510927314,17.616666793823242
6,0.4833333368220189,20.002584,20.35667824000825,17.616666793823242
6,0.5000000036089851,20.002863,20.3518455527025,17.616666793823242
6,0.5166666703959513,20.003222,20.34701286539675,17.616666793823242
6,0.5333333371829174,20.003786,20.34187174700518,17.616666793823242
6,0.5500000039698836,20.004349,20.334678375619475,17.616666793823242
6,0.5666666707568497,20.004911,20.327485004233772,17.616666793823242
6,0.5833333375438159,20.005476,20.320291632848072,17.616666793823242
6,0.600000004330782,20.006039,20.31309826146237,17.616666793823242
6,0.6166666711177483,20.006601,20.305904890076665,17.616666793823242
6,0.6333333379047145,20.007164,20.29754322524779,17.616666793823242
6,0.6500000046916806,20.00795,20.288923532419197,17.616666793823242
6,0.6666666714786468,20.00888,20.2803038395906,17.616666793823242
6,0.6833333382656129,20.009813,20.271684146762006,17.616666793823242
6,0.7000000050525791,20.010744,20.263064453933413,17.616666793823242
6,0.7166666718395452,20.011677,20.25447319268955,17.616666793823242
6,0.7333333386265115,20.01261,20.245909518527895,17.616666793823242
6,0.7500000054134777,20.01354,20.237345844366242,17.616666793823242
6,0.7666666722004438,20.014473,20.22878217020459,17.616666793823242
6,0.78333333898741,20.015783,20.220218496042936,17.616666793823242
6,0.8000000057743761,20.017128,20.211700988018862,17.616666793823242
6,0.8166666725613423,20.018473,20.20337287953358,17.616666793823242
6,0.8333333393483084,20.019815,20.195044771048295,17.616666793823242
6,0.8500000061352746,20.02116,20.18671666256301,17.616666793823242
6,0.8666666729222408,20.022505,20.178388554077728,17.616666793823242
6,0.883333339709207,20.023848,20.17006044559244,17.616666793823242
6,0.9000000064961732,20.025291,20.163279638949046,17.616666793823242
6,0.9166666732831393,20.027046,20.15670103652362,17.616666793823242
6,0.9333333400701055,20.0288,20.1501224340982,17.616666793823242
6,0.9500000068570716,20.030554,20.143543831672776,17.616666793823242
6,0.9666666736440378,20.032309,20.136965229247355,17.616666793823242
6,0.983333340431004,20.034063,20.13107247113505,17.616666793823242
6,1.0000000072179702,20.035818,20.125691088168487,17.616666793823242
6,1.0166666740049364,20.037573,20.120309705201926,17.616666793823242
6,1.0333333407919025,20.039537,20.114928322235368,17.616666793823242
6,1.0500000075788687,20.041668,20.109546939268807,17.616666793823242
6,1.0666666743658348,20.043798,20.104718986951525,17.616666793823242
6,1.083333341152801,20.045927,20.101455540508173,17.616666793823242
6,1.1000000079397672,20.048058,20.098192094064817,17.616666793823242
6,1.1166666747267333,20.050188,20.094928647621465,17.616666793823242
6,1.1333333415136995,20.052317,20.09166520117811,17.616666793823242
6,1.1500000083006656,20.054447,20.088401754734758,17.616666793823242
6,1.1666666750876318,20.056858,20.087292374364587,17.616666793823242
6,1.183333341874598,20.059307,20.08629696574432,17.616666793823242
6,1.200000008661564,20.061756,20.085301557124055,17.616666793823242
6,1.2166666754485305,20.064205,20.08430614850379,17.616666793823242
6,1.2333333422354966,20.066654,20.083310739883522,17.616666793823242
6,1.2500000090224628,20.069103,20.083623895130863,17.616666793823242
6,1.266666675809429,20.071552,20.084678913358257,17.616666793823242
6,1.283333342596395,20.074068,20.085733931585654,17.616666793823242
6,1.3000000093833612,20.076853,20.086788949813048,17.616666793823242
6,1.3166666761703274,20.07964,20.087843968040445,17.616666793823242
6,1.3333333429572936,20.082426,20.089606960877678,17.616666793823242
6,1.3500000097442597,20.08521,20.092829470602883,17.616666793823242
6,1.3666666765312259,20.087997,20.096051980328085,17.616666793823242
6,1.383333343318192,20.090784,20.09927449005329,17.616666793823242
6,1.4000000101051582,20.093569,20.102496999778495,17.616666793823242
6,1.4166666768921243,20.096392,20.105750810231594,17.616666793823242
6,1.4333333436790905,20.099247,20.111049601573818,17.616666793823242
6,1.4500000104660566,20.10224,20.11634839291604,17.616666793823242
6,1.466666677253023,20.105326,20.121647184258265,17.616666793823242
6,1.4833333440399892,20.108412,20.12694597560049,17.616666793823242
6,1.5000000108269553,20.111498,20.132244766942712,17.616666793823242
6,1.5166666776139215,20.114777,20.139236677561374,17.616666793823242
6,1.5333333444008876,20.118116,20.146942117017964,17.616666793823242
6,1.5500000111878538,20.121454,20.154647556474554,17.616666793823242
6,1.56666667797482,20.124794,20.162352995931144,17.616666793823242
6,1.583333344761786,20.12882,20.170058435387734,17.616666793823242
6,1.6000000115487523,20.132906,20.178823444001946,17.616666793823242
6,1.6166666783357184,20.136992,20.189232143232477,17.616666793823242
6,1.6333333451226846,20.141077,20.19964084246301,17.616666793823242
6,1.6500000119096507,20.145596,20.210049541693536,17.616666793823242
6,1.6666666786966169,20.151072,20.220458240924067,17.616666793823242
6,1.683333345483583,20.156548,20.231151616900398,17.616666793823242
6,1.7000000122705492,20.162024,20.24510098315684,17.616666793823242
6,1.7166666790575154,20.1675,20.259050349413275,17.616666793823242
6,1.7333333458444815,20.174805,20.272999715669716,17.616666793823242
6,1.7500000126314479,20.182882,20.286949081926156,17.616666793823242
6,1.766666679418414,20.19096,20.300898448182597,17.616666793823242
6,1.7833333462053802,20.19904,20.318561741622304,17.616666793823242
6,1.8000000129923464,20.207548,20.33734164062038,17.616666793823242
6,1.8166666797793125,20.220165,20.356121539618456,17.616666793823242
6,1.8333333465662787,20.232782,20.374901438616533,17.616666793823242
6,1.8500000133532448,20.245401,20.39368133761461,17.616666793823242
6,1.866666680140211,20.258018,20.415509609197148,17.616666793823242
6,1.8833333469271771,20.274225,20.44095572956125,17.616666793823242
6,1.9000000137141433,20.294216,20.466401849925347,17.616666793823242
6,1.9166666805011094,20.314207,20.49184797028945,17.616666793823242
6,1.9333333472880756,20.334198,20.517294090653547,17.616666793823242
6,1.9500000140750418,20.354189,20.544225553803095,17.616666793823242
6,1.966666680862008,20.375946,20.579864198798376,17.616666793823242
6,1.983333347648974,20.399899,20.615502843793653,17.616666793823242
6,2.0000000144359404,20.425463,20.651141488788934,17.616666793823242
6,2.0166666812229064,20.452578,20.68678013378421,17.616666793823242
6,2.0333333480098728,20.484219,20.722418778779492,17.616666793823242
6,2.0500000147968387,20.517641,20.769724731300954,17.616666793823242
6,2.066666681583805,20.55369,20.819350088330633,17.616666793823242
6,2.083333348370771,20.59415,20.86897544536031,17.616666793823242
6,2.1000000151577374,20.638826,20.918600802389992,17.616666793823242
6,2.1166666819447033,20.689272,20.968226159419668,17.616666793823242
6,2.1333333487316697,20.754725,21.02802007741937,17.616666793823242
6,2.150000015518636,20.820175,21.097102584766688,17.616666793823242
6,2.166666682305602,20.885628,21.166185092114002,17.616666793823242
6,2.1833333490925684,20.951078,21.23526759946132,17.616666793823242
6,2.2000000158795343,21.043186,21.304350106808634,17.616666793823242
6,2.2166666826665007,21.141514,21.378922140361457,17.616666793823242
6,2.2333333494534666,21.239841,21.474014545682476,17.616666793823242
6,2.250000016240433,21.338167,21.569106951003494,17.616666793823242
6,2.266666683027399,21.436495,21.66419935632451,17.616666793823242
6,2.2833333498143653,21.538713,21.75929176164553,17.616666793823242
6,2.3000000166013312,21.64782,21.854384166966547,17.616666793823242
6,2.3166666833882976,21.774176,21.979851238211033,17.616666793823242
6,2.3333333501752636,21.900532,22.108712126877133,17.616666793823242
6,2.35000001696223,22.036072,22.237573015543234,17.616666793823242
6,2.366666683749196,22.183771,22.366433904209334,17.616666793823242
6,2.3833333505361622,22.331469,22.495294792875434,17.616666793823242
6,2.400000017323128,22.50027,22.648926629361497,17.616666793823242
6,2.4166666841100946,22.676104,22.819919301071813,17.616666793823242
6,2.433333350897061,22.851938,22.99091197278213,17.616666793823242
6,2.450000017684027,23.04708,23.16190464449244,17.616666793823242
6,2.4666666844709932,23.259075,23.332897316202757,17.616666793823242
6,2.483333351257959,23.471073,23.51759124726987,17.616666793823242
6,2.5000000180449256,23.683071,23.738157566471152,17.616666793823242
6,2.5166666848318915,23.928614,23.958723885672427,17.616666793823242
6,2.533333351618858,24.186016,24.17929020487371,17.616666793823242
6,2.550000018405824,24.44342,24.399856524074988,17.616666793823242
6,2.56666668519279,24.700823,24.62042284327627,17.616666793823242
6,2.583333351979756,24.972666,24.89443655744857,17.616666793823242
6,2.6000000187667225,25.28549,25.17039887456253,17.616666793823242
6,2.6166666855536884,25.598312,25.446361191676484,17.616666793823242
6,2.633333352340655,25.911135,25.722323508790446,17.616666793823242
6,2.6500000191276207,26.223959,25.998285825904397,17.616666793823242
6,2.666666685914587,26.536781,26.312975620930214,17.616666793823242
6,2.6833333527015535,26.89658,26.64822076961694,17.616666793823242
6,2.7000000194885194,27.25752,26.98346591830366,17.616666793823242
6,2.716666686275486,27.618462,27.31871106699039,17.616666793823242
6,2.7333333530624517,27.979403,27.653956215677105,17.616666793823242
6,2.750000019849418,28.344898,28.009486791201102,17.616666793823242
6,2.766666686636384,28.723322,28.404096644896878,17.616666793823242
6,2.7833333534233504,29.120066,28.79870649859267,17.616666793823242
6,2.8000000202103164,29.516808,29.19331635228845,17.616666793823242
6,2.8166666869972827,29.930872,29.58792620598424,17.616666793823242
6,2.8333333537842487,30.346222,29.984250291519373,17.616666793823242
6,2.850000020571215,30.781704,30.435715501220468,17.616666793823242
6,2.866666687358181,31.2289,30.88718071092155,17.616666793823242
6,2.8833333541451474,31.676098,31.338645920622646,17.616666793823242
6,2.9000000209321133,32.146053,31.79011113032373,17.616666793823242
6,2.9166666877190797,32.619297,32.24157634002483,17.616666793823242
6,2.933333354506046,33.095375,32.73034313205513,17.616666793823242
6,2.950000021293012,33.5932,33.233717536745814,17.616666793823242
6,2.9666666880799784,34.091026,33.7370919414365,17.616666793823242
6,2.9833333548669443,34.598457,34.240466346127185,17.616666793823242
6,3.0000000216539107,35.123203,34.74384075081788,17.616666793823242
6,3.0166666884408766,35.647945,35.26570284219992,17.616666793823242
6,3.033333355227843,36.175602,35.8144976129595,17.616666793823242
6,3.050000022014809,36.728912,36.36329238371907,17.616666793823242
6,3.0666666888017753,37.282227,36.91208715447865,17.616666793823242
6,3.083333355588741,37.835537,37.46088192523821,17.616666793823242
6,3.1000000223757076,38.39643,38.01322612203058,17.616666793823242
6,3.1166666891626735,38.97877,38.59919646018613,17.616666793823242
6,3.13333335594964,39.561115,39.18516679834169,17.616666793823242
6,3.150000022736606,40.14346,39.77113713649724,17.616666793823242
6,3.166666689523572,40.725803,40.3571074746528,17.616666793823242
6,3.183333356310538,41.328266,40.94307781280834,17.616666793823242
6,3.2000000230975045,41.938213,41.55217625988804,17.616666793823242
6,3.216666689884471,42.548157,42.16764976263272,17.616666793823242
6,3.233333356671437,43.158104,42.78312326537739,17.616666793823242
6,3.250000023458403,43.76805,43.398596768122076,17.616666793823242
6,3.266666690245369,44.386086,44.01407027086674,17.616666793823242
6,3.2833333570323355,45.017265,44.64004068004713,17.616666793823242
6,3.3000000238193015,45.64844,45.277736357054614,17.616666793823242
6,3.316666690606268,46.27962,45.915432034062114,17.616666793823242
6,3.3333333573932338,46.910797,46.5531277110696,17.616666793823242
6,3.3500000241802,47.54214,47.190823388077106,17.616666793823242
6,3.366666690967166,48.178257,47.83103738602534,17.616666793823242
6,3.3833333577541325,48.817287,48.484393871383155,17.616666793823242
6,3.4000000245410984,49.45837,49.137750356740945,17.616666793823242
6,3.4166666913280648,50.105255,49.791106842098756,17.616666793823242
6,3.4333333581150307,50.753345,50.444463327456546,17.616666793823242
6,3.450000024901997,51.404922,51.09781981281435,17.616666793823242
6,3.466666691688963,52.059082,51.76069590587488,17.616666793823242
6,3.4833333584759294,52.71719,52.42526187012527,17.616666793823242
6,3.5000000252628958,53.375294,53.08982783437565,17.616666793823242
6,3.5166666920498617,54.0334,53.75439379862601,17.616666793823242
6,3.533333358836828,54.69416,54.4189597628764,17.616666793823242
6,3.550000025623794,55.356216,55.087732183335504,17.616666793823242
6,3.5666666924107604,56.018272,55.760121369880665,17.616666793823242
6,3.5833333591977263,56.68033,56.432510556425804,17.616666793823242
6,3.6000000259846927,57.343914,57.10489974297096,17.616666793823242
6,3.6166666927716586,58.007584,57.7772889295161,17.616666793823242
6,3.633333359558625,58.671257,58.4510148661026,17.616666793823242
6,3.650000026345591,59.335133,59.12931545838613,17.616666793823242
6,3.6666666931325573,59.999256,59.80761605066968,17.616666793823242
6,3.6833333599195233,60.66334,60.485916642953214,17.616666793823242
6,3.7000000267064896,61.3273,61.16421723523676,17.616666793823242
6,3.7166666934934556,61.99075,61.84251782752029,17.616666793823242
6,3.733333360280422,62.653934,62.52539918912167,17.616666793823242
6,3.7500000270673883,63.316196,63.208708424780205,17.616666793823242
6,3.7666666938543543,63.978092,63.89201766043872,17.616666793823242
6,3.7833333606413206,64.6384,64.57532689609725,17.616666793823242
6,3.8000000274282866,65.298225,65.25863613175578,17.616666793823242
6,3.816666694215253,65.957794,65.94512805920675,17.616666793823242
6,3.833333361002219,66.61631,66.63371525875439,17.616666793823242
6,3.8500000277891853,67.27376,67.32230245830206,17.616666793823242
6,3.866666694576151,67.93007,68.01088965784972,17.616666793823242
6,3.8833333613631176,68.58543,68.69947685739737,17.616666793823242
6,3.9000000281500835,69.239716,69.3896599212906,17.616666793823242
6,3.91666669493705,69.89271,70.08372258643777,17.616666793823242
6,3.933333361724016,70.544556,70.77778525158493,17.616666793823242
6,3.950000028510982,71.19496,71.4718479167321,17.616666793823242
6,3.966666695297948,71.843895,72.16591058187925,17.616666793823242
6,3.9833333620849145,72.49132,72.85997324702642,17.616666793823242
6,4.000000028871881,73.13683,73.52929480344254,17.616666793823242
6,4.016666695658847,73.78069,74.19810884993596,17.616666793823242
6,4.033333362445813,74.4228,74.86692289642939,17.616666793823242
6,4.05000002923278,75.06284,75.53573694292285,17.616666793823242
6,4.0666666960197455,75.70026,76.20455098941628,17.616666793823242
6,4.083333362806711,76.33576,76.85730920248473,17.616666793823242
6,4.100000029593677,76.969765,77.50209985911675,17.616666793823242
6,4.116666696380644,77.6019,78.14689051574881,17.616666793823242
6,4.13333336316761,78.231026,78.79168117238082,17.616666793823242
6,4.150000029954576,78.85858,79.43647182901285,17.616666793823242
6,4.166666696741542,79.48424,80.07313461808965,17.616666793823242
6,4.183333363528509,80.10703,80.69514435016555,17.616666793823242
6,4.200000030315475,80.72727,81.31715408224142,17.616666793823242
6,4.216666697102441,81.34408,81.93916381431728,17.616666793823242
6,4.233333363889407,81.957344,82.56117354639316,17.616666793823242
6,4.250000030676373,82.566765,83.18205248959919,17.616666793823242
6,4.266666697463339,83.170105,83.77905922333022,17.616666793823242
6,4.283333364250305,83.77042,84.37606595706126,17.616666793823242
6,4.300000031037272,84.36815,84.97307269079232,17.616666793823242
6,4.316666697824238,84.95695,85.57007942452336,17.616666793823242
6,4.333333364611204,85.544044,86.16708615825439,17.616666793823242
6,4.35000003139817,86.12436,86.74456553968935,17.616666793823242
6,4.366666698185137,86.701004,87.31495622474289,17.616666793823242
6,4.383333364972103,87.270905,87.88534690979638,17.616666793823242
6,4.400000031759069,87.83864,88.45573759484988,17.616666793823242
6,4.4166666985460346,88.39588,89.02612827990339,17.616666793823242
6,4.433333365333001,88.95312,89.58439580652097,17.616666793823242
6,4.450000032119967,89.5012,90.12606615194646,17.616666793823242
6,4.466666698906933,90.04313,90.66773649737195,17.616666793823242
6,4.483333365693899,90.58506,91.20940684279743,17.616666793823242
6,4.500000032480866,91.11667,91.75107718822295,17.616666793823242
6,4.516666699267832,91.640236,92.28938138992467,17.616666793823242
6,4.533333366054798,92.1638,92.80060343530342,17.616666793823242
6,4.550000032841765,92.68737,93.31182548068217,17.616666793823242
6,4.566666699628731,93.19286,93.82304752606092,17.616666793823242
6,4.5833333664156966,93.69798,94.33426957143965,17.616666793823242
6,4.6000000332026625,94.2031,94.84549161681839,17.616666793823242
6,4.616666699989629,94.70087,95.33172686819547,17.616666793823242
6,4.633333366776595,95.187485,95.81167613366017,17.616666793823242
6,4.650000033563561,95.674095,96.29162539912487,17.616666793823242
6,4.666666700350527,96.16071,96.77157466458956,17.616666793823242
6,4.683333367137494,96.62963,97.25152393005428,17.616666793823242
6,4.70000003392446,97.094536,97.71613656064757,17.616666793823242
6,4.716666700711426,97.55944,98.16462200818019,17.616666793823242
6,4.733333367498392,98.02434,98.61310745571282,17.616666793823242
6,4.7500000342853586,98.47437,99.06159290324547,17.616666793823242
6,4.7666667010723245,98.91399,99.5100783507781,17.616666793823242
6,4.78333336785929,99.3536,99.95331517907955,17.616666793823242
6,4.800000034646256,99.793205,100.37195847726926,17.616666793823242
6,4.816666701433223,100.23282,100.790601775459,17.616666793823242
6,4.833333368220189,100.657524,101.2092450736487,17.616666793823242
6,4.850000035007155,101.07229,101.6278883718384,17.616666793823242
6,4.866666701794122,101.487045,102.04653167002813,17.616666793823242
6,4.883333368581088,101.90181,102.44092865134593,17.616666793823242
6,4.900000035368054,102.31657,102.83151952478269,17.616666793823242
6,4.91666670215502,102.71657,103.22211039821944,17.616666793823242
6,4.9333333689419865,103.10721,103.61270127165622,17.616666793823242
6,4.950000035728952,103.49784,104.00329214509297,17.616666793823242
6,4.966666702515918,103.88847,104.37926193713689,17.616666793823242
6,4.983333369302884,104.27911,104.74340194514478,17.616666793823242
6,5.000000036089851,104.65513,105.1075419531527,17.616666793823242
6,5.016666702876817,105.022316,105.47168196116061,17.616666793823242
6,5.033333369663783,105.38951,105.8358219691685,17.616666793823242
6,5.050000036450749,105.7567,106.19443104869367,17.616666793823242
6,5.066666703237716,106.12389,106.53564074903359,17.616666793823242
6,5.083333370024682,106.476715,106.87685044937349,17.616666793823242
6,5.100000036811648,106.821304,107.2180601497134,17.616666793823242
6,5.116666703598614,107.165886,107.55926985005331,17.616666793823242
6,5.13333337038558,107.510475,107.90047955039321,17.616666793823242
6,5.150000037172546,107.855064,108.22153252752298,17.616666793823242
6,5.166666703959512,108.18561,108.54106013100441,17.616666793823242
6,5.183333370746479,108.50851,108.86058773448588,17.616666793823242
6,5.200000037533445,108.831406,109.18011533796731,17.616666793823242
6,5.216666704320411,109.15431,109.49964294144874,17.616666793823242
6,5.233333371107377,109.47721,109.80673676114546,17.616666793823242
6,5.250000037894344,109.78645,110.10614791769066,17.616666793823242
6,5.26666670468131,110.088646,110.40555907423584,17.616666793823242
6,5.2833333714682755,110.39083,110.70497023078102,17.616666793823242
6,5.3000000382552415,110.69302,111.00438138732619,17.616666793823242
6,5.316666705042208,110.99522,111.29795201499167,17.616666793823242
6,5.333333371829174,111.28418,111.5783096428964,17.616666793823242
6,5.35000003861614,111.56668,111.85866727080113,17.616666793823242
6,5.366666705403107,111.849174,112.1390248987059,17.616666793823242
6,5.383333372190073,112.13167,112.41938252661063,17.616666793823242
6,5.400000038977039,112.41416,112.69974015451537,17.616666793823242
6,5.416666705764005,112.68645,112.96164306380777,17.616666793823242
6,5.433333372550972,112.953995,113.22345276745062,17.616666793823242
6,5.4500000393379375,113.221535,113.48526247109348,17.616666793823242
6,5.4666667061249035,113.48908,113.74707217473632,17.616666793823242
6,5.483333372911869,113.75663,114.00888187837916,17.616666793823242
6,5.500000039698836,114.0069,114.25802346683383,17.616666793823242
6,5.516666706485802,114.24958,114.50129673722338,17.616666793823242
6,5.533333373272768,114.49226,114.74457000761294,17.616666793823242
6,5.550000040059734,114.734955,114.98784327800247,17.616666793823242
6,5.566666706846701,114.97764,115.23111654839204,17.616666793823242
6,5.583333373633667,115.22032,115.46765444204281,17.616666793823242
6,5.600000040420633,115.44919,115.69281501012132,17.616666793823242
6,5.6166667072075995,115.6724,115.91797557819983,17.616666793823242
6,5.6333333739945655,115.89561,116.14313614627834,17.616666793823242
6,5.650000040781531,116.11881,116.36829671435684,17.616666793823242
6,5.666666707568497,116.34202,116.59237077581284,17.616666793823242
6,5.683333374355464,116.56523,116.79951344240129,17.616666793823242
6,5.70000004114243,116.77331,117.00665610898973,17.616666793823242
6,5.716666707929396,116.97562,117.21379877557817,17.616666793823242
6,5.733333374716362,117.177925,117.42094144216661,17.616666793823242
6,5.750000041503329,117.380226,117.62808410875506,17.616666793823242
6,5.766666708290295,117.582535,117.8223898751395,17.616666793823242
6,5.783333375077261,117.78484,118.01238795689173,17.616666793823242
6,5.800000041864227,117.98715,118.20238603864397,17.616666793823242
6,5.816666708651193,118.176865,118.3923841203962,17.616666793823242
6,5.833333375438159,118.3601,118.58238220214842,17.616666793823242
6,5.850000042225125,118.54334,118.76563972465925,17.616666793823242
6,5.866666709012092,118.726585,118.94021974561794,17.616666793823242
6,5.883333375799058,118.90983,119.11479976657661,17.616666793823242
6,5.900000042586024,119.09306,119.28937978753528,17.616666793823242
6,5.91666670937299,119.276306,119.46395980849395,17.616666793823242
6,5.933333376159957,119.449196,119.63666153315,17.616666793823242
6,5.950000042946923,119.61512,119.79629031553964,17.616666793823242
6,5.966666709733889,119.78104,119.95591909792925,17.616666793823242
6,5.9833333765208545,119.94696,120.11554788031889,17.616666793823242
6,6.000000043307821,120.11288,120.27517666270853,17.616666793823242
6,6.016666710094787,120.2788,120.43480544509815,17.616666793823242
6,6.033333376881753,120.44472,120.58421561711219,17.616666793823242
6,6.050000043668719,120.60226,120.73129190897873,17.616666793823242
6,6.066666710455686,120.752495,120.87836820084527,17.616666793823242
6,6.083333377242652,120.90273,121.02544449271181,17.616666793823242
6,6.100000044029618,121.05297,121.17252078457834,17.616666793823242
6,6.116666710816584,121.20321,121.31382414385634,17.616666793823242
6,6.133333377603551,121.35345,121.44941229987167,17.616666793823242
6,6.1500000443905165,121.503685,121.585000455887,17.616666793823242
6,6.166666711177482,121.64723,121.72058861190231,17.616666793823242
6,6.183333377964449,121.78328,121.85617676791766,17.616666793823242
6,6.200000044751415,121.91932,121.98982930972876,17.616666793823242
6,6.216666711538381,122.05537,122.11528095977985,17.616666793823242
6,6.233333378325347,122.19141,122.24073260983094,17.616666793823242
6,6.250000045112314,122.32745,122.36618425988203,17.616666793823242
6,6.26666671189928,122.46349,122.49163590993312,17.616666793823242
6,6.283333378686246,122.59432,122.61708755998421,17.616666793823242
6,6.300000045473212,122.717575,122.73497297274355,17.616666793823242
6,6.3166667122601785,122.840836,122.85182073010289,17.616666793823242
6,6.333333379047144,122.96409,122.96866848746221,17.616666793823242
6,6.35000004583411,123.08735,123.08551624482153,17.616666793823242
6,6.366666712621076,123.2106,123.20236400218086,17.616666793823242
6,6.383333379408043,123.33386,123.31512708131615,17.616666793823242
6,6.400000046195009,123.45315,123.42478146728978,17.616666793823242
6,6.416666712981975,123.56489,123.5344358532634,17.616666793823242
6,6.433333379768942,123.67663,123.64409023923703,17.616666793823242
6,6.450000046555908,123.788376,123.75374462521064,17.616666793823242
6,6.466666713342874,123.900116,123.86156542298922,17.616666793823242
6,6.48333338012984,124.01186,123.96406521973118,17.616666793823242
6,6.500000046916806,124.123604,124.06656501647313,17.616666793823242
6,6.516666713703772,124.232414,124.1690648132151,17.616666793823242
6,6.533333380490738,124.33374,124.27156460995705,17.616666793823242
6,6.550000047277704,124.435074,124.374064406699,17.616666793823242
6,6.566666714064671,124.53641,124.4713520493954,17.616666793823242
6,6.583333380851637,124.63774,124.56833472563167,17.616666793823242
6,6.600000047638603,124.739075,124.66531740186794,17.616666793823242
6,6.616666714425569,124.84041,124.7623000781042,17.616666793823242
6,6.633333381212536,124.9397,124.85928275434048,17.616666793823242
6,6.650000047999502,125.031715,124.95261847893923,17.616666793823242
6,6.6666667147864676,125.12373,125.04384128711307,17.616666793823242
6,6.683333381573434,125.215744,125.1350640952869,17.616666793823242
6,6.7000000483604,125.30776,125.22628690346075,17.616666793823242
6,6.716666715147366,125.39978,125.31750971163459,17.616666793823242
6,6.733333381934332,125.49179,125.40718498699148,17.616666793823242
6,6.750000048721299,125.582504,125.49359593531267,17.616666793823242
6,6.766666715508265,125.66614,125.58000688363384,17.616666793823242
6,6.783333382295231,125.74977,125.66641783195503,17.616666793823242
6,6.800000049082197,125.833405,125.7528287802762,17.616666793823242
6,6.816666715869164,125.91704,125.83918972249965,17.616666793823242
6,6.8333333826561296,126.00068,125.92062506409557,17.616666793823242
6,6.8500000494430955,126.08431,126.0020604056915,17.616666793823242
6,6.866666716230061,126.167244,126.08349574728743,17.616666793823242
6,6.883333383017028,126.243355,126.16493108888335,17.616666793823242
6,6.900000049803994,126.319466,126.24636643047928,17.616666793823242
6,6.91666671659096,126.39558,126.32467248604449,17.616666793823242
6,6.933333383377926,126.47168,126.40162777066118,17.616666793823242
6,6.950000050164893,126.54779,126.47858305527787,17.616666793823242
6,6.966666716951859,126.6239,126.55553833989457,17.616666793823242
6,6.983333383738825,126.699646,126.63249362451126,17.616666793823242
6,7.0000000505257916,126.76344,126.70763705424126,17.616666793823242
6,7.0166667173127575,126.82724,126.77990975285208,17.616666793823242
6,7.033333384099723,126.89104,126.8521824514629,17.616666793823242
6,7.050000050886689,126.954834,126.92445515007373,17.616666793823242
6,7.066666717673656,127.01863,126.99672784868454,17.616666793823242
6,7.083333384460622,127.08243,127.06864325776907,17.616666793823242
6,7.100000051247588,127.146225,127.13617591533101,17.616666793823242
6,7.116666718034554,127.21002,127.20370857289295,17.616666793823242
6,7.133333384821521,127.27382,127.27124123045489,17.616666793823242
6,7.150000051608487,127.33762,127.33877388801683,17.616666793823242
6,7.166666718395453,127.40142,127.40630654557877,17.616666793823242
6,7.183333385182419,127.46522,127.47066629891589,17.616666793823242
6,7.200000051969385,127.529015,127.53404495686772,17.616666793823242
6,7.216666718756351,127.59281,127.59742361481955,17.616666793823242
6,7.233333385543317,127.648224,127.66080227277136,17.616666793823242
6,7.250000052330284,127.702736,127.7241809307232,17.616666793823242
6,7.26666671911725,127.757256,127.78538596912048,17.616666793823242
6,7.283333385904216,127.81177,127.84395851272394,17.616666793823242
6,7.300000052691182,127.86629,127.90253105632742,17.616666793823242
6,7.316666719478149,127.9208,127.9611035999309,17.616666793823242
6,7.333333386265115,127.97531,128.01967614353435,17.616666793823242
6,7.350000053052081,128.02983,128.07766784263762,17.616666793823242
6,7.3666667198390465,128.08435,128.13211224140034,17.616666793823242
6,7.383333386626013,128.13885,128.18655664016305,17.616666793823242
6,7.400000053412979,128.19337,128.24100103892576,17.616666793823242
6,7.416666720199945,128.2479,128.29544543768847,17.616666793823242
6,7.433333386986911,128.30093,128.34988983645118,17.616666793823242
6,7.450000053773878,128.34773,128.4008399436467,17.616666793823242
6,7.466666720560844,128.39452,128.45107001500415,17.616666793823242
6,7.48333338734781,128.4413,128.50130008636157,17.616666793823242
6,7.500000054134777,128.48808,128.55153015771901,17.616666793823242
6,7.516666720921743,128.53487,128.60176022907643,17.616666793823242
6,7.5333333877087085,128.58167,128.64966924661945,17.616666793823242
6,7.5500000544956745,128.62845,128.69541495186942,17.616666793823242
6,7.566666721282641,128.67523,128.7411606571194,17.616666793823242
6,7.583333388069607,128.72202,128.78690636236936,17.616666793823242
6,7.600000054856573,128.76881,128.83265206761934,17.616666793823242
6,7.616666721643539,128.8156,128.87774079321912,17.616666793823242
6,7.633333388430506,128.86238,128.92029774358167,17.616666793823242
6,7.650000055217472,128.9061,128.9628546939442,17.616666793823242
6,7.666666722004438,128.94641,129.00541164430675,17.616666793823242
6,7.683333388791404,128.98672,129.04796859466927,17.616666793823242
6,7.7000000555783705,129.02704,129.09052554503182,17.616666793823242
6,7.7166667223653365,129.06737,129.12970604440912,17.616666793823242
6,7.733333389152302,129.10768,129.16848819844543,17.616666793823242
6,7.750000055939269,129.148,129.20727035248177,17.616666793823242
6,7.766666722726235,129.18831,129.2460525065181,17.616666793823242
6,7.783333389513201,129.22864,129.28483466055445,17.616666793823242
6,7.800000056300167,129.26895,129.32178148686492,17.616666793823242
6,7.816666723087134,129.30927,129.35741510454392,17.616666793823242
6,7.8333333898741,129.34958,129.39304872222294,17.616666793823242
6,7.850000056661066,129.3899,129.42868233990194,17.616666793823242
6,7.866666723448032,129.42868,129.46431595758096,17.616666793823242
6,7.8833333902349985,129.46674,129.4990850645298,17.616666793823242
6,7.900000057021964,129.50447,129.53153280007353,17.616666793823242
6,7.91666672380893,129.54192,129.56398053561728,17.616666793823242
6,7.933333390595896,129.57907,129.59642827116102,17.616666793823242
6,7.950000057382863,129.61592,129.62887600670473,17.616666793823242
6,7.966666724169829,129.65247,129.66132374224847,17.616666793823242
6,7.983333390956795,129.68872,129.69143607465298,17.616666793823242
6,8.000000057743762,129.72467,129.72145058912494,17.616666793823242
6,8.016666724530728,129.76033,129.75146510359693,17.616666793823242
6,8.033333391317694,129.79568,129.78147961806891,17.616666793823242
6,8.05000005810466,129.83075,129.81149413254087,17.616666793823242
6,8.066666724891626,129.8655,129.84024605078864,17.616666793823242
6,8.083333391678591,129.89957,129.86831283930235,17.616666793823242
6,8.10000005846556,129.93329,129.89637962781606,17.616666793823242
6,8.116666725252525,129.96664,129.92444641632974,17.616666793823242
6,8.133333392039491,129.99965,129.95251320484346,17.616666793823242
6,8.150000058826457,130.0323,129.97976657142024,17.616666793823242
6,8.166666725613423,130.06459,130.0054173753751,17.616666793823242
6,8.183333392400389,130.09654,130.03106817932994,17.616666793823242
6,8.200000059187355,130.12813,130.05671898328478,17.616666793823242
6,8.21666672597432,130.15936,130.08236978723963,17.616666793823242
6,8.233333392761288,130.19023,130.1079862336562,17.616666793823242
6,8.250000059548254,130.22075,130.13226960758726,17.616666793823242
6,8.26666672633522,130.25092,130.1565529815183,17.616666793823242
6,8.283333393122186,130.28079,130.18083635544934,17.616666793823242
6,8.300000059909152,130.31044,130.20511972938039,17.616666793823242
6,8.316666726696118,130.33975,130.22940310331143,17.616666793823242
6,8.333333393483084,130.36873,130.25274352161188,17.616666793823242
6,8.350000060270052,130.39738,130.27570542955354,17.616666793823242
6,8.366666727057018,130.42572,130.2986673374952,17.616666793823242
6,8.383333393843984,130.45372,130.32162924543687,17.616666793823242
6,8.40000006063095,130.48138,130.34459115337853,17.616666793823242
6,8.416666727417915,130.50873,130.36712460260742,17.616666793823242
6,8.433333394204881,130.53574,130.38902071950113,17.616666793823242
6,8.450000060991847,130.56242,130.41091683639482,17.616666793823242
6,8.466666727778813,130.58878,130.43281295328853,17.616666793823242
6,8.483333394565781,130.6148,130.45470907018222,17.616666793823242
6,8.500000061352747,130.64067,130.47653866626231,17.616666793823242
6,8.516666728139713,130.66635,130.4976993586054,17.616666793823242
6,8.533333394926679,130.69174,130.51886005094846,17.616666793823242
6,8.550000061713645,130.71684,130.54002074329156,17.616666793823242
6,8.56666672850061,130.74165,130.56118143563464,17.616666793823242
6,8.583333395287577,130.76617,130.58234212797774,17.616666793823242
6,8.600000062074544,130.79042,130.60327235053143,17.616666793823242
6,8.61666672886151,130.81438,130.62413714940297,17.616666793823242
6,8.633333395648476,130.83803,130.6450019482745,17.616666793823242
6,8.650000062435442,130.8614,130.66586674714608,17.616666793823242
6,8.666666729222408,130.88449,130.68673154601763,17.616666793823242
6,8.683333396009374,130.9073,130.7074849138648,17.616666793823242
6,8.70000006279634,130.92981,130.72811127430782,17.616666793823242
6,8.716666729583306,130.95227,130.74873763475085,17.616666793823242
6,8.733333396370274,130.97449,130.76936399519388,17.616666793823242
6,8.75000006315724,130.99646,130.7899903556369,17.616666793823242
6,8.766666729944205,131.01819,130.81052676573495,17.616666793823242
6,8.783333396731171,131.03966,130.83057570299565,17.616666793823242
6,8.800000063518137,131.06088,130.85062464025637,17.616666793823242
6,8.816666730305103,131.08185,130.87067357751707,17.616666793823242
6,8.833333397092069,131.10257,130.8907225147778,17.616666793823242
6,8.850000063879037,131.12305,130.9107714520385,17.616666793823242
6,8.866666730666003,131.14326,130.93106291309888,17.616666793823242
6,8.883333397452969,131.16324,130.95139912557465,17.616666793823242
6,8.900000064239935,131.18295,130.97173533805045,17.616666793823242
6,8.9166667310269,131.20251,130.99207155052625,17.616666793823242
6,8.933333397813866,131.22224,131.01240776300205,17.616666793823242
6,8.950000064600832,131.2418,131.03295514441484,17.616666793823242
6,8.966666731387798,131.2612,131.05368779668746,17.616666793823242
6,8.983333398174766,131.28041,131.07442044896007,17.616666793823242
6,9.000000064961732,131.29944,131.09515310123265,17.616666793823242
6,9.016666731748698,131.3183,131.11588575350527,17.616666793823242
6,9.033333398535664,131.33698,131.13649835649704,17.616666793823242
6,9.05000006532263,131.35547,131.15668805861316,17.616666793823242
6,9.066666732109596,131.3738,131.17687776072924,17.616666793823242
6,9.083333398896562,131.39195,131.19706746284535,17.616666793823242
6,9.10000006568353,131.40993,131.21725716496147,17.616666793823242
6,9.116666732470495,131.42772,131.23744686707755,17.616666793823242
6,9.133333399257461,131.44533,131.2583342148881,17.616666793823242
6,9.150000066044427,131.46278,131.27929094182846,17.616666793823242
6,9.166666732831393,131.48004,131.30024766876883,17.616666793823242
6,9.183333399618359,131.49713,131.32120439570923,17.616666793823242
6,9.200000066405325,131.51404,131.3421611226496,17.616666793823242
6,9.216666733192291,131.53078,131.36307833842093,17.616666793823242
6,9.233333399979259,131.54733,131.38396899206185,17.616666793823242
6,9.250000066766225,131.56372,131.40485964570274,17.616666793823242
6,9.26666673355319,131.57993,131.42575029934366,17.616666793823242
6,9.283333400340156,131.59596,131.44664095298458,17.616666793823242
6,9.300000067127122,131.61182,131.46744356182464,17.616666793823242
6,9.316666733914088,131.62749,131.4880268309854,17.616666793823242
6,9.333333400701054,131.64299,131.50861010014617,17.616666793823242
6,9.350000067488022,131.65854,131.52919336930694,17.616666793823242
6,9.366666734274988,131.67401,131.5497766384677,17.616666793823242
6,9.383333401061954,131.68933,131.57035990762847,17.616666793823242
6,9.40000006784892,131.7045,131.59045867775563,17.616666793823242
6,9.416666734635886,131.71951,131.6105449607943,17.616666793823242
6,9.433333401422852,131.73436,131.63063124383297,17.616666793823242
6,9.450000068209818,131.74907,131.65071752687163,17.616666793823242
6,9.466666734996783,131.76361,131.6708038099103,17.616666793823242
6,9.483333401783751,131.77802,131.69055852826858,17.616666793823242
6,9.500000068570717,131.79225,131.710144952433,17.616666793823242
6,9.516666735357683,131.80635,131.7297313765974,17.616666793823242
6,9.533333402144649,131.82028,131.74931780076184,17.616666793823242
6,9.550000068931615,131.83408,131.76890422492627,17.616666793823242
6,9.56666673571858,131.8477,131.7882885459243,17.616666793823242
6,9.583333402505547,131.86118,131.80730041965856,17.616666793823242
6,9.600000069292513,131.8745,131.82631229339282,17.616666793823242
6,9.61666673607948,131.88766,131.84532416712707,17.616666793823242
6,9.633333402866446,131.90068,131.86433604086133,17.616666793823242
6,9.650000069653412,131.91354,131.88330437579918,17.616666793823242
6,9.666666736440378,131.92625,131.90123322197257,17.616666793823242
6,9.683333403227344,131.93881,131.91916206814597,17.616666793823242
6,9.70000007001431,131.95122,131.93709091431936,17.616666793823242
6,9.716666736801276,131.96347,131.95501976049275,17.616666793823242
6,9.733333403588244,131.97597,131.97294860666614,17.616666793823242
6,9.75000007037521,131.98839,131.98982247431096,17.616666793823242
6,9.766666737162176,132.00072,132.00630345340034,17.616666793823242
6,9.783333403949142,132.01291,132.0227844324897,17.616666793823242
6,9.800000070736107,132.025,132.03926541157907,17.616666793823242
6,9.816666737523073,132.03696,132.05574639066842,17.616666793823242
6,9.83333340431004,132.04881,132.0720680114111,17.616666793823242
6,9.850000071097005,132.06056,132.0881669144644,17.616666793823242
6,9.866666737883973,132.07217,132.1042658175177,17.616666793823242
6,9.883333404670939,132.0837,132.12036472057102,17.616666793823242
6,9.900000071457905,132.09508,132.1364636236243,17.616666793823242
6,9.91666673824487,132.10635,132.15232424704445,17.616666793823242
6,9.933333405031837,132.11752,132.16616516690718,17.616666793823242
6,9.950000071818803,132.12857,132.18000608676994,17.616666793823242
6,9.966666738605769,132.1395,132.19384700663267,17.616666793823242
6,9.983333405392736,132.15031,132.20768792649542,17.616666793823242
6,10.000000072179702,132.16101,132.22152884635818,17.616666793823242
6,10.016666738966668,132.1716,132.23445969566265,17.616666793823242
6,10.033333405753634,132.18207,132.24715438741723,17.616666793823242
6,10.0500000725406,132.19243,132.25984907917177,17.616666793823242
6,10.066666739327566,132.20267,132.27254377092635,17.616666793823242
6,10.083333406114532,132.21278,132.2852384626809,17.616666793823242
6,10.100000072901498,132.2228,132.29771557594088,17.616666793823242
6,10.116666739688466,132.233,132.30995924560779,17.616666793823242
6,10.133333406475431,132.24313,132.32220291527466,17.616666793823242
6,10.150000073262397,132.25317,132.33444658494153,17.616666793823242
6,10.166666740049363,132.26312,132.3466902546084,17.616666793823242
6,10.18333340683633,132.27298,132.35866495383272,17.616666793823242
6,10.200000073623295,132.28275,132.36933435532092,17.616666793823242
6,10.216666740410261,132.29243,132.38000375680915,17.616666793823242
6,10.233333407197229,132.30203,132.39067315829737,17.616666793823242
6,10.250000073984195,132.31154,132.40134255978558,17.616666793823242
6,10.26666674077116,132.32095,132.4120119612738,17.616666793823242
6,10.283333407558127,132.33028,132.4215581744148,17.616666793823242
6,10.300000074345093,132.33952,132.43092047367438,17.616666793823242
6,10.316666741132059,132.34868,132.44028277293398,17.616666793823242
6,10.333333407919024,132.35774,132.44964507219356,17.616666793823242
6,10.35000007470599,132.36671,132.45900737145314,17.616666793823242
6,10.366666741492958,132.3756,132.4678645715921,17.616666793823242
6,10.383333408279924,132.3844,132.47630471741127,17.616666793823242
6,10.40000007506689,132.39311,132.48474486323045,17.616666793823242
6,10.416666741853856,132.40173,132.4931850090496,17.616666793823242
6,10.433333408640822,132.41026,132.50162515486878,17.616666793823242
6,10.450000075427788,132.41872,132.50999338083258,17.616666793823242
6,10.466666742214754,132.42706,132.51812901492377,17.616666793823242
6,10.483333409001721,132.43536,132.52626464901493,17.616666793823242
6,10.500000075788687,132.44377,132.53440028310612,17.616666793823242
6,10.516666742575653,132.45213,132.54253591719728,17.616666793823242
6,10.53333340936262,132.4604,132.55067155128847,17.616666793823242
6,10.550000076149585,132.46861,132.5575667338881,17.616666793823242
6,10.566666742936551,132.47676,132.56436079272484,17.616666793823242
6,10.583333409723517,132.48483,132.57115485156157,17.616666793823242
6,10.600000076510483,132.49284,132.5779489103983,17.616666793823242
6,10.61666674329745,132.50078,132.58474296923504,17.616666793823242
6,10.633333410084417,132.50865,132.59130983524088,17.616666793823242
6,10.650000076871383,132.51645,132.59773330905017,17.616666793823242
6,10.666666743658348,132.52419,132.60415678285943,17.616666793823242
6,10.683333410445314,132.53185,132.6105802566687,17.616666793823242
6,10.70000007723228,132.53944,132.617003730478,17.616666793823242
6,10.716666744019246,132.54697,132.6232955485103,17.616666793823242
6,10.733333410806214,132.55443,132.62928236399264,17.616666793823242
6,10.75000007759318,132.56181,132.635269179475,17.616666793823242
6,10.766666744380146,132.56914,132.64125599495736,17.616666793823242
6,10.783333411167112,132.57639,132.6472428104397,17.616666793823242
6,10.800000077954078,132.58356,132.65322962592205,17.616666793823242
6,10.816666744741044,132.59068,132.6587443572796,17.616666793823242
6,10.83333341152801,132.59772,132.6642542959049,17.616666793823242
6,10.850000078314975,132.6047,132.66976423453022,17.616666793823242
6,10.866666745101943,132.61163,132.67527417315551,17.616666793823242
6,10.88333341188891,132.61862,132.68078411178084,17.616666793823242
6,10.900000078675875,132.62555,132.68607967669035,17.616666793823242
6,10.916666745462841,132.63242,132.6912736125791,17.616666793823242
6,10.933333412249807,132.63922,132.6964675484678,17.616666793823242
6,10.950000079036773,132.64598,132.70166148435652,17.616666793823242
6,10.966666745823739,132.65268,132.70685542024523,17.616666793823242
6,10.983333412610707,132.65932,132.71180065375177,17.616666793823242
6,11.000000079397672,132.66591,132.7163166201329,17.616666793823242
6,11.016666746184638,132.67244,132.720832586514,17.616666793823242
6,11.033333412971604,132.67891,132.72534855289513,17.616666793823242
6,11.05000007975857,132.68532,132.72986451927625,17.616666793823242
6,11.066666746545536,132.69168,132.73439747675928,17.616666793823242
6,11.083333413332502,132.69798,132.73922082762056,17.616666793823242
6,11.100000080119468,132.70422,132.7440441784818,17.616666793823242
6,11.116666746906436,132.7104,132.74886752934307,17.616666793823242
6,11.133333413693402,132.71654,132.75369088020432,17.616666793823242
6,11.150000080480368,132.72261,132.7585142310656,17.616666793823242
6,11.166666747267334,132.72862,132.76268380705545,17.616666793823242
6,11.1833334140543,132.73459,132.76662809575856,17.616666793823242
6,11.200000080841265,132.7405,132.77057238446167,17.616666793823242
6,11.216666747628231,132.74634,132.77451667316475,17.616666793823242
6,11.233333414415199,132.75212,132.77846096186786,17.616666793823242
6,11.250000081202165,132.7575,132.78247849853284,17.616666793823242
6,11.266666747989131,132.76222,132.78659227961285,17.616666793823242
6,11.283333414776097,132.76694,132.79070606069286,17.616666793823242
6,11.300000081563063,132.77164,132.79481984177286,17.616666793823242
6,11.316666748350029,132.77635,132.79893362285284,17.616666793823242
6,11.333333415136995,132.78107,132.8030363171306,17.616666793823242
6,11.35000008192396,132.78578,132.80705817014177,17.616666793823242
6,11.366666748710928,132.7905,132.81108002315293,17.616666793823242
6,11.383333415497894,132.7952,132.8151018761641,17.616666793823242
6,11.40000008228486,132.79991,132.8191237291753,17.616666793823242
6,11.416666749071826,132.80463,132.82314558218647,17.616666793823242
6,11.433333415858792,132.80934,132.82675837838886,17.616666793823242
6,11.450000082645758,132.81404,132.83027462702148,17.616666793823242
6,11.466666749432724,132.81876,132.83379087565413,17.616666793823242
6,11.483333416219692,132.82347,132.83730712428675,17.616666793823242
6,11.500000083006658,132.82819,132.84082337291937,17.616666793823242
6,11.516666749793623,132.83289,132.84429960512506,17.616666793823242
6,11.53333341658059,132.8376,132.84773541669747,17.616666793823242
6,11.550000083367555,132.84232,132.85117122826986,17.616666793823242
6,11.566666750154521,132.84703,132.85460703984228,17.616666793823242
6,11.583333416941487,132.85175,132.85804285141467,17.616666793823242
6,11.600000083728453,132.85645,132.8615283370582,17.616666793823242
6,11.61666675051542,132.86116,132.86523131458063,17.616666793823242
6,11.633333417302387,132.86588,132.86893429210306,17.616666793823242
6,11.650000084089353,132.87059,132.8726372696255,17.616666793823242
6,11.666666750876319,132.87529,132.8763402471479,17.616666793823242
6,11.683333417663285,132.88,132.88004322467035,17.616666793823242
6,11.70000008445025,132.88472,132.88333677004957,17.616666793823242
6,11.716666751237216,132.88943,132.8865714889714,17.616666793823242
6,11.733333418024184,132.89413,132.88980620789326,17.616666793823242
6,11.75000008481115,132.89885,132.8930409268151,17.616666793823242
6,11.766666751598116,132.90356,132.89627564573695,17.616666793823242
6,11.783333418385082,132.90828,132.89954431799075,17.616666793823242
6,11.800000085172048,132.91298,132.90283936470775,17.616666793823242
6,11.816666751959014,132.9177,132.90613441142477,17.616666793823242
6,11.83333341874598,132.92241,132.90942945814177,17.616666793823242
6,11.850000085532946,132.92664,132.9127245048588,17.616666793823242
6,11.866666752319913,132.93062,132.91600511563536,17.616666793823242
6,11.88333341910688,132.9346,132.91924270730934,17.616666793823242
6,11.900000085893845,132.93858,132.92248029898334,17.616666793823242
6,11.916666752680811,132.94257,132.92571789065732,17.616666793823242
6,11.933333419467777,132.94655,132.92895548233133,17.616666793823242
6,11.950000086254743,132.95052,132.93219307400534,17.616666793823242
6,11.966666753041709,132.9545,132.93553594699307,17.616666793823242
6,11.983333419828675,132.95848,132.93888557600096,17.616666793823242
6,12.000000086615643,132.96246,132.94223520500884,17.616666793823242
6,12.016666753402609,132.96645,132.9455848340167,17.616666793823242
6,12.033333420189575,132.97043,132.94893446302459,17.616666793823242
6,12.05000008697654,132.97441,132.95209822929908,17.616666793823242
6,12.066666753763506,132.97838,132.95515196483544,17.616666793823242
6,12.083333420550472,132.98236,132.95820570037176,17.616666793823242
6,12.100000087337438,132.98634,132.96125943590812,17.616666793823242
6,12.116666754124406,132.99033,132.96431317144447,17.616666793823242
6,12.133333420911372,132.99431,132.96748240894038,17.616666793823242
6,12.150000087698338,132.99829,132.97090098399988,17.616666793823242
6,12.166666754485304,133.00226,132.97431955905938,17.616666793823242
6,12.18333342127227,133.00624,132.9777381341189,17.616666793823242
6,12.200000088059236,133.01022,132.9811567091784,17.616666793823242
6,12.216666754846202,133.0142,132.98457267133267,17.616666793823242
6,12.233333421633168,133.01819,132.98747127825285,17.616666793823242
6,12.250000088420135,133.02217,132.99036988517307,17.616666793823242
6,12.266666755207101,133.02615,132.99326849209325,17.616666793823242
6,12.283333421994067,133.03012,132.99616709901346,17.616666793823242
6,12.300000088781033,133.0341,132.99906570593365,17.616666793823242
6,12.316666755567999,133.03809,133.00206989732234,17.616666793823242
6,12.333333422354965,133.04164,133.00512076010654,17.616666793823242
6,12.35000008914193,133.04514,133.00817162289073,17.616666793823242
6,12.366666755928899,133.04865,133.01122248567492,17.616666793823242
6,12.383333422715864,133.05214,133.0142733484591,17.616666793823242
6,12.40000008950283,133.05565,133.01729239443054,17.616666793823242
6,12.416666756289796,133.05914,133.02025994740237,17.616666793823242
6,12.433333423076762,133.06265,133.0232275003742,17.616666793823242
6,12.450000089863728,133.06615,133.026195053346,17.616666793823242
6,12.466666756650694,133.06966,133.0291626063178,17.616666793823242
6,12.48333342343766,133.07315,133.0321255109168,17.616666793823242
6,12.500000090224628,133.07666,133.03502699058916,17.616666793823242
6,12.516666757011594,133.08015,133.0379284702615,17.616666793823242
6,12.53333342379856,133.08366,133.04082994993385,17.616666793823242
6,12.550000090585526,133.08716,133.0437314296062,17.616666793823242
6,12.566666757372492,133.09067,133.04663290927854,17.616666793823242
6,12.583333424159457,133.09416,133.04956926618303,17.616666793823242
6,12.600000090946423,133.09767,133.0525167098898,17.616666793823242
6,12.616666757733391,133.10117,133.05546415359655,17.616666793823242
6,12.633333424520357,133.10468,133.05841159730332,17.616666793823242
6,12.650000091307323,133.10817,133.0613590410101,17.616666793823242
6,12.666666758094289,133.11168,133.0642191184052,17.616666793823242
6,12.683333424881255,133.11517,133.06697121496572,17.616666793823242
6,12.70000009166822,133.11868,133.06972331152622,17.616666793823242
6,12.716666758455187,133.12218,133.07247540808672,17.616666793823242
6,12.733333425242153,133.12569,133.07522750464722,17.616666793823242
6,12.75000009202912,133.12918,133.07801351123186,17.616666793823242
6,12.766666758816086,133.13269,133.0810155372295,17.616666793823242
6,12.783333425603052,133.13618,133.08401756322712,17.616666793823242
6,12.800000092390018,133.13962,133.08701958922472,17.616666793823242
6,12.816666759176984,133.14258,133.09002161522235,17.616666793823242
6,12.83333342596395,133.14554,133.09302364122,17.616666793823242
6,12.850000092750916,133.1485,133.09594990740212,17.616666793823242
6,12.866666759537884,133.15146,133.0988600053309,17.616666793823242
6,12.88333342632485,133.15443,133.1017701032597,17.616666793823242
6,12.900000093111816,133.1574,133.1046802011885,17.616666793823242
6,12.916666759898781,133.16035,133.1075902991173,17.616666793823242
6,12.933333426685747,133.16331,133.11057991020613,17.616666793823242
6,12.950000093472713,133.16628,133.11364513675107,17.616666793823242
6,12.96666676025968,133.16925,133.11671036329602,17.616666793823242
6,12.983333427046645,133.17221,133.11977558984097,17.616666793823242
6,13.000000093833613,133.17517,133.12284081638592,17.616666793823242
6,13.016666760620579,133.17813,133.12580787853577,17.616666793823242
6,13.033333427407545,133.18109,133.12838473721507,17.616666793823242
6,13.05000009419451,133.18407,133.13096159589438,17.616666793823242
6,13.066666760981477,133.18703,133.13353845457368,17.616666793823242
6,13.083333427768443,133.18999,133.136115313253,17.616666793823242
6,13.100000094555408,133.19295,133.1386921719323,17.616666793823242
6,13.116666761342376,133.1959,133.14146833320552,17.616666793823242
6,13.133333428129342,133.19888,133.14426926655258,17.616666793823242
6,13.150000094916308,133.20184,133.14707019989967,17.616666793823242
6,13.166666761703274,133.2048,133.14987113324673,17.616666793823242
6,13.18333342849024,133.20776,133.1526720665938,17.616666793823242
6,13.200000095277206,133.2107,133.1555842288621,17.616666793823242
6,13.216666762064172,133.21336,133.15857763660327,17.616666793823242
6,13.233333428851138,133.21603,133.16157104434444,17.616666793823242
6,13.250000095638105,133.2187,133.1645644520856,17.616666793823242
6,13.266666762425071,133.22137,133.1675578598268,17.616666793823242
6,13.283333429212037,133.22404,133.1705122472209,17.616666793823242
6,13.300000095999003,133.22672,133.1733591446024,17.616666793823242
6,13.31666676278597,133.22939,133.17620604198387,17.616666793823242
6,13.333333429572935,133.23207,133.17905293936536,17.616666793823242
6,13.350000096359901,133.23474,133.18189983674682,17.616666793823242
6,13.366666763146869,133.23741,133.1847467341283,17.616666793823242
6,13.383333429933835,133.24008,133.1874702042189,17.616666793823242
6,13.4000000967208,133.24275,133.1901878277536,17.616666793823242
6,13.416666763507767,133.24542,133.19290545128828,17.616666793823242
6,13.433333430294732,133.2481,133.19562307482298,17.616666793823242
6,13.450000097081698,133.25076,133.19834069835767,17.616666793823242
6,13.466666763868664,133.25343,133.20117288551583,17.616666793823242
6,13.48333343065563,133.2561,133.20406861968388,17.616666793823242
6,13.500000097442598,133.25877,133.20696435385193,17.616666793823242
6,13.516666764229564,133.26146,133.20986008801998,17.616666793823242
6,13.53333343101653,133.26413,133.21275582218803,17.616666793823242
6,13.550000097803496,133.2668,133.21552483767073,17.616666793823242
6,13.566666764590462,133.26932,133.21803849580272,17.616666793823242
6,13.583333431377428,133.27177,133.2205521539347,17.616666793823242
6,13.600000098164394,133.27422,133.2230658120667,17.616666793823242
6,13.616666764951361,133.27667,133.22557947019868,17.616666793823242
6,13.633333431738327,133.27911,133.2281025983076,17.616666793823242
6,13.650000098525293,133.28156,133.23108738779231,17.616666793823242
6,13.666666765312259,133.28401,133.23407217727706,17.616666793823242
6,13.683333432099225,133.28645,133.23705696676177,17.616666793823242
6,13.700000098886191,133.28891,133.24004175624648,17.616666793823242
6,13.716666765673157,133.29135,133.2430265457312,17.616666793823242
6,13.733333432460123,133.29381,133.24584442687237,17.616666793823242
6,13.75000009924709,133.29625,133.24859365068073,17.616666793823242
6,13.766666766034056,133.2987,133.2513428744891,17.616666793823242
6,13.783333432821022,133.30115,133.25409209829743,17.616666793823242
6,13.800000099607988,133.3036,133.2568413221058,17.616666793823242
6,13.816666766394954,133.30605,133.25955747317457,17.616666793823242
6,13.83333343318192,133.3085,133.26222338717054,17.616666793823242
6,13.850000099968886,133.31094,133.2648893011665,17.616666793823242
6,13.866666766755852,133.3134,133.2675552151625,17.616666793823242
6,13.88333343354282,133.31584,133.27022112915847,17.616666793823242
6,13.900000100329786,133.3183,133.27288777938742,17.616666793823242
6,13.916666767116752,133.32068,133.27556231163985,17.616666793823242
6,13.933333433903718,133.32278,133.27823684389227,17.616666793823242
6,13.950000100690684,133.32489,133.2809113761447,17.616666793823242
6,13.96666676747765,133.327,133.28358590839716,17.616666793823242
6,13.983333434264615,133.32912,133.28626044064958,17.616666793823242
6,14.000000101051583,133.33122,133.28889273334022,17.616666793823242
6,14.016666767838549,133.33333,133.2915126833018,17.616666793823242
6,14.033333434625515,133.33545,133.29413263326336,17.616666793823242
6,14.050000101412481,133.33755,133.29675258322493,17.616666793823242
6,14.066666768199447,133.33966,133.2993725331865,17.616666793823242
6,14.083333434986413,133.34178,133.302109356522,17.616666793823242
6,14.100000101773379,133.34389,133.30498210867285,17.616666793823242
6,14.116666768560345,133.346,133.30785486082368,17.616666793823242
6,14.133333435347312,133.3481,133.31072761297452,17.616666793823242
6,14.150000102134278,133.35022,133.31360036512535,17.616666793823242
6,14.166666768921244,133.35233,133.31646575494656,17.616666793823242
6,14.18333343570821,133.35443,133.31928967031084,17.616666793823242
6,14.200000102495176,133.35655,133.3221135856751,17.616666793823242
6,14.216666769282142,133.35866,133.3249375010394,17.616666793823242
6,14.233333436069108,133.36076,133.32776141640366,17.616666793823242
6,14.250000102856076,133.36288,133.33058533176794,17.616666793823242
6,14.266666769643042,133.36499,133.333271831415,17.616666793823242
6,14.283333436430008,133.3671,133.33593199990668,17.616666793823242
6,14.300000103216973,133.3692,133.33859216839835,17.616666793823242
6,14.31666677000394,133.37132,133.34125233689005,17.616666793823242
6,14.333333436790905,133.37343,133.34391250538172,17.616666793823242
6,14.350000103577871,133.37553,133.34675153517566,17.616666793823242
6,14.366666770364837,133.37761,133.34975068842112,17.616666793823242
6,14.383333437151805,133.37949,133.3527498416666,17.616666793823242
6,14.40000010393877,133.38136,133.3557489949121,17.616666793823242
6,14.416666770725737,133.38322,133.35874814815756,17.616666793823242
6,14.433333437512703,133.3851,133.3616070129337,17.616666793823242
6,14.450000104299669,133.38698,133.36395692419308,17.616666793823242
6,14.466666771086635,133.38885,133.36630683545246,17.616666793823242
6,14.4833334378736,133.39073,133.36865674671185,17.616666793823242
6,14.500000104660568,133.3926,133.37100665797124,17.616666793823242
6,14.516666771447534,133.39447,133.37335656923062,17.616666793823242
6,14.5333334382345,133.39635,133.37617940189935,17.616666793823242
6,14.550000105021466,133.39822,133.37905215405019,17.616666793823242
6,14.566666771808432,133.4001,133.38192490620102,17.616666793823242
6,14.583333438595398,133.40196,133.38479765835189,17.616666793823242
6,14.600000105382364,133.40384,133.38767041050272,17.616666793823242
6,14.61666677216933,133.40572,133.39039496328883,17.616666793823242
6,14.633333438956297,133.4076,133.39301778600253,17.616666793823242
6,14.650000105743263,133.40947,133.39564060871626,17.616666793823242
6,14.66666677253023,133.41133,133.39826343142997,17.616666793823242
6,14.683333439317195,133.41321,133.4008862541437,17.616666793823242
6,14.700000106104161,133.41508,133.40355596479202,17.616666793823242
6,14.716666772891127,133.41696,133.4063454071305,17.616666793823242
6,14.733333439678093,133.41884,133.40913484946896,17.616666793823242
6,14.75000010646506,133.4207,133.4119242918074,17.616666793823242
6,14.766666773252027,133.42258,133.41471373414586,17.616666793823242
6,14.783333440038993,133.42445,133.41750317648433,17.616666793823242
6,14.800000106825959,133.42633,133.42009201699423,17.616666793823242
6,14.816666773612925,133.42816,133.42267462117783,17.616666793823242
6,14.83333344039989,133.42975,133.42525722536143,17.616666793823242
6,14.850000107186856,133.43132,133.42783982954504,17.616666793823242
6,14.866666773973822,133.4329,133.43042243372864,17.616666793823242
6,14.88333344076079,133.4345,133.43313552437803,17.616666793823242
6,14.900000107547756,133.43607,133.43591634846004,17.616666793823242
6,14.916666774334722,133.43765,133.43869717254205,17.616666793823242
6,14.933333441121688,133.43924,133.44147799662406,17.616666793823242
6,14.950000107908654,133.44081,133.44425882070607,17.616666793823242
6,14.96666677469562,133.4424,133.4470276918294,17.616666793823242
6,14.983333441482586,133.44398,133.4497740428856,17.616666793823242
6,15.000000108269553,133.44556,133.4525203939418,17.616666793823242
6,15.01666677505652,133.44714,133.455266744998,17.616666793823242
6,15.033333441843485,133.44873,133.4580130960542,17.616666793823242
6,15.050000108630451,133.4503,133.46074297570235,17.616666793823242
6,15.066666775417417,133.45189,133.46302106815796,17.616666793823242
6,15.083333442204383,133.45348,133.46529916061357,17.616666793823242
6,15.100000108991349,133.45505,133.4675772530692,17.616666793823242
6,15.116666775778315,133.45663,133.46985534552482,17.616666793823242
6,15.133333442565283,133.45822,133.47213343798043,17.616666793823242
6,15.150000109352249,133.4598,133.47481897041948,17.616666793823242
6,15.166666776139214,133.46138,133.47766012229667,17.616666793823242
6,15.18333344292618,133.46297,133.48050127417386,17.616666793823242
6,15.200000109713146,133.46454,133.48334242605102,17.616666793823242
6,15.216666776500112,133.46613,133.48618357792822,17.616666793823242
6,15.233333443287078,133.46771,133.4889572562197,17.616666793823242
6,15.250000110074046,133.46928,133.49163466122428,17.616666793823242
6,15.266666776861012,133.47087,133.49431206622887,17.616666793823242
6,15.283333443647978,133.47246,133.49698947123343,17.616666793823242
6,15.300000110434944,133.47403,133.49966687623802,17.616666793823242
6,15.31666677722191,133.47562,133.5023535202445,17.616666793823242
6,15.333333444008876,133.4772,133.5051228533179,17.616666793823242
6,15.350000110795841,133.47878,133.50789218639133,17.616666793823242
6,15.366666777582807,133.48036,133.51066151946472,17.616666793823242
6,15.383333444369775,133.48195,133.51343085253814,17.616666793823242
6,15.400000111156741,133.48352,133.51620018561155,17.616666793823242
6,15.416666777943707,133.4851,133.5189672522423,17.616666793823242
6,15.433333444730673,133.48668,133.52173371256356,17.616666793823242
6,15.450000111517639,133.48827,133.5245001728848,17.616666793823242
6,15.466666778304605,133.48985,133.52726663320607,17.616666793823242
6,15.48333344509157,133.49142,133.53003309352735,17.616666793823242
6,15.500000111878538,133.49301,133.53260481301183,17.616666793823242
6,15.516666778665504,133.4946,133.53496334252767,17.616666793823242
6,15.53333344545247,133.49617,133.53732187204352,17.616666793823242
6,15.550000112239436,133.49776,133.53968040155937,17.616666793823242
6,15.566666779026402,133.49934,133.5420389310752,17.616666793823242
6,15.583333445813368,133.50092,133.5444703476544,17.616666793823242
6,15.600000112600334,133.5025,133.54726840824932,17.616666793823242
6,15.6166667793873,133.50409,133.55006646884425,17.616666793823242
6,15.633333446174268,133.50566,133.55286452943915,17.616666793823242
6,15.650000112961234,133.50725,133.55566259003407,17.616666793823242
6,15.6666667797482,133.50883,133.558460650629,17.616666793823242
6,15.683333446535165,133.5104,133.56102311667567,17.616666793823242
6,15.700000113322131,133.512,133.5635453930641,17.616666793823242
6,15.716666780109097,133.51357,133.56606766945254,17.616666793823242
6,15.733333446896063,133.51501,133.56858994584098,17.616666793823242
6,15.750000113683031,133.51646,133.5711122222294,17.616666793823242
6,15.766666780469997,133.51793,133.5737545478987,17.616666793823242
6,15.783333447256963,133.51938,133.57649802620273,17.616666793823242
6,15.800000114043929,133.52083,133.5792415045068,17.616666793823242
6,15.816666780830895,133.52228,133.58198498281084,17.616666793823242
6,15.83333344761786,133.52371,133.58472846111488,17.616666793823242
6,15.850000114404827,133.52513,133.5873789719624,17.616666793823242
6,15.866666781191793,133.52654,133.58972026496534,17.616666793823242
6,15.88333344797876,133.52795,133.59206155796826,17.616666793823242
6,15.900000114765726,133.52937,133.5944028509712,17.616666793823242
6,15.916666781552692,133.53079,133.59674414397415,17.616666793823242
6,15.933333448339658,133.53221,133.59908543697708,17.616666793823242
6,15.950000115126624,133.5336,133.60207924892458,17.616666793823242
6,15.96666678191359,133.53499,133.60513011170877,17.616666793823242
6,15.983333448700556,133.53638,133.60818097449297,17.616666793823242
6,16.000000115487524,133.53777,133.61123183727716,17.616666793823242
6,16.016666782274488,133.53915,133.61428270006135,17.616666793823242
6,16.033333449061455,133.54054,133.61696674559855,17.616666793823242
6,16.05000011584842,133.54192,133.61941433043106,17.616666793823242
6,16.066666782635387,133.54324,133.62186191526357,17.616666793823242
6,16.083333449422355,133.54456,133.62430950009607,17.616666793823242
6,16.10000011620932,133.54588,133.6267570849286,17.616666793823242
6,16.116666782996287,133.5472,133.62924895922643,17.616666793823242
6,16.13333344978325,133.54852,133.6318459271708,17.616666793823242
6,16.15000011657022,133.54984,133.63444289511514,17.616666793823242
6,16.166666783357183,133.55116,133.63703986305953,17.616666793823242
6,16.18333345014415,133.55247,133.63963683100388,17.616666793823242
6,16.20000011693112,133.5538,133.64223379894824,17.616666793823242
6,16.216666783718082,133.55511,133.64471193023076,17.616666793823242
6,16.23333345050505,133.55644,133.64718824258478,17.616666793823242
6,16.250000117292014,133.55775,133.6496645549388,17.616666793823242
6,16.266666784078982,133.55908,133.65214086729281,17.616666793823242
6,16.283333450865946,133.56035,133.65461717964683,17.616666793823242
6,16.300000117652914,133.56161,133.6572327699544,17.616666793823242
6,16.31666678443988,133.56288,133.65991592046328,17.616666793823242
6,16.333333451226846,133.56416,133.66259907097216,17.616666793823242
6,16.350000118013813,133.56543,133.66528222148105,17.616666793823242
6,16.366666784800778,133.5667,133.66796537198994,17.616666793823242
6,16.383333451587745,133.56796,133.6706952949459,17.616666793823242
6,16.40000011837471,133.56924,133.67350771930157,17.616666793823242
6,16.416666785161677,133.57051,133.67632014365725,17.616666793823242
6,16.43333345194864,133.57178,133.6791325680129,17.616666793823242
6,16.45000011873561,133.57304,133.68194499236859,17.616666793823242
6,16.466666785522577,133.57431,133.68475048747283,17.616666793823242
6,16.48333345230954,133.57559,133.68742501972528,17.616666793823242
6,16.50000011909651,133.57678,133.6900995519777,17.616666793823242
6,16.516666785883473,133.57796,133.69277408423014,17.616666793823242
6,16.53333345267044,133.57913,133.69544861648257,17.616666793823242
6,16.550000119457405,133.58029,133.698123148735,17.616666793823242
6,16.566666786244372,133.58147,133.70070430932455,17.616666793823242
6,16.58333345303134,133.58264,133.70325244048234,17.616666793823242
6,16.600000119818304,133.58382,133.70580057164014,17.616666793823242
6,16.616666786605272,133.58498,133.70834870279793,17.616666793823242
6,16.633333453392236,133.58615,133.71089683395573,17.616666793823242
6,16.650000120179204,133.58733,133.7133271678394,17.616666793823242
6,16.666666786966168,133.5885,133.7155995147907,17.616666793823242
6,16.683333453753136,133.58966,133.71787186174203,17.616666793823242
6,16.700000120540103,133.59084,133.72014420869334,17.616666793823242
6,16.716666787327068,133.59201,133.72241655564466,17.616666793823242
6,16.733333454114035,133.59319,133.72474103077695,17.616666793823242
6,16.750000120901,133.59435,133.72746439981597,17.616666793823242
6,16.766666787687967,133.59552,133.73018776885496,17.616666793823242
6,16.78333345447493,133.5967,133.73291113789395,17.616666793823242
6,16.8000001212619,133.59787,133.73563450693294,17.616666793823242
6,16.816666788048867,133.59903,133.73835787597196,17.616666793823242
6,16.83333345483583,133.6002,133.74092418197878,17.616666793823242
6,16.8500001216228,133.60138,133.7434522038715,17.616666793823242
6,16.866666788409763,133.60255,133.74598022576424,17.616666793823242
6,16.88333345519673,133.60371,133.74850824765699,17.616666793823242
6,16.900000121983695,133.60489,133.75103626954973,17.616666793823242
6,16.916666788770662,133.60606,133.7536194656069,17.616666793823242
6,16.933333455557626,133.60721,133.75625952483352,17.616666793823242
6,16.950000122344594,133.60826,133.75889958406015,17.616666793823242
6,16.966666789131562,133.60931,133.76153964328677,17.616666793823242
6,16.983333455918526,133.61037,133.7641797025134,17.616666793823242
6,17.000000122705494,133.61143,133.7668135254137,17.616666793823242
6,17.016666789492458,133.61249,133.76941911161452,17.616666793823242
6,17.033333456279426,133.61354,133.77202469781534,17.616666793823242
6,17.05000012306639,133.61461,133.77463028401615,17.616666793823242
6,17.066666789853357,133.61566,133.77723587021697,17.616666793823242
6,17.083333456640325,133.61671,133.77984145641778,17.616666793823242
6,17.10000012342729,133.61778,133.78257940575665,17.616666793823242
6,17.116666790214257,133.61884,133.78533724782145,17.616666793823242
6,17.13333345700122,133.61989,133.78809508988624,17.616666793823242
6,17.15000012378819,133.62096,133.79085293195106,17.616666793823242
6,17.166666790575153,133.62201,133.79361077401586,17.616666793823242
6,17.18333345736212,133.62306,133.79610101705242,17.616666793823242
6,17.20000012414909,133.62411,133.79837910950803,17.616666793823242
6,17.216666790936053,133.62518,133.80065720196365,17.616666793823242
6,17.23333345772302,133.62624,133.80293529441929,17.616666793823242
6,17.250000124509985,133.62729,133.8052133868749,17.616666793823242
6,17.266666791296952,133.62836,133.80755372710576,17.616666793823242
6,17.283333458083916,133.62941,133.81008462175063,17.616666793823242
6,17.300000124870884,133.63046,133.81261551639554,17.616666793823242
6,17.31666679165785,133.63153,133.81514641104042,17.616666793823242
6,17.333333458444816,133.63258,133.81767730568532,17.616666793823242
6,17.350000125231784,133.63364,133.8202082003302,17.616666793823242
6,17.366666792018748,133.6347,133.82289214481582,17.616666793823242
6,17.383333458805716,133.63576,133.8255867863333,17.616666793823242
6,17.40000012559268,133.63681,133.82828142785078,17.616666793823242
6,17.416666792379647,133.63788,133.83097606936826,17.616666793823242
6,17.43333345916661,133.63893,133.83367071088577,17.616666793823242
6,17.45000012595358,133.63998,133.83634745183707,17.616666793823242
6,17.466666792740547,133.641,133.83901336583307,17.616666793823242
6,17.48333345952751,133.642,133.84167927982904,17.616666793823242
6,17.50000012631448,133.64299,133.84434519382503,17.616666793823242
6,17.516666793101443,133.644,133.847011107821,17.616666793823242
6,17.53333345988841,133.64499,133.8496134748071,17.616666793823242
6,17.550000126675375,133.64598,133.85207542340035,17.616666793823242
6,17.566666793462343,133.64697,133.85453737199362,17.616666793823242
6,17.58333346024931,133.64796,133.8569993205869,17.616666793823242
6,17.600000127036274,133.64896,133.85946126918017,17.616666793823242
6,17.616666793823242,133.64995,133.86192321777344,17.616666793823242
6,17.633333460408814,133.64995,133.50712118343432,17.616666793823242
6,17.650000126994385,133.65094,133.253206836934,17.616666793823242
6,17.666666793579957,133.65213,133.24481442509864,17.616666793823242
6,17.683333460165528,133.65225,133.30885252660636,17.616666793823242
6,17.700000126751103,133.65616,133.45577808302275,17.616666793823242
6,17.716666793336675,133.6627,133.52765857930086,17.616666793823242
6,17.733333459922246,133.62505,133.3912113734654,17.616666793823242
6,17.750000126507818,133.44247,133.0120513293208,17.616666793823242
6,17.76666679309339,132.99094,132.4170748652244,17.616666793823242
6,17.78333345967896,132.28479,131.6325107496612,17.616666793823242
6,17.800000126264532,131.37756,130.6582020350865,17.616666793823242
6,17.816666792850103,130.27585,129.4884272984096,17.616666793823242
6,17.83333345943568,128.91628,128.1172525834064,17.616666793823242
6,17.85000012602125,127.417046,126.56967272077289,17.616666793823242
6,17.86666679260682,125.79685,124.90080813972318,17.616666793823242
6,17.883333459192393,124.06079,123.17771475655692,17.616666793823242
6,17.900000125777964,122.18614,121.4540824500882,17.616666793823242
6,17.916666792363536,120.294716,119.74659526591398,17.616666793823242
6,17.933333458949107,118.39644,118.03980157813248,17.616666793823242
6,17.95000012553468,116.45806,116.30579609773598,17.616666793823242
6,17.966666792120254,114.519684,114.52020181928363,17.616666793823242
6,17.983333458705825,112.5898,112.67397752100108,17.616666793823242
6,18.000000125291397,110.67265,110.78089009499064,17.616666793823242
6,18.01666679187697,108.75551,108.87012403838489,17.616666793823242
6,18.03333345846254,106.94246,106.96770415014151,17.616666793823242
6,18.05000012504811,105.18463,105.09316284802496,17.616666793823242
6,18.066666791633683,103.426796,103.25762375033632,17.616666793823242
6,18.083333458219254,101.66896,101.46520124162947,17.616666793823242
6,18.10000012480483,99.91113,99.7215490535814,17.616666793823242
6,18.1166667913904,98.18608,98.02876935686385,17.616666793823242
6,18.133333457975972,96.63187,96.38942243614976,17.616666793823242
6,18.150000124561544,95.07765,94.80339984504545,17.616666793823242
6,18.166666791147115,93.52343,93.26726504734584,17.616666793823242
6,18.183333457732687,91.969215,91.7779919371313,17.616666793823242
6,18.200000124318258,90.415,90.32974597385952,17.616666793823242
6,18.21666679090383,88.97943,88.91628062968351,17.616666793823242
6,18.233333457489405,87.60267,87.53194785604671,17.616666793823242
6,18.250000124074976,86.22591,86.17063296571071,17.616666793823242
6,18.266666790660548,84.84915,84.82755770002093,17.616666793823242
6,18.28333345724612,83.47239,83.5011054836974,17.616666793823242
6,18.30000012383169,82.19745,82.18999796497579,17.616666793823242
6,18.316666790417262,80.961044,80.89185006277903,17.616666793823242
6,18.333333457002833,79.72464,79.60993794032507,17.616666793823242
6,18.350000123588405,78.488235,78.34524380430884,17.616666793823242
6,18.36666679017398,77.31366,77.10255607293577,17.616666793823242
6,18.38333345675955,76.19237,75.8892294436085,17.616666793823242
6,18.400000123345123,75.07108,74.71182313257334,17.616666793823242
6,18.416666789930694,73.94979,73.57550438082949,17.616666793823242
6,18.433333456516266,72.90856,72.48702430725099,17.616666793823242
6,18.450000123101837,71.89157,71.44681907186704,17.616666793823242
6,18.46666678968741,70.87458,70.45672821512028,17.616666793823242
6,18.48333345627298,69.85759,69.51301278873366,17.616666793823242
6,18.500000122858552,68.933426,68.61100204623476,17.616666793823242
6,18.516666789444127,68.009445,67.74505007996852,17.616666793823242
6,18.5333334560297,67.085464,66.9091625602878,17.616666793823242
6,18.55000012261527,66.18118,66.09630693708148,17.616666793823242
6,18.56666678920084,65.3434,65.29958109952966,17.616666793823242
6,18.583333455786413,64.505615,64.51496521307499,17.616666793823242
6,18.600000122371984,63.66783,63.73588114368673,17.616666793823242
6,18.616666788957556,62.86453,62.96380085847816,17.616666793823242
6,18.633333455543127,62.101852,62.19706484736229,17.616666793823242
6,18.650000122128702,61.33918,61.43843242100307,17.616666793823242
6,18.666666788714274,60.576508,60.69025502886092,17.616666793823242
6,18.683333455299845,59.858734,59.957437632035244,17.616666793823242
6,18.700000121885417,59.16118,59.242877259546404,17.616666793823242
6,18.716666788470988,58.46362,58.54821282990125,17.616666793823242
6,18.73333345505656,57.766064,57.87728798146151,17.616666793823242
6,18.75000012164213,57.125244,57.23189778230629,17.616666793823242
6,18.766666788227703,56.489353,56.610926394559904,17.616666793823242
6,18.783333454813278,55.853462,56.016214370727546,17.616666793823242
6,18.80000012139885,55.23217,55.44214803345349,17.616666793823242
6,18.81666678798442,54.69322,54.88865381357621,17.616666793823242
6,18.833333454569992,54.154266,54.35273112082968,17.616666793823242
6,18.850000121155563,53.615314,53.83196990343989,17.616666793823242
6,18.866666787741135,53.076366,53.322286508521266,17.616666793823242
6,18.883333454326706,52.537415,52.822523545245744,17.616666793823242
6,18.900000120912278,51.998463,52.3293309892927,17.616666793823242
6,18.916666787497853,51.45951,51.84016161548849,17.616666793823242
6,18.933333454083424,50.97283,51.3540690285819,17.616666793823242
6,18.950000120668996,50.51936,50.87148549605389,17.616666793823242
6,18.966666787254567,50.065884,50.390793041307106,17.616666793823242
6,18.98333345384014,49.612408,49.9140928618762,17.616666793823242
6,19.00000012042571,49.158936,49.44111072773837,17.616666793823242
6,19.01666678701128,48.70546,48.972740173339844,17.616666793823242
6,19.033333453596853,48.251984,48.51263447197117,17.616666793823242
6,19.050000120182425,47.80336,48.059578292223875,17.616666793823242
6,19.066666786768,47.416767,47.616178862902586,17.616666793823242
6,19.08333345335357,47.03017,47.18342644827707,17.616666793823242
6,19.100000119939143,46.643574,46.76298602746458,17.616666793823242
6,19.116666786524714,46.256977,46.35424987637267,17.616666793823242
6,19.133333453110286,45.87038,45.95876067025321,17.616666793823242
6,19.150000119695857,45.483784,45.5763240736358,17.616666793823242
6,19.16666678628143,45.097187,45.20597670029621,17.616666793823242
6,19.183333452867004,44.763706,44.84880747113909,17.616666793823242
6,19.200000119452575,44.47667,44.50271705705293,17.616666793823242
6,19.216666786038147,44.18963,44.1687680458536,17.616666793823242
6,19.233333452623718,43.90259,43.84624051074593,17.616666793823242
6,19.25000011920929,43.615555,43.53313827514649,17.616666793823242
6,19.26666678579486,43.328514,43.23046230783268,17.616666793823242
6,19.283333452380433,43.041477,42.934825274409086,17.616666793823242
6,19.300000118966004,42.754436,42.646741166406755,17.616666793823242
6,19.316666785551575,42.4674,42.367258149750384,17.616666793823242
6,19.33333345213715,42.18036,42.092953740334025,17.616666793823242
6,19.350000118722722,41.893322,41.82480115306621,17.616666793823242
6,19.366666785308293,41.60628,41.56389631543841,17.616666793823242
6,19.383333451893865,41.319244,41.30803493577607,17.616666793823242
6,19.400000118479436,41.032204,41.05426490550139,17.616666793823242
6,19.416666785065008,40.745167,40.80550283315231,17.616666793823242
6,19.43333345165058,40.48815,40.561930228252805,17.616666793823242
6,19.45000011823615,40.26703,40.320222582135884,17.616666793823242
6,19.466666784821726,40.045906,40.082747615113554,17.616666793823242
6,19.483333451407297,39.824783,39.849605560302734,17.616666793823242
6,19.50000011799287,39.60366,39.61761098978471,17.616666793823242
6,19.51666678457844,39.382538,39.390245671174966,17.616666793823242
6,19.53333345116401,39.161415,39.16643142700195,17.616666793823242
6,19.550000117749583,38.940292,38.94517462594169,17.616666793823242
6,19.566666784335155,38.71917,38.72536102606326,17.616666793823242
6,19.583333450920726,38.498043,38.509788785661975,17.616666793823242
6,19.600000117506298,38.27692,38.29757349831718,17.616666793823242
6,19.616666784091873,38.055798,38.08619915709204,17.616666793823242
6,19.633333450677444,37.834675,37.878895078386584,17.616666793823242
6,19.650000117263016,37.613552,37.674297799869464,17.616666793823242
6,19.666666783848587,37.39243,37.47430069592534,17.616666793823242
6,19.68333345043416,37.190548,37.27584270555146,17.616666793823242
6,19.70000011701973,37.020405,37.08041448009258,17.616666793823242
6,19.7166667836053,36.850258,36.88916206359864,17.616666793823242
6,19.733333450190877,36.680115,36.69754917767583,17.616666793823242
6,19.750000116776448,36.509968,36.51122027027364,17.616666793823242
6,19.76666678336202,36.339825,36.329348603073434,17.616666793823242
6,19.78333344994759,36.16968,36.15111670202139,17.616666793823242
6,19.800000116533162,35.999535,35.97155444476069,17.616666793823242
6,19.816666783118734,35.82939,35.797917502267026,17.616666793823242
6,19.833333449704305,35.659245,35.62790829794748,17.616666793823242
6,19.850000116289877,35.4891,35.45767359830895,17.616666793823242
6,19.86666678287545,35.318954,35.29342867403614,17.616666793823242
6,19.883333449461023,35.14881,35.13133481084084,17.616666793823242
6,19.900000116046595,34.978664,34.9695556796327,17.616666793823242
6,19.916666782632166,34.80852,34.81365678748306,17.616666793823242
6,19.933333449217738,34.64886,34.660176880505624,17.616666793823242
6,19.95000011580331,34.51374,34.51030567714147,17.616666793823242
6,19.96666678238888,34.378616,34.3600800377982,17.616666793823242
6,19.983333448974452,34.243496,34.214550641118265,17.616666793823242
6,20.000000115560027,34.10837,34.071434799505745,17.616666793823242
6,20.0166667821456,33.973248,33.92892315922951,17.616666793823242
6,20.03333344873117,33.838127,33.79141274277045,17.616666793823242
6,20.05000011531674,33.703003,33.656473198715524,17.616666793823242
6,20.066666781902313,33.56788,33.52290153503418,17.616666793823242
6,20.083333448487885,33.43276,33.39073858455736,17.616666793823242
6,20.100000115073456,33.297634,33.261190161413076,17.616666793823242
6,20.116666781659028,33.162514,33.13473432891224,17.616666793823242
6,20.1333334482446,33.02739,33.0093232174309,17.616666793823242
6,20.15000011483017,32.892265,32.886774413439696,17.616666793823242
6,20.166666781415746,32.757145,32.76691041673933,17.616666793823242
6,20.183333448001317,32.62937,32.647872924804695,17.616666793823242
6,20.20000011458689,32.52746,32.52999105258864,17.616666793823242
6,20.21666678117246,32.42554,32.41481454031808,17.616666793823242
6,20.23333344775803,32.323624,32.3010311126709,17.616666793823242
6,20.250000114343603,32.22171,32.188826697213315,17.616666793823242
6,20.266666780929175,32.119793,32.079383460842834,17.616666793823242
6,20.28333344751475,32.017876,31.97001515602579,17.616666793823242
6,20.30000011410032,31.91596,31.86161545344762,17.616666793823242
6,20.316666780685892,31.814043,31.756639714143716,17.616666793823242
6,20.333333447271464,31.712128,31.65311686846675,17.616666793823242
6,20.350000113857035,31.61021,31.55031064091897,17.616666793823242
6,20.366666780442607,31.508295,31.448963651851734,17.616666793823242
6,20.38333344702818,31.406378,31.349649117917433,17.616666793823242
6,20.40000011361375,31.304462,31.250209555333974,17.616666793823242
6,20.41666678019932,31.202547,31.152028764997212,17.616666793823242
6,20.433333446784896,31.10063,31.056294655313298,17.616666793823242
6,20.450000113370468,30.998714,30.96259486918547,17.616666793823242
6,20.46666677995604,30.896797,30.867769708438797,17.616666793823242
6,20.48333344654161,30.794882,30.774115971156533,17.616666793823242
6,20.500000113127182,30.692965,30.683221855942087,17.616666793823242
6,20.516666779712754,30.606325,30.591434595536214,17.616666793823242
6,20.533333446298325,30.525585,30.50021539415632,17.616666793823242
6,20.5500001128839,30.444847,30.412203963921996,17.616666793823242
6,20.56666677946947,30.364107,30.325203934494333,17.616666793823242
6,20.583333446055043,30.283367,30.236966269356866,17.616666793823242
6,20.600000112640615,30.202627,30.15018178978745,17.616666793823242
6,20.616666779226186,30.121887,30.065260517353916,17.616666793823242
6,20.633333445811758,30.041147,29.97968512165303,17.616666793823242
6,20.65000011239733,29.96041,29.895823342459543,17.616666793823242
6,20.6666667789829,29.87967,29.81294781821115,17.616666793823242
6,20.683333445568472,29.79893,29.729515932044205,17.616666793823242
6,20.700000112154047,29.71819,29.64705885673056,17.616666793823242
6,20.71666677873962,29.63745,29.56641633169992,17.616666793823242
6,20.73333344532519,29.55671,29.487844389312123,17.616666793823242
6,20.75000011191076,29.475971,29.405574409329162,17.616666793823242
6,20.766666778496333,29.395231,29.326755251203263,17.616666793823242
6,20.783333445081905,29.314491,29.249015340999684,17.616666793823242
6,20.800000111667476,29.233751,29.169557746575805,17.616666793823242
6,20.81666677825305,29.153011,29.091592049112126,17.616666793823242
6,20.833333444838622,29.07612,29.015454778865895,17.616666793823242
6,20.850000111424194,29.012758,28.93986986121353,17.616666793823242
6,20.866666778009765,28.949398,28.8631114570462,17.616666793823242
6,20.883333444595337,28.886038,28.787391662597656,17.616666793823242
7,0.0,20.0,19.991130828857422,10.483332872390747
7,0.016666665933848565,20.0,20.076436417280963,10.483332872390747
7,0.03333333186769713,20.0,20.161742005704507,10.483332872390747
7,0.049999997801545695,20.0,20.24704759412805,10.483332872390747
7,0.06666666373539426,20.0,20.26743642324863,10.483332872390747
7,0.08333332966924283,20.0,20.27538611286206,10.483332872390747
7,0.09999999560309139,20.0,20.283335802475484,10.483332872390747
7,0.11666666153693996,20.0,20.23494999435255,10.483332872390747
7,0.13333332747078852,20.000002,20.159856987302746,10.483332872390747
7,0.1499999934046371,20.000002,20.084763980252944,10.483332872390747
7,0.16666665933848565,20.000004,20.016858360157105,10.483332872390747
7,0.1833333252723342,20.00001,19.95565166382418,10.483332872390747
7,0.19999999120618278,20.000013,19.89444496749126,10.483332872390747
7,0.21666665714003136,20.000017,19.84738500015914,10.483332872390747
7,0.2333333230738799,20.00003,19.825828994969307,10.483332872390747
7,0.24999998900772846,20.00005,19.804272989779474,10.483332872390747
7,0.26666665494157704,20.000067,19.78847963972956,10.483332872390747
7,0.2833333208754256,20.000086,19.796327951792126,10.483332872390747
7,0.2999999868092742,20.00013,19.80417626385469,10.483332872390747
7,0.3166666527431227,20.000183,19.81242868517465,10.483332872390747
7,0.3333333186769713,20.000235,19.831765246125965,10.483332872390747
7,0.3499999846108199,20.000288,19.851101807077285,10.483332872390747
7,0.3666666505446684,20.0004,19.8704383680286,10.483332872390747
7,0.383333316478517,20.00052,19.889977538528807,10.483332872390747
7,0.39999998241236556,20.00064,19.90954581959638,10.483332872390747
7,0.41666664834621414,20.000767,19.929114100663956,10.483332872390747
7,0.4333333142800627,20.000998,19.945986003299584,10.483332872390747
7,0.44999998021391124,20.00123,19.96177555684634,10.483332872390747
7,0.4666666461477598,20.001461,19.977565110393094,10.483332872390747
7,0.4833333120816084,20.001726,19.990576120931507,10.483332872390747
7,0.4999999780154569,20.00212,20.001339037581353,10.483332872390747
7,0.5166666439493055,20.002514,20.012101954231202,10.483332872390747
7,0.5333333098831541,20.002909,20.02137004324666,10.483332872390747
7,0.5499999758170027,20.003338,20.028319232983126,10.483332872390747
7,0.5666666417508512,20.00386,20.035268422719593,10.483332872390747
7,0.5833333076846998,20.004427,20.042137546266396,10.483332872390747
7,0.5999999736185484,20.005041,20.048740362704084,10.483332872390747
7,0.6166666395523969,20.005701,20.055343179141772,10.483332872390747
7,0.6333333054862454,20.006407,20.061977495639237,10.483332872390747
7,0.649999971420094,20.007158,20.069028062926566,10.483332872390747
7,0.6666666373539426,20.007954,20.076078630213896,10.483332872390747
7,0.6833333032877912,20.008812,20.083129197501226,10.483332872390747
7,0.6999999692216398,20.009726,20.091358706378784,10.483332872390747
7,0.7166666351554883,20.010717,20.09970545806642,10.483332872390747
7,0.7333333010893368,20.011793,20.10805220975406,10.483332872390747
7,0.7499999670231854,20.012949,20.11710741561623,10.483332872390747
7,0.766666632957034,20.014183,20.126400357778575,10.483332872390747
7,0.7833332988908825,20.015501,20.135693299940925,10.483332872390747
7,0.7999999648247311,20.016901,20.144896126703163,10.483332872390747
7,0.8166666307585797,20.018383,20.154035795663614,10.483332872390747
7,0.8333332966924283,20.019945,20.16317546462406,10.483332872390747
7,0.8499999626262769,20.021595,20.17099545453046,10.483332872390747
7,0.8666666285601254,20.023336,20.17704552194083,10.483332872390747
7,0.8833332944939739,20.025171,20.1830955893512,10.483332872390747
7,0.8999999604278225,20.0271,20.18825947650855,10.483332872390747
7,0.9166666263616711,20.029173,20.190982187874557,10.483332872390747
7,0.9333332922955196,20.031412,20.193704899240565,10.483332872390747
7,0.9499999582293682,20.033733,20.19592237851578,10.483332872390747
7,0.9666666241632168,20.036201,20.19385741435477,10.483332872390747
7,0.9833332900970654,20.03885,20.19179245019376,10.483332872390747
7,0.9999999560309139,20.041729,20.18972748603275,10.483332872390747
7,1.0166666219647624,20.044624,20.183590996625504,10.483332872390747
7,1.033333287898611,20.047771,20.177216279677253,10.483332872390747
7,1.0499999538324596,20.051195,20.170841562729002,10.483332872390747
7,1.0666666197663082,20.055202,20.16417828728171,10.483332872390747
7,1.0833332857001567,20.060282,20.157435473273782,10.483332872390747
7,1.0999999516340053,20.06536,20.150692659265854,10.483332872390747
7,1.116666617567854,20.073006,20.145981059354895,10.483332872390747
7,1.1333332835017025,20.080784,20.142498016357422,10.483332872390747
7,1.149999949435551,20.089197,20.13901497335995,10.483332872390747
7,1.1666666153693996,20.099718,20.139675843886238,10.483332872390747
7,1.1833332813032482,20.11256,20.14515626601081,10.483332872390747
7,1.1999999472370968,20.13195,20.150636688135386,10.483332872390747
7,1.2166666131709452,20.15327,20.161188534977704,10.483332872390747
7,1.2333332791047937,20.175606,20.18348918241613,10.483332872390747
7,1.2499999450386423,20.204145,20.205789829854556,10.483332872390747
7,1.266666610972491,20.245289,20.231770295596462,10.483332872390747
7,1.2833332769063395,20.290747,20.28022393740607,10.483332872390747
7,1.299999942840188,20.34582,20.328677579215675,10.483332872390747
7,1.3166666087740366,20.413597,20.37713122102528,10.483332872390747
7,1.3333332747078852,20.485058,20.46106691466606,10.483332872390747
7,1.3499999406417338,20.581879,20.545730445267477,10.483332872390747
7,1.3666666065755824,20.6787,20.63039397586889,10.483332872390747
7,1.383333272509431,20.812586,20.753914297858937,10.483332872390747
7,1.3999999384432795,20.954454,20.886016487885733,10.483332872390747
7,1.416666604377128,21.097013,21.018118677912533,10.483332872390747
7,1.4333332703109767,21.260464,21.188720375631117,10.483332872390747
7,1.4499999362448253,21.440622,21.37930655062483,10.483332872390747
7,1.4666666021786736,21.649263,21.56989272561854,10.483332872390747
7,1.4833332681125222,21.8773,21.795328834667114,10.483332872390747
7,1.4999999340463708,22.126884,22.055966897306458,10.483332872390747
7,1.5166665999802194,22.408524,22.3166049599458,10.483332872390747
7,1.533333265914068,22.719698,22.604860393724305,10.483332872390747
7,1.5499999318479165,23.054008,22.947526170642654,10.483332872390747
7,1.566666597781765,23.421988,23.290191947561002,10.483332872390747
7,1.5833332637156137,23.812107,23.649659949759045,10.483332872390747
7,1.5999999296494622,24.240133,24.087858378981938,10.483332872390747
7,1.6166665955833108,24.688953,24.526056808204835,10.483332872390747
7,1.6333332615171594,25.179613,24.965932206243327,10.483332872390747
7,1.649999927451008,25.689224,25.515369566900745,10.483332872390747
7,1.6666665933848566,26.243906,26.064806927558163,10.483332872390747
7,1.6833332593187051,26.815193,26.61424428821558,10.483332872390747
7,1.6999999252525537,27.434591,27.272803641654352,10.483332872390747
7,1.7166665911864023,28.068092,27.949977923273476,10.483332872390747
7,1.7333332571202509,28.719713,28.6271522048926,10.483332872390747
7,1.7499999230540992,29.401794,29.378113478280017,10.483332872390747
7,1.7666665889879478,30.129435,30.161690740782426,10.483332872390747
7,1.7833332549217964,30.893871,30.94526800328483,10.483332872390747
7,1.799999920855645,31.6713,31.766941695220893,10.483332872390747
7,1.8166665867894936,32.48149,32.62203961298083,10.483332872390747
7,1.8333332527233421,33.33069,33.477137530740755,10.483332872390747
7,1.8499999186571907,34.208954,34.357890858369714,10.483332872390747
7,1.8666665845910393,35.115417,35.28198102699364,10.483332872390747
7,1.8833332505248879,36.038937,36.206071195617575,10.483332872390747
7,1.8999999164587364,36.983112,37.142434161114956,10.483332872390747
7,1.916666582392585,37.95301,38.12467401016308,10.483332872390747
7,1.9333332483264336,38.944214,39.10691385921121,10.483332872390747
7,1.9499999142602822,39.950153,40.09139746588631,10.483332872390747
7,1.9666665801941308,40.97151,41.1182880917111,10.483332872390747
7,1.9833332461279793,42.009384,42.1451787175359,10.483332872390747
7,1.9999999120618277,43.061752,43.17206934336068,10.483332872390747
7,2.0166665779956765,44.127956,44.227230405580066,10.483332872390747
7,2.033333243929525,45.205803,45.28590530735129,10.483332872390747
7,2.0499999098633737,46.293682,46.344580209122554,10.483332872390747
7,2.066666575797222,47.38619,47.417260144207916,10.483332872390747
7,2.083333241731071,48.484665,48.49515574687236,10.483332872390747
7,2.099999907664919,49.585583,49.573051349536776,10.483332872390747
7,2.116666573598768,50.688686,50.655319238126,10.483332872390747
7,2.1333332395326163,51.793278,51.740914707153514,10.483332872390747
7,2.1499999054664647,52.898552,52.82651017618103,10.483332872390747
7,2.1666665714003135,54.001907,53.91117867377302,10.483332872390747
7,2.183333237334162,55.102055,54.994496768532954,10.483332872390747
7,2.1999999032680106,56.19847,56.077814863292915,10.483332872390747
7,2.216666569201859,57.288406,57.15834252822949,10.483332872390747
7,2.233333235135708,58.369164,58.230328061053804,10.483332872390747
7,2.249999901069556,59.449135,59.30231359387809,10.483332872390747
7,2.266666567003405,60.521652,60.37267715866503,10.483332872390747
7,2.2833332329372533,61.586704,61.42567612446359,10.483332872390747
7,2.299999898871102,62.646904,62.478675090262186,10.483332872390747
7,2.3166665648049505,63.69857,63.531674056060744,10.483332872390747
7,2.3333332307387993,64.74328,64.56243303356567,10.483332872390747
7,2.3499998966726476,65.778435,65.59137896854662,10.483332872390747
7,2.3666665626064964,66.804375,66.6203249035276,10.483332872390747
7,2.383333228540345,67.82071,67.62715786932384,10.483332872390747
7,2.3999998944741936,68.82468,68.62715327228008,10.483332872390747
7,2.416666560408042,69.81399,69.6271486752363,10.483332872390747
7,2.4333332263418903,70.79455,70.60760069878945,10.483332872390747
7,2.449999892275739,71.75867,71.57518666423562,10.483332872390747
7,2.4666665582095875,72.70958,72.54277262968175,10.483332872390747
7,2.4833332241434363,73.63512,73.4951942213389,10.483332872390747
7,2.4999998900772846,74.560646,74.42848802333037,10.483332872390747
7,2.5166665560111334,75.485954,75.36178182532186,10.483332872390747
7,2.533333221944982,76.40259,76.28485568339191,10.483332872390747
7,2.5499998878788306,77.30911,77.1818321846627,10.483332872390747
7,2.566666553812679,78.2029,78.07880868593345,10.483332872390747
7,2.5833332197465277,79.0835,78.9713790117273,10.483332872390747
7,2.599999885680376,79.95261,79.83182097466837,10.483332872390747
7,2.616666551614225,80.81056,80.69226293760947,10.483332872390747
7,2.6333332175480733,81.6533,81.55270490055054,10.483332872390747
7,2.649999883481922,82.48547,82.37685087413213,10.483332872390747
7,2.6666665494157704,83.30167,83.19947659685047,10.483332872390747
7,2.6833332153496188,84.09965,84.02210231956882,10.483332872390747
7,2.6999998812834676,84.8954,84.81448605632933,10.483332872390747
7,2.716666547217316,85.66762,85.59926174630799,10.483332872390747
7,2.7333332131511647,86.439835,86.38403743628668,10.483332872390747
7,2.749999879085013,87.17283,87.14545860351173,10.483332872390747
7,2.766666545018862,87.89607,87.89363941138045,10.483332872390747
7,2.7833332109527102,88.61931,88.64182021924914,10.483332872390747
7,2.799999876886559,89.342545,89.37241011772701,10.483332872390747
7,2.8166665428204074,90.05515,90.08374259960858,10.483332872390747
7,2.833333208754256,90.73201,90.79507508149018,10.483332872390747
7,2.8499998746881046,91.40886,91.49523641953218,10.483332872390747
7,2.8666665406219534,92.08572,92.17128227246016,10.483332872390747
7,2.8833332065558017,92.762566,92.84732812538813,10.483332872390747
7,2.8999998724896505,93.4052,93.51811282547555,10.483332872390747
7,2.916666538423499,94.030014,94.16038547145922,10.483332872390747
7,2.9333332043573472,94.65482,94.80265811744289,10.483332872390747
7,2.949999870291196,95.27964,95.44493076342658,10.483332872390747
7,2.9666665362250444,95.90446,96.05433961659054,10.483332872390747
7,2.983333202158893,96.52091,96.6635824910029,10.483332872390747
7,2.9999998680927416,97.097115,97.27282536541526,10.483332872390747
7,3.0166665340265904,97.67332,97.85623729323736,10.483332872390747
7,3.0333331999604387,98.24952,98.43451415336379,10.483332872390747
7,3.0499998658942875,98.82572,99.01279101349023,10.483332872390747
7,3.066666531828136,99.401924,99.57112495167647,10.483332872390747
7,3.0833331977619847,99.950806,100.11978508444395,10.483332872390747
7,3.099999863695833,100.48718,100.66844521721141,10.483332872390747
7,3.116666529629682,101.02356,101.20284663019955,10.483332872390747
7,3.13333319556353,101.55994,101.72368828026025,10.483332872390747
7,3.149999861497379,102.09632,102.24452993032095,10.483332872390747
7,3.1666665274312273,102.59845,102.75648363898783,10.483332872390747
7,3.183333193365076,103.09734,103.25205814137179,10.483332872390747
7,3.1999998592989245,103.59623,103.74763264375575,10.483332872390747
7,3.216666525232773,104.09512,104.23851085960013,10.483332872390747
7,3.2333331911666217,104.58905,104.70949165089522,10.483332872390747
7,3.24999985710047,105.05268,105.1804724421903,10.483332872390747
7,3.266666523034319,105.51632,105.65076171195754,10.483332872390747
7,3.283333188968167,105.97995,106.0988070392457,10.483332872390747
7,3.299999854902016,106.44359,106.54685236653387,10.483332872390747
7,3.3166665208358643,106.90415,106.99489769382204,10.483332872390747
7,3.333333186769713,107.35821,107.42515919356354,10.483332872390747
7,3.3499998527035615,107.8064,107.85274797933849,10.483332872390747
7,3.3666665186374103,108.24657,108.28033676511343,10.483332872390747
7,3.3833331845712586,108.67839,108.69409650308339,10.483332872390747
7,3.3999998505051074,109.10318,109.1021676965662,10.483332872390747
7,3.416666516438956,109.521484,109.510238890049,10.483332872390747
7,3.4333331823728046,109.933365,109.90840090704647,10.483332872390747
7,3.449999848306653,110.3389,110.29838103520282,10.483332872390747
7,3.4666665142405018,110.73713,110.68836116335919,10.483332872390747
7,3.48333318017435,111.12273,111.0718437037142,10.483332872390747
7,3.4999998461081985,111.5056,111.44503136469564,10.483332872390747
7,3.5166665120420473,111.88215,111.81821902567707,10.483332872390747
7,3.5333331779758956,112.25054,112.18784519068197,10.483332872390747
7,3.5499998439097444,112.618225,112.54528312501165,10.483332872390747
7,3.566666509843593,112.9726,112.9027210593413,10.483332872390747
7,3.5833331757774416,113.32698,113.2591446238216,10.483332872390747
7,3.59999984171129,113.67245,113.6010548966109,10.483332872390747
7,3.6166665076451388,114.01341,113.94296516940021,10.483332872390747
7,3.633333173578987,114.35076,114.28487544218952,10.483332872390747
7,3.649999839512836,114.678696,114.61357024515756,10.483332872390747
7,3.6666665054466843,115.00663,114.94087008186668,10.483332872390747
7,3.683333171380533,115.32565,115.26816991857581,10.483332872390747
7,3.6999998373143814,115.643585,115.58446906594669,10.483332872390747
7,3.7166665032482302,115.948296,115.89697743523482,10.483332872390747
7,3.7333331691820786,116.24007,116.20948580452293,10.483332872390747
7,3.749999835115927,116.53183,116.51393481619975,10.483332872390747
7,3.7666665010497757,116.82359,116.81261721855127,10.483332872390747
7,3.783333166983624,117.115364,117.11129962090278,10.483332872390747
7,3.799999832917473,117.40309,117.40404608746212,10.483332872390747
7,3.8166664988513213,117.68338,117.68866597525835,10.483332872390747
7,3.83333316478517,117.958595,117.97328586305458,10.483332872390747
7,3.8499998307190184,118.23217,118.25389999122801,10.483332872390747
7,3.866666496652867,118.49674,118.52319014508319,10.483332872390747
7,3.8833331625867156,118.76131,118.79248029893836,10.483332872390747
7,3.8999998285205644,119.01801,119.06035301075073,10.483332872390747
7,3.9166664944544127,119.27234,119.31553961628003,10.483332872390747
7,3.9333331603882615,119.52295,119.57072622180934,10.483332872390747
7,3.94999982632211,119.767525,119.82591282733863,10.483332872390747
7,3.9666664922559587,120.01211,120.06688917005384,10.483332872390747
7,3.983333158189807,120.247284,120.30695362424623,10.483332872390747
7,3.9999998241236554,120.48241,120.54701807843861,10.483332872390747
7,4.016666490057504,120.71314,120.77568750426954,10.483332872390747
7,4.033333155991353,120.94104,121.00112221237207,10.483332872390747
7,4.049999821925201,121.16477,121.2265569204746,10.483332872390747
7,4.06666648785905,121.37386,121.4432594408481,10.483332872390747
7,4.083333153792898,121.582954,121.65456646311263,10.483332872390747
7,4.099999819726747,121.79204,121.86587348537718,10.483332872390747
7,4.116666485660596,122.00113,122.07097728832348,10.483332872390747
7,4.133333151594444,122.20332,122.2687190287822,10.483332872390747
7,4.149999817528292,122.39703,122.46646076924091,10.483332872390747
7,4.166666483462142,122.590744,122.66034380695969,10.483332872390747
7,4.18333314939599,122.784454,122.84507060088869,10.483332872390747
7,4.199999815329838,122.978165,123.02979739481769,10.483332872390747
7,4.216666481263687,123.16225,123.2128408701886,10.483332872390747
7,4.233333147197536,123.341705,123.38516098289308,10.483332872390747
7,4.249999813131384,123.52117,123.55748109559755,10.483332872390747
7,4.266666479065233,123.70063,123.72980120830202,10.483332872390747
7,4.283333144999081,123.8801,123.89194885156871,10.483332872390747
7,4.299999810932929,124.03742,124.05383431778803,10.483332872390747
7,4.316666476866779,124.192375,124.21571978400736,10.483332872390747
7,4.333333142800627,124.347336,124.36901050076386,10.483332872390747
7,4.349999808734475,124.5023,124.52033821918627,10.483332872390747
7,4.366666474668324,124.65725,124.67166593760868,10.483332872390747
7,4.383333140602173,124.81221,124.81737859146773,10.483332872390747
7,4.399999806536021,124.96717,124.96011094182778,10.483332872390747
7,4.41666647246987,125.12212,125.10284329218781,10.483332872390747
7,4.433333138403718,125.277084,125.24191569220659,10.483332872390747
7,4.449999804337567,125.42452,125.37721610258798,10.483332872390747
7,4.466666470271416,125.558495,125.51251651296934,10.483332872390747
7,4.483333136205264,125.69247,125.6456314475055,10.483332872390747
7,4.499999802139112,125.82644,125.77434231708084,10.483332872390747
7,4.516666468072962,125.96041,125.90305318665618,10.483332872390747
7,4.53333313400681,126.09438,126.03077058534365,10.483332872390747
7,4.549999799940658,126.228355,126.1536667282517,10.483332872390747
7,4.566666465874507,126.36233,126.27656287115973,10.483332872390747
7,4.583333131808355,126.4963,126.39941042367907,10.483332872390747
7,4.599999797742204,126.63027,126.51747182291149,10.483332872390747
7,4.616666463676053,126.74969,126.6355332221439,10.483332872390747
7,4.633333129609901,126.86575,126.75359462137632,10.483332872390747
7,4.649999795543749,126.98182,126.8684295266156,10.483332872390747
7,4.666666461477599,127.09789,126.98269168144189,10.483332872390747
7,4.683333127411447,127.21396,127.0969538362682,10.483332872390747
7,4.699999793345295,127.330025,127.2086469592654,10.483332872390747
7,4.716666459279144,127.44609,127.31917745471948,10.483332872390747
7,4.733333125212993,127.562164,127.42970795017358,10.483332872390747
7,4.749999791146841,127.67823,127.53862735766485,10.483332872390747
7,4.76666645708069,127.79021,127.64610445783703,10.483332872390747
7,4.783333123014538,127.890976,127.7535815580092,10.483332872390747
7,4.799999788948387,127.99175,127.8602298803284,10.483332872390747
7,4.8166664548822355,128.09253,127.96544770936708,10.483332872390747
7,4.833333120816084,128.1933,128.07066553840576,10.483332872390747
7,4.849999786749932,128.29407,128.17506728907648,10.483332872390747
7,4.866666452683781,128.39485,128.2763241523779,10.483332872390747
7,4.88333311861763,128.49562,128.37758101567934,10.483332872390747
7,4.899999784551478,128.59639,128.47875731548558,10.483332872390747
7,4.916666450485327,128.69717,128.5782328303933,10.483332872390747
7,4.933333116419175,128.78851,128.677708345301,10.483332872390747
7,4.949999782353024,128.87622,128.77718386020874,10.483332872390747
7,4.9666664482868725,128.96394,128.87363226425097,10.483332872390747
7,4.983333114220721,129.05167,128.96968507994148,10.483332872390747
7,4.999999780154569,129.13937,129.06573789563203,10.483332872390747
7,5.0166664460884185,129.2271,129.15929651791038,10.483332872390747
7,5.033333112022267,129.3148,129.2519024968716,10.483332872390747
7,5.049999777956115,129.40253,129.34450847583278,10.483332872390747
7,5.066666443889964,129.49025,129.4351419227491,10.483332872390747
7,5.083333109823812,129.57597,129.52424313495194,10.483332872390747
7,5.099999775757661,129.65251,129.61334434715477,10.483332872390747
7,5.1166664416915095,129.72905,129.70079401983554,10.483332872390747
7,5.133333107625358,129.80559,129.78578702747728,10.483332872390747
7,5.149999773559206,129.88213,129.870780035119,10.483332872390747
7,5.1666664394930555,129.95866,129.95491602765736,10.483332872390747
7,5.183333105426904,130.03519,130.0363559935165,10.483332872390747
7,5.199999771360752,130.11172,130.11779595937563,10.483332872390747
7,5.2166664372946006,130.18826,130.1988256603053,10.483332872390747
7,5.23333310322845,130.2648,130.27516295610437,10.483332872390747
7,5.249999769162298,130.3353,130.35150025190345,10.483332872390747
7,5.2666664350961465,130.4023,130.42783754770252,10.483332872390747
7,5.283333101029995,130.46928,130.5005123702445,10.483332872390747
7,5.299999766963844,130.53627,130.5728669765454,10.483332872390747
7,5.3166664328976925,130.60327,130.64522158284635,10.483332872390747
7,5.333333098831541,130.67026,130.71496807638147,10.483332872390747
7,5.349999764765389,130.73724,130.78388550095792,10.483332872390747
7,5.3666664306992375,130.80424,130.85280292553438,10.483332872390747
7,5.383333096633087,130.87123,130.9186170423353,10.483332872390747
7,5.399999762566935,130.93752,130.98234490180812,10.483332872390747
7,5.4166664285007835,130.99632,131.04607276128093,10.483332872390747
7,5.433333094434632,131.05513,131.1078694984909,10.483332872390747
7,5.449999760368481,131.11394,131.1671801932476,10.483332872390747
7,5.4666664263023295,131.17274,131.22649088800426,10.483332872390747
7,5.483333092236178,131.23155,131.28512379171738,10.483332872390747
7,5.499999758170026,131.29036,131.3419821152437,10.483332872390747
7,5.516666424103875,131.34917,131.39884043877,10.483332872390747
7,5.533333090037724,131.40797,131.4551653596669,10.483332872390747
7,5.549999755971572,131.46678,131.50740859087776,10.483332872390747
7,5.5666664219054205,131.52411,131.55965182208863,10.483332872390747
7,5.58333308783927,131.57976,131.61189505329952,10.483332872390747
7,5.599999753773118,131.63486,131.66064914042317,10.483332872390747
7,5.6166664197069665,131.6894,131.70923795230058,10.483332872390747
7,5.633333085640815,131.74342,131.75782676417802,10.483332872390747
7,5.649999751574663,131.79689,131.80466011180786,10.483332872390747
7,5.666666417508512,131.84982,131.85103792757602,10.483332872390747
7,5.683333083442361,131.90219,131.89741574334417,10.483332872390747
7,5.699999749376209,131.95404,131.94254951901578,10.483332872390747
7,5.7166664153100575,132.00533,131.9869625412982,10.483332872390747
7,5.733333081243907,132.05608,132.03137556358058,10.483332872390747
7,5.749999747177755,132.10628,132.07462789902436,10.483332872390747
7,5.766666413111603,132.15594,132.11658372257398,10.483332872390747
7,5.783333079045452,132.20505,132.15853954612356,10.483332872390747
7,5.799999744979301,132.25363,132.1997583871426,10.483332872390747
7,5.816666410913149,132.30165,132.23934873450543,10.483332872390747
7,5.833333076846998,132.34914,132.27893908186823,10.483332872390747
7,5.849999742780846,132.39607,132.3184253589527,10.483332872390747
7,5.8666664087146945,132.44247,132.35732537346917,10.483332872390747
7,5.883333074648544,132.48824,132.39622538798565,10.483332872390747
7,5.899999740582392,132.53333,132.4351254025021,10.483332872390747
7,5.91666640651624,132.57784,132.47235755132,10.483332872390747
7,5.933333072450089,132.6218,132.5095727674912,10.483332872390747
7,5.949999738383938,132.66519,132.54678798366237,10.483332872390747
7,5.966666404317786,132.70802,132.58360292953225,10.483332872390747
7,5.983333070251635,132.75029,132.62033539546124,10.483332872390747
7,5.999999736185483,132.79199,132.65706786139023,10.483332872390747
7,6.016666402119332,132.83311,132.69332604340036,10.483332872390747
7,6.033333068053181,132.87369,132.72934886647332,10.483332872390747
7,6.049999733987029,132.9137,132.76537168954627,10.483332872390747
7,6.066666399920877,132.95314,132.8008701827833,10.483332872390747
7,6.083333065854727,132.992,132.83585992033795,10.483332872390747
7,6.099999731788575,133.03032,132.87084965789262,10.483332872390747
7,6.116666397722423,133.06807,132.90587287259973,10.483332872390747
7,6.133333063656272,133.10524,132.94095916020282,10.483332872390747
7,6.14999972959012,133.14186,132.97604544780592,10.483332872390747
7,6.166666395523969,133.17792,133.0111478917739,10.483332872390747
7,6.183333061457818,133.2134,133.04632107442058,10.483332872390747
7,6.199999727391666,133.24872,133.08149425706728,10.483332872390747
7,6.216666393325514,133.28427,133.11664973078547,10.483332872390747
7,6.233333059259364,133.31937,133.15111809807854,10.483332872390747
7,6.249999725193212,133.35402,133.1855864653716,10.483332872390747
7,6.26666639112706,133.38821,133.2200548326647,10.483332872390747
7,6.283333057060909,133.42197,133.25428953913703,10.483332872390747
7,6.299999722994758,133.45526,133.28848756629446,10.483332872390747
7,6.316666388928606,133.48811,133.32268559345192,10.483332872390747
7,6.333333054862455,133.52051,133.35670022403494,10.483332872390747
7,6.349999720796303,133.55246,133.39063756606157,10.483332872390747
7,6.366666386730152,133.58397,133.42457490808823,10.483332872390747
7,6.383333052664001,133.615,133.458640627717,10.483332872390747
7,6.399999718597849,133.64561,133.49281451736232,10.483332872390747
7,6.416666384531697,133.67575,133.52698840700765,10.483332872390747
7,6.433333050465546,133.70546,133.56101480311165,10.483332872390747
7,6.449999716399395,133.73471,133.59480249256322,10.483332872390747
7,6.466666382333243,133.7635,133.6285901820148,10.483332872390747
7,6.483333048267092,133.79185,133.66211102459883,10.483332872390747
7,6.49999971420094,133.81975,133.6946918384449,10.483332872390747
7,6.516666380134789,133.84747,133.72727265229096,10.483332872390747
7,6.533333046068638,133.87556,133.75983629090229,10.483332872390747
7,6.549999712002486,133.9033,133.79213228210546,10.483332872390747
7,6.566666377936334,133.93071,133.82442827330863,10.483332872390747
7,6.583333043870184,133.95778,133.85672426451183,10.483332872390747
7,6.599999709804032,133.98448,133.8884079877068,10.483332872390747
7,6.61666637573788,134.01086,133.92002330106848,10.483332872390747
7,6.633333041671729,134.03688,133.95163861443015,10.483332872390747
7,6.649999707605578,134.06258,133.98252645471328,10.483332872390747
7,6.666666373539426,134.0879,134.01315695758086,10.483332872390747
7,6.683333039473275,134.1129,134.04378746044844,10.483332872390747
7,6.699999705407123,134.13756,134.07371215335135,10.483332872390747
7,6.716666371340971,134.16187,134.10312129810617,10.483332872390747
7,6.733333037274821,134.18582,134.132530442861,10.483332872390747
7,6.749999703208669,134.20944,134.161623471113,10.483332872390747
7,6.766666369142517,134.23271,134.19027469798758,10.483332872390747
7,6.783333035076366,134.25565,134.21892592486213,10.483332872390747
7,6.799999701010215,134.27823,134.24712928565773,10.483332872390747
7,6.816666366944063,134.30048,134.27403295665553,10.483332872390747
7,6.833333032877912,134.32251,134.30093662765333,10.483332872390747
7,6.84999969881176,134.34492,134.32767529025176,10.483332872390747
7,6.866666364745609,134.36707,134.3528507153825,10.483332872390747
7,6.883333030679458,134.38895,134.3780261405132,10.483332872390747
7,6.899999696613306,134.41057,134.40320156564394,10.483332872390747
7,6.916666362547154,134.43193,134.42763700015215,10.483332872390747
7,6.9333330284810035,134.45302,134.45202071488566,10.483332872390747
7,6.949999694414852,134.47386,134.47640442961918,10.483332872390747
7,6.9666663603487,134.49445,134.50011942610263,10.483332872390747
7,6.983333026282549,134.51476,134.5236390179026,10.483332872390747
7,6.999999692216397,134.5348,134.5471586097026,10.483332872390747
7,7.016666358150246,134.55461,134.56920729305105,10.483332872390747
7,7.0333330240840946,134.57414,134.59032761614728,10.483332872390747
7,7.049999690017943,134.59341,134.61144793924353,10.483332872390747
7,7.066666355951791,134.61243,134.63219055272816,10.483332872390747
7,7.0833330218856405,134.63116,134.65247571790542,10.483332872390747
7,7.099999687819489,134.64966,134.67276088308265,10.483332872390747
7,7.116666353753337,134.6679,134.69269429557085,10.483332872390747
7,7.133333019687186,134.68585,134.7117725851426,10.483332872390747
7,7.149999685621035,134.70361,134.73085087471432,10.483332872390747
7,7.166666351554883,134.7217,134.74977022058823,10.483332872390747
7,7.1833330174887315,134.73958,134.76763197954963,10.483332872390747
7,7.19999968342258,134.75725,134.78549373851104,10.483332872390747
7,7.216666349356428,134.77473,134.80335549747244,10.483332872390747
7,7.2333330152902775,134.79202,134.8199016286004,10.483332872390747
7,7.249999681224126,134.80911,134.8364068593812,10.483332872390747
7,7.266666347157974,134.82599,134.85291209016202,10.483332872390747
7,7.283333013091823,134.84268,134.86879241409665,10.483332872390747
7,7.299999679025672,134.85918,134.88452524448996,10.483332872390747
7,7.31666634495952,134.87546,134.90025807488325,10.483332872390747
7,7.3333330108933685,134.89156,134.91530244035826,10.483332872390747
7,7.349999676827217,134.90746,134.92997322021873,10.483332872390747
7,7.366666342761066,134.92314,134.9446440000792,10.483332872390747
7,7.3833330086949145,134.93864,134.9588465122047,10.483332872390747
7,7.399999674628763,134.95395,134.97255661908318,10.483332872390747
7,7.416666340562611,134.96904,134.98626672596166,10.483332872390747
7,7.4333330064964604,134.98395,134.99959366499715,10.483332872390747
7,7.449999672430309,134.99864,135.01213068878707,10.483332872390747
7,7.466666338364157,135.01315,135.024667712577,10.483332872390747
7,7.4833330042980055,135.02792,135.03724236177527,10.483332872390747
7,7.499999670231854,135.04254,135.05000627817904,10.483332872390747
7,7.516666336165703,135.057,135.06277019458278,10.483332872390747
7,7.5333330020995515,135.07132,135.07552523226352,10.483332872390747
7,7.5499996680334,135.08548,135.08652228278083,10.483332872390747
7,7.566666333967248,135.09949,135.09751933329815,10.483332872390747
7,7.583332999901097,135.11334,135.10851638381547,10.483332872390747
7,7.599999665834946,135.12704,135.11981501981072,10.483332872390747
7,7.616666331768794,135.1406,135.13116930550726,10.483332872390747
7,7.6333329977026425,135.154,135.1425235912038,10.483332872390747
7,7.649999663636492,135.16725,135.1533005173142,10.483332872390747
7,7.66666632957034,135.18034,135.1638099900869,10.483332872390747
7,7.6833329955041885,135.19328,135.1743194628596,10.483332872390747
7,7.699999661438037,135.20607,135.1845110482366,10.483332872390747
7,7.716666327371886,135.21872,135.19441225570412,10.483332872390747
7,7.733332993305734,135.2312,135.20431346317164,10.483332872390747
7,7.749999659239583,135.24353,135.2141710047881,10.483332872390747
7,7.766666325173431,135.2557,135.22395152469508,10.483332872390747
7,7.7833329911072795,135.26775,135.23373204460205,10.483332872390747
7,7.799999657041129,135.27992,135.24335536744522,10.483332872390747
7,7.816666322974977,135.29202,135.25235383195982,10.483332872390747
7,7.8333329889088255,135.30399,135.26135229647443,10.483332872390747
7,7.849999654842674,135.31584,135.27036395777958,10.483332872390747
7,7.866666320776523,135.32759,135.2796906924589,10.483332872390747
7,7.883332986710371,135.3392,135.2890174271382,10.483332872390747
7,7.89999965264422,135.35071,135.29834416181748,10.483332872390747
7,7.916666318578068,135.36208,135.30676240420684,10.483332872390747
7,7.933332984511917,135.37334,135.3150560533678,10.483332872390747
7,7.949999650445766,135.38449,135.32334970252882,10.483332872390747
7,7.966666316379614,135.39551,135.33141092806818,10.483332872390747
7,7.9833329823134624,135.40642,135.3393811345669,10.483332872390747
7,7.999999648247311,135.4172,135.3473513410656,10.483332872390747
7,8.01666631418116,135.42787,135.35568775850183,10.483332872390747
7,8.033332980115008,135.43843,135.36431450532996,10.483332872390747
7,8.049999646048857,135.44885,135.37294125215806,10.483332872390747
7,8.066666311982706,135.45917,135.38116937828366,10.483332872390747
7,8.083332977916553,135.46936,135.388792004608,10.483332872390747
7,8.099999643850403,135.47945,135.39641463093236,10.483332872390747
7,8.116666309784252,135.4896,135.40404865889556,10.483332872390747
7,8.1333329757181,135.4997,135.41171956024414,10.483332872390747
7,8.149999641651949,135.50969,135.41939046159268,10.483332872390747
7,8.166666307585796,135.5196,135.427072279404,10.483332872390747
7,8.183332973519645,135.52942,135.43488800582523,10.483332872390747
7,8.199999639453495,135.53914,135.44270373224643,10.483332872390747
7,8.216666305387342,135.54877,135.45051945866766,10.483332872390747
7,8.233332971321191,135.55829,135.45750514577796,10.483332872390747
7,8.24999963725504,135.56773,135.46441330174383,10.483332872390747
7,8.266666303188888,135.57707,135.4713214577097,10.483332872390747
7,8.283332969122737,135.58632,135.478764520351,10.483332872390747
7,8.299999635056585,135.59547,135.48638231917292,10.483332872390747
7,8.316666300990434,135.60452,135.49400011799483,10.483332872390747
7,8.333332966924283,135.6135,135.5011570480177,10.483332872390747
7,8.34999963285813,135.62236,135.50799761894967,10.483332872390747
7,8.36666629879198,135.63113,135.51483818988163,10.483332872390747
7,8.383332964725827,135.6398,135.52198752689816,10.483332872390747
7,8.399999630659677,135.64839,135.5295425681886,10.483332872390747
7,8.416666296593526,135.65688,135.53709760947902,10.483332872390747
7,8.433332962527373,135.6655,135.54442602500248,10.483332872390747
7,8.449999628461223,135.67413,135.5511459083739,10.483332872390747
7,8.466666294395072,135.68271,135.55786579174534,10.483332872390747
7,8.48333296032892,135.69122,135.56459047836037,10.483332872390747
7,8.499999626262769,135.69968,135.5713538092536,10.483332872390747
7,8.516666292196616,135.70807,135.57811714014682,10.483332872390747
7,8.533332958130465,135.71638,135.58488047104004,10.483332872390747
7,8.549999624064315,135.72464,135.5919418213667,10.483332872390747
7,8.566666289998162,135.73283,135.59901893991733,10.483332872390747
7,8.583332955932011,135.74097,135.60609605846798,10.483332872390747
7,8.599999621865859,135.74904,135.61274661017146,10.483332872390747
7,8.616666287799708,135.75705,135.61928304845085,10.483332872390747
7,8.633332953733557,135.76498,135.62581948673025,10.483332872390747
7,8.649999619667405,135.77287,135.6326288365787,10.483332872390747
7,8.666666285601254,135.78069,135.6395997500761,10.483332872390747
7,8.683332951535103,135.78844,135.64657066357344,10.483332872390747
7,8.69999961746895,135.79613,135.65307005865586,10.483332872390747
7,8.7166662834028,135.80376,135.65903202414702,10.483332872390747
7,8.733332949336647,135.81133,135.6649939896382,10.483332872390747
7,8.749999615270497,135.81882,135.67128002852058,10.483332872390747
7,8.766666281204346,135.82625,135.67829921704217,10.483332872390747
7,8.783332947138193,135.83363,135.68531840556378,10.483332872390747
7,8.799999613072043,135.84094,135.69222503322487,10.483332872390747
7,8.81666627900589,135.84819,135.69847182135894,10.483332872390747
7,8.83333294493974,135.85538,135.704718609493,10.483332872390747
7,8.849999610873589,135.86249,135.71096539762706,10.483332872390747
7,8.866666276807436,135.86955,135.71715037432307,10.483332872390747
7,8.883332942741285,135.87654,135.72333440492565,10.483332872390747
7,8.899999608675135,135.88347,135.72951843552823,10.483332872390747
7,8.916666274608982,135.89034,135.7361918147683,10.483332872390747
7,8.933332940542831,135.89714,135.7429696281688,10.483332872390747
7,8.949999606476679,135.90388,135.74974744156927,10.483332872390747
7,8.966666272410528,135.91057,135.75622745386556,10.483332872390747
7,8.983332938344377,135.91718,135.76255630954083,10.483332872390747
7,8.999999604278225,135.92374,135.76888516521606,10.483332872390747
7,9.016666270212074,135.93022,135.77538140665368,10.483332872390747
7,9.033332936145923,135.93665,135.78204335999604,10.483332872390747
7,9.04999960207977,135.94301,135.7887053133384,10.483332872390747
7,9.06666626801362,135.94942,135.7950241501267,10.483332872390747
7,9.083332933947467,135.95587,135.80068198296527,10.483332872390747
7,9.099999599881317,135.96228,135.80633981580385,10.483332872390747
7,9.116666265815166,135.96863,135.81210070005093,10.483332872390747
7,9.133332931749013,135.97493,135.8183281781753,10.483332872390747
7,9.149999597682863,135.98119,135.82455565629968,10.483332872390747
7,9.16666626361671,135.98738,135.83079662232026,10.483332872390747
7,9.18333292955056,135.99352,135.83769512328132,10.483332872390747
7,9.199999595484408,135.9996,135.84459362424235,10.483332872390747
7,9.216666261418256,136.00565,135.85149212520338,10.483332872390747
7,9.233332927352105,136.01163,135.85717518720037,10.483332872390747
7,9.249999593285954,136.01756,135.86265922995176,10.483332872390747
7,9.266666259219802,136.02344,135.86814327270315,10.483332872390747
7,9.283332925153651,136.02927,135.87453100450088,10.483332872390747
7,9.299999591087499,136.03505,135.88130881790136,10.483332872390747
7,9.316666257021348,136.04077,135.88808663130186,10.483332872390747
7,9.333332922955197,136.04645,135.89445432532574,10.483332872390747
7,9.349999588889045,136.05206,135.90046939334354,10.483332872390747
7,9.366666254822894,136.05763,135.90648446136134,10.483332872390747
7,9.383332920756741,136.06314,135.9124231141398,10.483332872390747
7,9.39999958669059,136.0686,135.91823542705592,10.483332872390747
7,9.41666625262444,136.07402,135.924047739972,10.483332872390747
7,9.433332918558287,136.07938,135.92996540888313,10.483332872390747
7,9.449999584492137,136.08469,135.93626529954386,10.483332872390747
7,9.466666250425986,136.08994,135.94256519020456,10.483332872390747
7,9.483332916359833,136.09514,135.9488608113154,10.483332872390747
7,9.499999582293682,136.10028,135.95508346193736,10.483332872390747
7,9.51666624822753,136.10538,135.9613061125593,10.483332872390747
7,9.53333291416138,136.11043,135.96752876318126,10.483332872390747
7,9.549999580095228,136.11542,135.97362187177842,10.483332872390747
7,9.566666246029076,136.12036,135.97969969732773,10.483332872390747
7,9.583332911962925,136.12524,135.98577752287702,10.483332872390747
7,9.599999577896774,136.13008,135.99173138592695,10.483332872390747
7,9.616666243830622,136.13503,135.99764024889146,10.483332872390747
7,9.633332909764471,136.14003,136.003549111856,10.483332872390747
7,9.649999575698319,136.145,136.00968198063643,10.483332872390747
7,9.666666241632168,136.14993,136.01598187129713,10.483332872390747
7,9.683332907566017,136.15483,136.02228176195786,10.483332872390747
7,9.699999573499865,136.1597,136.02829520463564,10.483332872390747
7,9.716666239433714,136.16452,136.03389993494758,10.483332872390747
7,9.733332905367561,136.1693,136.03950466525953,10.483332872390747
7,9.74999957130141,136.17406,136.04529861425937,10.483332872390747
7,9.76666623723526,136.17877,136.05165643494914,10.483332872390747
7,9.783332903169107,136.18344,136.0580142556389,10.483332872390747
7,9.799999569102956,136.18808,136.06433714364783,10.483332872390747
7,9.816666235036806,136.19269,136.07030876414385,10.483332872390747
7,9.833332900970653,136.19725,136.07628038463986,10.483332872390747
7,9.849999566904502,136.20178,136.08225200513587,10.483332872390747
7,9.86666623283835,136.20627,136.0880396225873,10.483332872390747
7,9.8833328987722,136.21072,136.09381331548403,10.483332872390747
7,9.899999564706048,136.21515,136.09958700838075,10.483332872390747
7,9.916666230639896,136.21953,136.10528646933065,10.483332872390747
7,9.933332896573745,136.22388,136.11096361217892,10.483332872390747
7,9.949999562507593,136.2282,136.1166407550272,10.483332872390747
7,9.966666228441442,136.23247,136.1225527231189,10.483332872390747
7,9.983332894375291,136.23671,136.12861606616096,10.483332872390747
7,9.999999560309139,136.2409,136.134679409203,10.483332872390747
7,10.016666226242988,136.24507,136.14094786045092,10.483332872390747
7,10.033332892176837,136.24919,136.14746981622304,10.483332872390747
7,10.049999558110684,136.25328,136.15399177199518,10.483332872390747
7,10.066666224044534,136.25734,136.16032982175793,10.483332872390747
7,10.083332889978381,136.26135,136.16620971970792,10.483332872390747
7,10.09999955591223,136.26534,136.17208961765792,10.483332872390747
7,10.11666622184608,136.26929,136.17797012207808,10.483332872390747
7,10.133332887779927,136.2732,136.18385484753048,10.483332872390747
7,10.149999553713776,136.27705,136.18973957298292,10.483332872390747
7,10.166666219647624,136.28093,136.19562429843532,10.483332872390747
7,10.183332885581473,136.28477,136.20161149308487,10.483332872390747
7,10.199999551515322,136.28859,136.20760242359057,10.483332872390747
7,10.21666621744917,136.29236,136.21359335409628,10.483332872390747
7,10.233332883383019,136.29611,136.21942126542473,10.483332872390747
7,10.249999549316868,136.29982,136.2252094408287,10.483332872390747
7,10.266666215250716,136.3035,136.23099761623268,10.483332872390747
7,10.283332881184565,136.30714,136.23665227116766,10.483332872390747
7,10.299999547118412,136.31078,136.24223286396747,10.483332872390747
7,10.316666213052262,136.3144,136.24781345676732,10.483332872390747
7,10.333332878986111,136.31801,136.25345227070187,10.483332872390747
7,10.349999544919958,136.32158,136.25915355106227,10.483332872390747
7,10.366666210853808,136.32513,136.26485483142264,10.483332872390747
7,10.383332876787657,136.32866,136.27081073221228,10.483332872390747
7,10.399999542721504,136.33217,136.27730372296986,10.483332872390747
7,10.416666208655354,136.33566,136.28379671372747,10.483332872390747
7,10.433332874589201,136.33911,136.2901445397891,10.483332872390747
7,10.44999954052305,136.34254,136.29573478759377,10.483332872390747
7,10.4666662064569,136.34596,136.30132503539846,10.483332872390747
7,10.483332872390747,136.34935,136.30691528320312,10.483332872390747
7,10.499999539310714,136.34937,136.31932827770947,10.483332872390747
7,10.51666620623068,136.35274,136.2653201281787,10.483332872390747
7,10.533332873150647,136.35635,136.30596717135364,10.483332872390747
7,10.549999540070614,136.35751,136.43692855531,10.483332872390747
7,10.56666620699058,136.36577,136.5363950691375,10.483332872390747
7,10.583332873910546,136.37448,136.54002726885426,10.483332872390747
7,10.599999540830513,136.3293,136.3848492139839,10.483332872390747
7,10.61666620775048,136.13954,136.0431982397558,10.483332872390747
7,10.633332874670447,135.75594,135.50066354455225,10.483332872390747
7,10.649999541590413,135.09924,134.73747399318742,10.483332872390747
7,10.66666620851038,134.10637,133.73426837085253,10.483332872390747
7,10.683332875430347,132.92183,132.53308980873382,10.483332872390747
7,10.699999542350312,131.47656,131.13943049822197,10.483332872390747
7,10.71666620927028,129.80875,129.56731849457637,10.483332872390747
7,10.733332876190246,128.02722,127.83393726120907,10.483332872390747
7,10.749999543110214,126.2457,126.01726176349291,10.483332872390747
7,10.766666210030179,124.32318,124.1631893446721,10.483332872390747
7,10.783332876950146,122.36586,122.28306816678598,10.483332872390747
7,10.799999543870113,120.40854,120.38076107435492,10.483332872390747
7,10.81666621079008,118.41395,118.445857925719,10.483332872390747
7,10.833332877710045,116.41707,116.48004831260894,10.483332872390747
7,10.849999544630013,114.422676,114.49975385323938,10.483332872390747
7,10.86666621154998,112.45603,112.51815783740041,10.483332872390747
7,10.883332878469947,110.48938,110.54920260364791,10.483332872390747
7,10.899999545389912,108.55713,108.61648912163845,10.483332872390747
7,10.91666621230988,106.658134,106.71591526958572,10.483332872390747
7,10.933332879229846,104.75914,104.84440485129794,10.483332872390747
7,10.949999546149812,102.94189,103.00062515441165,10.483332872390747
7,10.966666213069779,101.13036,101.18373414909698,10.483332872390747
7,10.983332879989746,99.35422,99.40548377777951,10.483332872390747
7,10.999999546909713,97.640785,97.65897126216814,10.483332872390747
7,11.016666213829678,95.927345,95.94468047609368,10.483332872390747
7,11.033332880749645,94.29342,94.26378011513516,10.483332872390747
7,11.049999547669612,92.68104,92.62130029078024,10.483332872390747
7,11.066666214589578,91.09035,91.02723326056127,10.483332872390747
7,11.083332881509545,89.57985,89.4731787875354,10.483332872390747
7,11.099999548429512,88.06934,87.96073102001175,10.483332872390747
7,11.116666215349479,86.62364,86.49113364048688,10.483332872390747
7,11.133332882269444,85.214554,85.07094732033778,10.483332872390747
7,11.149999549189411,83.81134,83.7031675847878,10.483332872390747
7,11.166666216109379,82.49246,82.3758701461245,10.483332872390747
7,11.183332883029346,81.173584,81.08644353251059,10.483332872390747
7,11.199999549949311,79.89757,79.83217213543288,10.483332872390747
7,11.216666216869278,78.665924,78.61615105739153,10.483332872390747
7,11.233332883789245,77.43428,77.43525224662872,10.483332872390747
7,11.249999550709212,76.344246,76.28325689551366,10.483332872390747
7,11.266666217629178,75.266945,75.15945741569854,10.483332872390747
7,11.283332884549145,74.189644,74.06363681018115,10.483332872390747
7,11.299999551469112,73.112335,73.00552577896423,10.483332872390747
7,11.316666218389077,72.035034,71.97750155384323,10.483332872390747
7,11.333332885309044,71.06438,70.97930023679696,10.483332872390747
7,11.349999552229011,70.12561,70.01098477792931,10.483332872390747
7,11.366666219148978,69.18685,69.07128933606394,10.483332872390747
7,11.383332886068944,68.248085,68.16672716482702,10.483332872390747
7,11.39999955298891,67.309326,67.28623156908499,10.483332872390747
7,11.416666219908878,66.43984,66.42648193845712,10.483332872390747
7,11.433332886828843,65.612465,65.58543177144936,10.483332872390747
7,11.44999955374881,64.78508,64.76177233813769,10.483332872390747
7,11.466666220668777,63.9577,63.95874555367398,10.483332872390747
7,11.483332887588745,63.130318,63.16919927103111,10.483332872390747
7,11.499999554508712,62.385334,62.393989669374264,10.483332872390747
7,11.516666221428677,61.731686,61.633691764922744,10.483332872390747
7,11.533332888348644,61.078033,60.88966179653943,10.483332872390747
7,11.549999555268611,60.424385,60.16476096954954,10.483332872390747
7,11.566666222188577,59.770737,59.45912674983659,10.483332872390747
7,11.583332889108544,59.11709,58.77156641378821,10.483332872390747
7,11.59999955602851,58.46344,58.10148116031967,10.483332872390747
7,11.616666222948478,57.80979,57.45447096501689,10.483332872390747
7,11.633332889868443,57.156143,56.82788897510544,10.483332872390747
7,11.64999955678841,56.502495,56.218014416941614,10.483332872390747
7,11.666666223708377,55.873257,55.62470085782359,10.483332872390747
7,11.683332890628343,55.356148,55.04738572869168,10.483332872390747
7,11.69999955754831,54.839035,54.48609916717408,10.483332872390747
7,11.716666224468277,54.321922,53.93949642409367,10.483332872390747
7,11.733332891388244,53.804813,53.40328091929159,10.483332872390747
7,11.74999955830821,53.2877,52.87587966007066,10.483332872390747
7,11.766666225228176,52.77059,52.35622235788293,10.483332872390747
7,11.783332892148144,52.25348,51.84808662688115,10.483332872390747
7,11.799999559068109,51.736366,51.34773196642143,10.483332872390747
7,11.816666225988076,51.219257,50.85566067030706,10.483332872390747
7,11.833332892908043,50.702145,50.371261931035626,10.483332872390747
7,11.84999955982801,50.271324,49.892922177257766,10.483332872390747
7,11.866666226747977,49.851902,49.42838621709452,10.483332872390747
7,11.883332893667943,49.432484,48.97217116032939,10.483332872390747
7,11.89999956058791,49.01306,48.525553821092586,10.483332872390747
7,11.916666227507877,48.59364,48.089943737622754,10.483332872390747
7,11.933332894427842,48.174217,47.667362273926756,10.483332872390747
7,11.94999956134781,47.754795,47.25722936805026,10.483332872390747
7,11.966666228267776,47.335373,46.858952358899366,10.483332872390747
7,11.983332895187743,46.915955,46.47195867713229,10.483332872390747
7,11.999999562107709,46.496532,46.09579528565426,10.483332872390747
7,12.016666229027676,46.126087,45.731521256891384,10.483332872390747
7,12.033332895947643,45.78998,45.381234978299695,10.483332872390747
7,12.049999562867608,45.453876,45.04072742538148,10.483332872390747
7,12.066666229787575,45.11777,44.70982047761104,10.483332872390747
7,12.083332896707542,44.781666,44.38825570824611,10.483332872390747
7,12.09999956362751,44.44556,44.07636128763754,10.483332872390747
7,12.116666230547475,44.109455,43.77378627883486,10.483332872390747
7,12.133332897467442,43.77335,43.47774972193745,10.483332872390747
7,12.149999564387409,43.437244,43.1876168725975,10.483332872390747
7,12.166666231307376,43.10114,42.90308799591672,10.483332872390747
7,12.183332898227341,42.79386,42.62633107097976,10.483332872390747
7,12.199999565147309,42.556362,42.35344422480975,10.483332872390747
7,12.216666232067276,42.318863,42.085484903647135,10.483332872390747
7,12.233332898987243,42.081364,41.82176989673144,10.483332872390747
7,12.249999565907208,41.843864,41.56076998159705,10.483332872390747
7,12.266666232827175,41.606365,41.303311762106844,10.483332872390747
7,12.283332899747142,41.368866,41.049859780239395,10.483332872390747
7,12.299999566667108,41.131367,40.79867477720953,10.483332872390747
7,12.316666233587075,40.893867,40.54975112975831,10.483332872390747
7,12.333332900507042,40.65637,40.30411493065823,10.483332872390747
7,12.349999567427009,40.41887,40.05960417363748,10.483332872390747
7,12.366666234346974,40.18137,39.81897346526978,10.483332872390747
7,12.383332901266941,39.94387,39.58047204188617,10.483332872390747
7,12.399999568186908,39.70637,39.34341778698196,10.483332872390747
7,12.416666235106874,39.468872,39.10846716284277,10.483332872390747
7,12.43333290202684,39.231373,38.87788237613511,10.483332872390747
7,12.449999568946808,38.993874,38.64861276330226,10.483332872390747
7,12.466666235866775,38.75638,38.42236926926085,10.483332872390747
7,12.483332902786742,38.51888,38.19960236264415,10.483332872390747
7,12.499999569706707,38.28138,37.97781998227792,10.483332872390747
7,12.516666236626675,38.04388,37.759102369209685,10.483332872390747
7,12.53333290354664,37.856014,37.54444073680863,10.483332872390747
7,12.549999570466607,37.689285,37.332283764721396,10.483332872390747
7,12.566666237386574,37.522552,37.12178478772897,10.483332872390747
7,12.583332904306541,37.35582,36.91711749498588,10.483332872390747
7,12.599999571226508,37.189087,36.71497165634338,10.483332872390747
7,12.616666238146474,37.022358,36.514536169895614,10.483332872390747
7,12.63333290506644,36.855625,36.31701851651013,10.483332872390747
7,12.649999571986408,36.688892,36.12385712581801,10.483332872390747
7,12.666666238906373,36.52216,35.93579077245705,10.483332872390747
7,12.68333290582634,36.355427,35.7489756397992,10.483332872390747
7,12.699999572746307,36.188698,35.56584380252428,10.483332872390747
7,12.716666239666274,36.021965,35.386698840623836,10.483332872390747
7,12.73333290658624,35.855232,35.21084445786192,10.483332872390747
7,12.749999573506207,35.6885,35.03981455768722,10.483332872390747
7,12.766666240426174,35.521767,34.870626806737896,10.483332872390747
7,12.78333290734614,35.355038,34.704781262523156,10.483332872390747
7,12.799999574266106,35.188305,34.542547765481046,10.483332872390747
7,12.816666241186073,35.021572,34.38317088396901,10.483332872390747
7,12.83333290810604,34.85484,34.22611710749774,10.483332872390747
7,12.849999575026008,34.688107,34.07393225255716,10.483332872390747
7,12.866666241945973,34.52607,33.92498923677847,10.483332872390747
7,12.88333290886594,34.401833,33.778069363172314,10.483332872390747
7,12.899999575785907,34.27759,33.63253819135081,10.483332872390747
7,12.916666242705872,34.153355,33.49200503284713,10.483332872390747
7,12.93333290962584,34.029114,33.35524261900154,10.483332872390747
7,12.949999576545807,33.904877,33.221500928658415,10.483332872390747
7,12.966666243465774,33.78064,33.08983435763781,10.483332872390747
7,12.983332910385739,33.6564,32.95893221547404,10.483332872390747
7,12.999999577305706,33.53216,32.832311349086076,10.483332872390747
7,13.016666244225673,33.407925,32.70900010492697,10.483332872390747
7,13.033332911145639,33.283684,32.5872277947536,10.483332872390747
7,13.049999578065606,33.159447,32.46598218636684,10.483332872390747
7,13.066666244985573,33.035206,32.34912233998576,10.483332872390747
7,13.08333291190554,32.91097,32.23556564148679,10.483332872390747
7,13.099999578825507,32.78673,32.12339440759909,10.483332872390747
7,13.116666245745472,32.66249,32.01216365616635,10.483332872390747
7,13.13333291266544,32.538254,31.901958723942123,10.483332872390747
7,13.149999579585405,32.414017,31.795330427557353,10.483332872390747
7,13.166666246505372,32.289776,31.6912306827378,10.483332872390747
7,13.183332913425339,32.16554,31.58744764897928,10.483332872390747
7,13.199999580345306,32.0413,31.48467269836669,10.483332872390747
7,13.216666247265273,31.932707,31.384940462758344,10.483332872390747
7,13.233332914185238,31.838583,31.287751323198417,10.483332872390747
7,13.249999581105206,31.744461,31.19177133628572,10.483332872390747
7,13.266666248025173,31.650337,31.096196330401053,10.483332872390747
7,13.283332914945138,31.556215,31.001370494584165,10.483332872390747
7,13.299999581865105,31.462091,30.908714932749472,10.483332872390747
7,13.316666248785072,31.36797,30.81876412805808,10.483332872390747
7,13.33333291570504,31.273846,30.728972902335972,10.483332872390747
7,13.349999582625005,31.179724,30.640371953348716,10.483332872390747
7,13.366666249544972,31.0856,30.553368511427923,10.483332872390747
7,13.383332916464939,30.991478,30.467421071937835,10.483332872390747
7,13.399999583384904,30.897354,30.381323005098746,10.483332872390747
7,13.416666250304871,30.80323,30.29718698448394,10.483332872390747
7,13.433332917224838,30.709108,30.214718594494094,10.483332872390747
7,13.449999584144805,30.614985,30.133529845461904,10.483332872390747
7,13.466666251064773,30.520863,30.0537249652513,10.483332872390747
7,13.483332917984738,30.426739,29.973443962188355,10.483332872390747
7,13.499999584904705,30.332617,29.89424235127362,10.483332872390747
7,13.51666625182467,30.238493,29.816249725828136,10.483332872390747
7,13.533332918744637,30.144371,29.73909870466863,10.483332872390747
7,13.549999585664604,30.050247,29.6612294413654,10.483332872390747
7,13.566666252584572,29.97635,29.58575398418533,10.483332872390747
7,13.583332919504539,29.904009,29.511324042817986,10.483332872390747
7,13.599999586424504,29.831669,29.437876317605557,10.483332872390747
7,13.616666253344471,29.759329,29.36546080995841,10.483332872390747
7,13.633332920264438,29.686987,29.29167146416774,10.483332872390747
7,13.649999587184404,29.614647,29.21946757343186,10.483332872390747
7,13.66666625410437,29.542305,29.148438001533904,10.483332872390747
7,13.683332921024338,29.469965,29.077743758243393,10.483332872390747
7,13.699999587944305,29.397625,29.006234567953772,10.483332872390747
7,13.71666625486427,29.325283,28.935893039779362,10.483332872390747
7,13.733332921784237,29.252943,28.867206132744414,10.483332872390747
7,13.749999588704204,29.180603,28.79907529002642,10.483332872390747
7,13.76666625562417,29.108261,28.730855554223538,10.483332872390747
7,13.783332922544137,29.035921,28.66225003246292,10.483332872390747
7,13.799999589464104,28.96358,28.59600913667109,10.483332872390747
7,13.816666256384071,28.89124,28.529824868616355,10.483332872390747
7,13.833332923304038,28.8189,28.462987785795296,10.483332872390747
7,13.849999590224003,28.746557,28.395858263114533,10.483332872390747
7,13.86666625714397,28.674217,28.33083060823114,10.483332872390747
7,13.883332924063936,28.601875,28.26685450276531,10.483332872390747
7,13.899999590983903,28.534807,28.20149857114511,10.483332872390747
7,13.91666625790387,28.47808,28.136472192893468,10.483332872390747
7,13.933332924823837,28.421356,28.073059826733108,10.483332872390747
7,13.949999591743804,28.36463,28.010109935623717,10.483332872390747
7,13.96666625866377,28.307903,27.948082866896673,10.483332872390747
7,13.983332925583737,28.251179,27.885087123430107,10.483332872390747
7,13.999999592503704,28.194452,27.822132870495558,10.483332872390747
7,14.016666259423669,28.137728,27.760411479083665,10.483332872390747
7,14.033332926343636,28.081001,27.698668324139966,10.483332872390747
7,14.049999593263603,28.024275,27.63635918058722,10.483332872390747
7,14.06666626018357,27.96755,27.57463020537479,10.483332872390747
7,14.083332927103536,27.910824,27.513834128816764,10.483332872390747
7,14.099999594023503,27.8541,27.45400739571013,10.483332872390747
7,14.11666626094347,27.797373,27.39488639679563,10.483332872390747
7,14.133332927863435,27.740648,27.33365707093501,10.483332872390747
7,14.149999594783402,27.683922,27.273456193536404,10.483332872390747
7,14.16666626170337,27.627195,27.214734476401038,10.483332872390747
7,14.183332928623336,27.57047,27.156252370887543,10.483332872390747
7,14.199999595543304,27.513744,27.09575829372938,10.483332872390747
7,14.216666262463269,27.45702,27.03683578065667,10.483332872390747
7,14.233332929383236,27.400293,26.978825405774366,10.483332872390747
7,14.249999596303203,27.353657,26.92131743108134,10.483332872390747
7,14.266666263223168,27.310444,26.864144146679884,10.483332872390747
7,14.283332930143136,27.267231,26.80505080812006,10.483332872390747
7,14.299999597063103,27.224018,26.74740453165366,10.483332872390747
7,14.31666626398307,27.180805,26.690610239705244,10.483332872390747
7,14.333332930903035,27.137592,26.63375644759828,10.483332872390747
7,14.349999597823002,27.09438,26.575418768650984,10.483332872390747
7,14.36666626474297,27.051167,26.518388269432037,10.483332872390747
7,14.383332931662935,27.007954,26.462270425135397,10.483332872390747
7,14.399999598582902,26.96474,26.405724149301232,10.483332872390747
7,14.416666265502869,26.921528,26.348092508506017,10.483332872390747
7,14.433332932422836,26.878315,26.29170254407176,10.483332872390747
7,14.449999599342803,26.835102,26.236275159980195,10.483332872390747
7,14.466666266262768,26.79189,26.181555303444426,10.483332872390747
7,14.483332933182735,26.748676,26.12616170450036,10.483332872390747
7,14.4999996001027,26.705463,26.06910132601917,10.483332872390747
7,14.516666267022668,26.66225,26.014423172787367,10.483332872390747
7,14.533332933942635,26.619038,25.960158785025914,10.483332872390747
7,14.549999600862602,26.575825,25.904504434046043,10.483332872390747
7,14.56666626778257,26.532612,25.84812598969357,10.483332872390747
7,14.583332934702534,26.489399,25.792724351009053,10.483332872390747
7,14.599999601622502,26.446186,25.738905127779898,10.483332872390747
7,14.616666268542467,26.402973,25.685583790934896,10.483332872390747
7,14.633332935462434,26.35976,25.631218990006772,10.483332872390747
7,14.649999602382401,26.316547,25.576160537294186,10.483332872390747
7,14.666666269302368,26.27916,25.52219009399414,10.483332872390747
8,0.0,20.0,19.91134262084961,21.16666603088379
8,0.01666666616605023,20.0,19.995397456612174,21.16666603088379
8,0.03333333233210046,20.0,20.07945229237474,21.16666603088379
8,0.04999999849815069,20.0,20.163507128137304,21.16666603088379
8,0.06666666466420092,20.0,20.24756196389987,21.16666603088379
8,0.08333333083025114,20.0,20.33161679966243,21.16666603088379
8,0.09999999699630138,20.0,20.415671635424996,21.16666603088379
8,0.11666666316235161,20.0,20.440378339271845,21.16666603088379
8,0.13333332932840183,20.000008,20.428414652666707,21.16666603088379
8,0.14999999549445206,20.000029,20.416450966061568,21.16666603088379
8,0.16666666166050229,20.00005,20.404487279456433,21.16666603088379
8,0.1833333278265525,20.00007,20.392523592851294,21.16666603088379
8,0.19999999399260276,20.000092,20.380559906246155,21.16666603088379
8,0.216666660158653,20.000113,20.367619720218688,21.16666603088379
8,0.23333332632470322,20.000134,20.351521493506244,21.16666603088379
8,0.24999999249075344,20.000156,20.3354232667938,21.16666603088379
8,0.26666665865680367,20.000229,20.319325040081356,21.16666603088379
8,0.2833333248228539,20.000332,20.30322681336891,21.16666603088379
8,0.2999999909889041,20.000435,20.287128586656465,21.16666603088379
8,0.31666665715495435,20.000538,20.27103035994402,21.16666603088379
8,0.33333332332100457,20.00064,20.261935406782495,21.16666603088379
8,0.3499999894870548,20.000744,20.254035129697304,21.16666603088379
8,0.366666655653105,20.000847,20.246134852612112,21.16666603088379
8,0.38333332181915525,20.00095,20.23823457552692,21.16666603088379
8,0.39999998798520553,20.00123,20.23033429844173,21.16666603088379
8,0.41666665415125576,20.001518,20.222434021356538,21.16666603088379
8,0.433333320317306,20.001806,20.218764441783033,21.16666603088379
8,0.4499999864833562,20.002092,20.219820641344928,21.16666603088379
8,0.46666665264940643,20.00238,20.22087684090682,21.16666603088379
8,0.48333331881545666,20.002668,20.221933040468713,21.16666603088379
8,0.4999999849815069,20.002956,20.222989240030603,21.16666603088379
8,0.516666651147557,20.003325,20.224045439592498,21.16666603088379
8,0.5333333173136073,20.003902,20.22543333759458,21.16666603088379
8,0.5499999834796576,20.00448,20.2301566476897,21.16666603088379
8,0.5666666496457078,20.005056,20.234879957784816,21.16666603088379
8,0.5833333158117581,20.005634,20.239603267879936,21.16666603088379
8,0.5999999819778082,20.006212,20.244326577975055,21.16666603088379
8,0.6166666481438585,20.00679,20.249049888070175,21.16666603088379
8,0.6333333143099087,20.007368,20.25377319816529,21.16666603088379
8,0.649999980475959,20.008173,20.258675234336554,21.16666603088379
8,0.6666666466420091,20.009129,20.263650789035587,21.16666603088379
8,0.6833333128080594,20.010086,20.26862634373462,21.16666603088379
8,0.6999999789741096,20.011042,20.273601898433654,21.16666603088379
8,0.7166666451401599,20.012,20.27857745313269,21.16666603088379
8,0.73333331130621,20.012955,20.283553007831724,21.16666603088379
8,0.7499999774722603,20.013912,20.28789207879014,21.16666603088379
8,0.7666666436383105,20.01487,20.290919014037126,21.16666603088379
8,0.7833333098043608,20.016214,20.29394594928411,21.16666603088379
8,0.7999999759704111,20.017593,20.296972884531097,21.16666603088379
8,0.8166666421364612,20.018972,20.299999819778083,21.16666603088379
8,0.8333333083025115,20.020353,20.30302675502507,21.16666603088379
8,0.8499999744685617,20.021732,20.306053690272055,21.16666603088379
8,0.866666640634612,20.023111,20.30735774002676,21.16666603088379
8,0.8833333068006621,20.024492,20.3085609826516,21.16666603088379
8,0.8999999729667124,20.02597,20.309764225276435,21.16666603088379
8,0.9166666391327626,20.02777,20.310967467901275,21.16666603088379
8,0.9333333052988129,20.029568,20.312170710526114,21.16666603088379
8,0.949999971464863,20.031366,20.31337395315095,21.16666603088379
8,0.9666666376309133,20.033165,20.31349932452825,21.16666603088379
8,0.9833333037969635,20.034964,20.31278742091862,21.16666603088379
8,0.9999999699630138,20.036762,20.312075517308994,21.16666603088379
8,1.016666636129064,20.03856,20.311363613699363,21.16666603088379
8,1.033333302295114,20.04044,20.310651710089736,21.16666603088379
8,1.0499999684611645,20.042406,20.309939806480106,21.16666603088379
8,1.0666666346272147,20.044405,20.309066892608882,21.16666603088379
8,1.0833333007932648,20.04644,20.30746496005321,21.16666603088379
8,1.0999999669593152,20.04851,20.30586302749754,21.16666603088379
8,1.1166666331253654,20.050611,20.304261094941868,21.16666603088379
8,1.1333332992914156,20.05275,20.302659162386195,21.16666603088379
8,1.1499999654574657,20.05492,20.301057229830523,21.16666603088379
8,1.1666666316235161,20.057152,20.299455297274854,21.16666603088379
8,1.1833332977895663,20.059425,20.29701042175293,21.16666603088379
8,1.1999999639556165,20.061739,20.294353485107422,21.16666603088379
8,1.2166666301216666,20.064095,20.291696548461914,21.16666603088379
8,1.233333296287717,20.06649,20.289039611816406,21.16666603088379
8,1.2499999624537672,20.068928,20.2863826751709,21.16666603088379
8,1.2666666286198174,20.071405,20.28372573852539,21.16666603088379
8,1.2833332947858676,20.073921,20.281136862687237,21.16666603088379
8,1.299999960951918,20.076466,20.278643107977437,21.16666603088379
8,1.3166666271179681,20.07905,20.27614935326764,21.16666603088379
8,1.3333332932840183,20.08167,20.27365559855784,21.16666603088379
8,1.3499999594500687,20.08433,20.27116184384804,21.16666603088379
8,1.3666666256161188,20.087027,20.26866808913824,21.16666603088379
8,1.383333291782169,20.089762,20.266201100386972,21.16666603088379
8,1.3999999579482192,20.092535,20.264468263641117,21.16666603088379
8,1.4166666241142696,20.095356,20.26273542689526,21.16666603088379
8,1.4333332902803197,20.098232,20.261002590149406,21.16666603088379
8,1.44999995644637,20.10115,20.25926975340355,21.16666603088379
8,1.46666662261242,20.104113,20.257536916657696,21.16666603088379
8,1.4833332887784705,20.107119,20.25580407991184,21.16666603088379
8,1.4999999549445207,20.110168,20.255726491372418,21.16666603088379
8,1.5166666211105708,20.11326,20.256527457650254,21.16666603088379
8,1.533333287276621,20.116398,20.257328423928087,21.16666603088379
8,1.5499999534426714,20.119776,20.258129390205923,21.16666603088379
8,1.5666666196087216,20.123287,20.25893035648376,21.16666603088379
8,1.5833332857747717,20.126896,20.259731322761596,21.16666603088379
8,1.5999999519408221,20.130606,20.26175884336937,21.16666603088379
8,1.6166666181068723,20.134415,20.267079889492727,21.16666603088379
8,1.6333332842729225,20.13832,20.27240093561608,21.16666603088379
8,1.6499999504389726,20.142328,20.277721981739436,21.16666603088379
8,1.666666616605023,20.14656,20.28304302786279,21.16666603088379
8,1.6833332827710732,20.151684,20.288364073986145,21.16666603088379
8,1.6999999489371234,20.157108,20.293685120109497,21.16666603088379
8,1.7166666151031735,20.162838,20.305749673918477,21.16666603088379
8,1.733333281269224,20.16887,20.31865240382397,21.16666603088379
8,1.749999947435274,20.175207,20.33155513372947,21.16666603088379
8,1.7666666136013243,20.181845,20.344457863634965,21.16666603088379
8,1.7833332797673744,20.188787,20.357360593540463,21.16666603088379
8,1.7999999459334248,20.19706,20.370263323445958,21.16666603088379
8,1.816666612099475,20.20714,20.38946863910345,21.16666603088379
8,1.8333332782655252,20.218048,20.41478933499554,21.16666603088379
8,1.8499999444315753,20.229786,20.440110030887634,21.16666603088379
8,1.8666666105976257,20.242353,20.46543072677973,21.16666603088379
8,1.883333276763676,20.255749,20.49075142267182,21.16666603088379
8,1.899999942929726,20.269972,20.516072118563915,21.16666603088379
8,1.9166666090957765,20.285025,20.54372105635996,21.16666603088379
8,1.9333332752618266,20.304464,20.587574557807503,21.16666603088379
8,1.9499999414278768,20.326576,20.631428059255043,21.16666603088379
8,1.966666607593927,20.350569,20.675281560702587,21.16666603088379
8,1.9833332737599774,20.37644,20.71913506215013,21.16666603088379
8,1.9999999399260275,20.404192,20.762988563597673,21.16666603088379
8,2.0166666060920777,20.433823,20.806842065045213,21.16666603088379
8,2.033333272258128,20.465334,20.870853123702403,21.16666603088379
8,2.049999938424178,20.499512,20.941810367614266,21.16666603088379
8,2.066666604590228,20.542368,21.01276761152613,21.16666603088379
8,2.083333270756279,20.588804,21.083724855437993,21.16666603088379
8,2.099999936922329,20.638823,21.154682099349856,21.16666603088379
8,2.116666603088379,20.692421,21.22563934326172,21.16666603088379
8,2.1333332692544293,20.7496,21.309858901857393,21.16666603088379
8,2.1499999354204795,20.81036,21.417471709964783,21.16666603088379
8,2.1666666015865297,20.874702,21.525084518072173,21.16666603088379
8,2.18333326775258,20.943695,21.632697326179564,21.16666603088379
8,2.1999999339186305,21.018068,21.740310134286958,21.16666603088379
8,2.2166666000846806,21.0983,21.847922942394348,21.16666603088379
8,2.233333266250731,21.186285,21.95553575050174,21.16666603088379
8,2.249999932416781,21.281103,22.108964259230248,21.16666603088379
8,2.266666598582831,21.382755,22.263332577202263,21.16666603088379
8,2.2833332647488813,21.492538,22.41770089517428,21.16666603088379
8,2.2999999309149315,21.610476,22.5720692131463,21.16666603088379
8,2.3166665970809817,21.736092,22.726437531118318,21.16666603088379
8,2.3333332632470323,21.869389,22.880805849090336,21.16666603088379
8,2.3499999294130824,22.048676,23.06849616643951,21.16666603088379
8,2.3666665955791326,22.235945,23.278587827907774,21.16666603088379
8,2.383333261745183,22.423212,23.48867948937604,21.16666603088379
8,2.399999927911233,22.610481,23.698771150844305,21.16666603088379
8,2.416666594077283,22.812372,23.90886281231257,21.16666603088379
8,2.4333332602433333,23.062992,24.11895447378084,21.16666603088379
8,2.449999926409384,23.313614,24.342591560544,21.16666603088379
8,2.466666592575434,23.564234,24.61537019023746,21.16666603088379
8,2.4833332587414843,23.814854,24.88814881993092,21.16666603088379
8,2.4999999249075344,24.065475,25.160927449624378,21.16666603088379
8,2.5166665910735846,24.326317,25.433706079317833,21.16666603088379
8,2.5333332572396348,24.599619,25.706484709011292,21.16666603088379
8,2.549999923405685,24.885698,25.97926333870475,21.16666603088379
8,2.566666589571735,25.188042,26.30730634674313,21.16666603088379
8,2.5833332557377857,25.497932,26.64633564686213,21.16666603088379
8,2.599999921903836,25.822275,26.985364946981125,21.16666603088379
8,2.616666588069886,26.157354,27.324394247100116,21.16666603088379
8,2.6333332542359362,26.513924,27.66342354721911,21.16666603088379
8,2.6499999204019864,26.873714,28.002452847338105,21.16666603088379
8,2.6666665865680366,27.262611,28.37160344762127,21.16666603088379
8,2.6833332527340867,27.651508,28.77723428921437,21.16666603088379
8,2.6999999189001374,28.057537,29.182865130807482,21.16666603088379
8,2.7166665850661875,28.483345,29.588495972400587,21.16666603088379
8,2.7333332512322377,28.909153,29.994126813993688,21.16666603088379
8,2.749999917398288,29.349648,30.39975765558679,21.16666603088379
8,2.766666583564338,29.816912,30.809925337663792,21.16666603088379
8,2.783333249730388,30.284174,31.280044126135163,21.16666603088379
8,2.7999999158964384,30.751438,31.750162914606534,21.16666603088379
8,2.8166665820624885,31.249512,32.2202817030779,21.16666603088379
8,2.833333248228539,31.76178,32.69040049154928,21.16666603088379
8,2.8499999143945893,32.274048,33.16051928002066,21.16666603088379
8,2.8666665805606395,32.786316,33.630638068492026,21.16666603088379
8,2.8833332467266897,33.30248,34.142040444922266,21.16666603088379
8,2.89999991289274,33.831394,34.67212590495433,21.16666603088379
8,2.91666657905879,34.37548,35.20221136498639,21.16666603088379
8,2.93333324522484,34.92167,35.73229682501845,21.16666603088379
8,2.949999911390891,35.485435,36.262382285050535,21.16666603088379
8,2.966666577556941,36.049206,36.7924677450826,21.16666603088379
8,2.983333243722991,36.645107,37.33887311079371,21.16666603088379
8,2.9999999098890413,37.243004,37.92219891886074,21.16666603088379
8,3.0166665760550915,37.840897,38.50552472692776,21.16666603088379
8,3.0333332422211416,38.43879,39.08885053499478,21.16666603088379
8,3.049999908387192,39.054363,39.6721763430618,21.16666603088379
8,3.066666574553242,39.68117,40.25550215112882,21.16666603088379
8,3.0833332407192926,40.307976,40.83882795919586,21.16666603088379
8,3.0999999068853428,40.934784,41.46333510030914,21.16666603088379
8,3.116666573051393,41.56929,42.09119941531206,21.16666603088379
8,3.133333239217443,42.22348,42.71906373031498,21.16666603088379
8,3.1499999053834933,42.877666,43.3469280453179,21.16666603088379
8,3.1666665715495435,43.531853,43.97479236032082,21.16666603088379
8,3.1833332377155936,44.18604,44.602656675323736,21.16666603088379
8,3.1999999038816442,44.84196,45.24954020582788,21.16666603088379
8,3.2166665700476944,45.51653,45.91244918643023,21.16666603088379
8,3.2333332362137446,46.191097,46.575358167032576,21.16666603088379
8,3.2499999023797947,46.865665,47.23826714763493,21.16666603088379
8,3.266666568545845,47.540234,47.90117612823728,21.16666603088379
8,3.283333234711895,48.2148,48.564085108839635,21.16666603088379
8,3.2999999008779453,48.90176,49.23083574790655,21.16666603088379
8,3.3166665670439954,49.59027,49.91763504208543,21.16666603088379
8,3.333333233210046,50.278778,50.604434336264326,21.16666603088379
8,3.349999899376096,50.96729,51.2912336304432,21.16666603088379
8,3.3666665655421464,51.655796,51.97803292462208,21.16666603088379
8,3.3833332317081966,52.34992,52.66483221880096,21.16666603088379
8,3.3999998978742467,53.046535,53.351631512979836,21.16666603088379
8,3.416666564040297,53.74315,54.04884521604524,21.16666603088379
8,3.433333230206347,54.439762,54.749015267439724,21.16666603088379
8,3.4499998963723972,55.13638,55.4491853188342,21.16666603088379
8,3.466666562538448,55.83382,56.149355370228704,21.16666603088379
8,3.483333228704498,56.532402,56.849525421623184,21.16666603088379
8,3.499999894870548,57.23219,57.54969547301767,21.16666603088379
8,3.5166665610365984,57.932564,58.25179755744034,21.16666603088379
8,3.5333332272026485,58.633236,58.95683437557672,21.16666603088379
8,3.5499998933686987,59.334595,59.6618711937131,21.16666603088379
8,3.566666559534749,60.03607,60.366908011849475,21.16666603088379
8,3.5833332257007995,60.737316,61.07194482998587,21.16666603088379
8,3.5999998918668497,61.438465,61.776981648122245,21.16666603088379
8,3.6166665580329,62.139534,62.48200262475203,21.16666603088379
8,3.63333322419895,62.840122,63.18598862295077,21.16666603088379
8,3.649999890365,63.540314,63.889974621149506,21.16666603088379
8,3.6666665565310503,64.240074,64.59396061934825,21.16666603088379
8,3.6833332226971005,64.93905,65.29794661754698,21.16666603088379
8,3.6999998888631507,65.63724,66.00193261574573,21.16666603088379
8,3.7166665550292013,66.33453,66.70591861394448,21.16666603088379
8,3.7333332211952515,67.030876,67.40830294391303,21.16666603088379
8,3.7499998873613016,67.72603,68.10975932324028,21.16666603088379
8,3.766666553527352,68.419945,68.81121570256752,21.16666603088379
8,3.783333219693402,69.112656,69.51267208189478,21.16666603088379
8,3.799999885859452,69.80369,70.21412846122202,21.16666603088379
8,3.8166665520255023,70.493195,70.91558484054927,21.16666603088379
8,3.833333218191553,71.18104,71.61705653873958,21.16666603088379
8,3.849999884357603,71.86735,72.3185738871417,21.16666603088379
8,3.8666665505236533,72.55173,73.02009123554383,21.16666603088379
8,3.8833332166897034,73.23411,73.72160858394595,21.16666603088379
8,3.8999998828557536,73.91483,74.42312593234807,21.16666603088379
8,3.916666549021804,74.59374,75.1246432807502,21.16666603088379
8,3.933333215187854,75.27002,75.82616062915233,21.16666603088379
8,3.949999881353904,75.94456,76.51617003313201,21.16666603088379
8,3.9666665475199547,76.61821,77.20444991945284,21.16666603088379
8,3.983333213686005,77.29007,77.89272980577366,21.16666603088379
8,3.999999879852055,77.96045,78.58100969209448,21.16666603088379
8,4.016666546018105,78.62967,79.2692895784153,21.16666603088379
8,4.033333212184155,79.29741,79.95756946473611,21.16666603088379
8,4.049999878350206,79.96428,80.63032808679297,21.16666603088379
8,4.066666544516256,80.63024,81.28676537941762,21.16666603088379
8,4.083333210682306,81.294624,81.94320267204226,21.16666603088379
8,4.099999876848356,81.95771,82.5996399646669,21.16666603088379
8,4.116666543014406,82.61957,83.25607725729155,21.16666603088379
8,4.133333209180456,83.28011,83.9125145499162,21.16666603088379
8,4.1499998753465075,83.93926,84.56642924030939,21.16666603088379
8,4.166666541512558,84.5962,85.19896187369284,21.16666603088379
8,4.183333207678608,85.25139,85.83149450707627,21.16666603088379
8,4.199999873844658,85.9042,86.4640271404597,21.16666603088379
8,4.216666540010708,86.55401,87.09655977384314,21.16666603088379
8,4.233333206176758,87.20092,87.72909240722659,21.16666603088379
8,4.2499998723428085,87.84351,88.36162504061002,21.16666603088379
8,4.266666538508859,88.48188,88.97609078715168,21.16666603088379
8,4.283333204674909,89.11676,89.58365598663572,21.16666603088379
8,4.299999870840959,89.748245,90.19122118611975,21.16666603088379
8,4.316666537007009,90.373405,90.79878638560379,21.16666603088379
8,4.333333203173059,90.99482,91.40635158508783,21.16666603088379
8,4.3499998693391095,91.61207,92.01391678457186,21.16666603088379
8,4.36666653550516,92.223915,92.61241035761796,21.16666603088379
8,4.38333320167121,92.83328,93.19342770914393,21.16666603088379
8,4.399999867837261,93.43451,93.77444506066993,21.16666603088379
8,4.416666534003311,94.02978,94.3554624121959,21.16666603088379
8,4.433333200169361,94.62391,94.93647976372188,21.16666603088379
8,4.4499998663354114,95.20645,95.51749711524785,21.16666603088379
8,4.466666532501462,95.78899,96.09851446677382,21.16666603088379
8,4.483333198667512,96.36221,96.65208570225033,21.16666603088379
8,4.499999864833562,96.92923,97.20450736218551,21.16666603088379
8,4.516666530999612,97.49625,97.75692902212069,21.16666603088379
8,4.533333197165662,98.05406,98.30935068205586,21.16666603088379
8,4.5499998633317125,98.607216,98.86177234199104,21.16666603088379
8,4.566666529497763,99.158844,99.41419400192622,21.16666603088379
8,4.583333195663813,99.69791,99.94899413341614,21.16666603088379
8,4.599999861829863,100.23698,100.47092288760689,21.16666603088379
8,4.616666527995913,100.76814,100.99285164179764,21.16666603088379
8,4.633333194161963,101.29294,101.5147803959884,21.16666603088379
8,4.649999860328014,101.81773,102.03670915017918,21.16666603088379
8,4.6666665264940645,102.32812,102.55863790436995,21.16666603088379
8,4.683333192660115,102.83848,103.07401009507068,21.16666603088379
8,4.699999858826165,103.34239,103.56248356376109,21.16666603088379
8,4.716666524992215,103.83821,104.05095703245149,21.16666603088379
8,4.733333191158265,104.33402,104.5394305011419,21.16666603088379
8,4.749999857324315,104.81694,105.02790396983231,21.16666603088379
8,4.766666523490366,105.29823,105.51637743852271,21.16666603088379
8,4.783333189656416,105.77467,106.00485090721311,21.16666603088379
8,4.799999855822466,106.2414,106.46495661697989,21.16666603088379
8,4.816666521988516,106.70813,106.91858327069622,21.16666603088379
8,4.833333188154566,107.16357,107.37220992441253,21.16666603088379
8,4.849999854320616,107.61579,107.82583657812886,21.16666603088379
8,4.866666520486667,108.0648,108.27946323184517,21.16666603088379
8,4.883333186652717,108.50264,108.7330898855615,21.16666603088379
8,4.899999852818768,108.940475,109.17074163241652,21.16666603088379
8,4.916666518984818,109.370735,109.58740309467468,21.16666603088379
8,4.933333185150868,109.79723,110.00406455693285,21.16666603088379
8,4.949999851316918,110.2218,110.42072601919101,21.16666603088379
8,4.9666665174829685,110.63135,110.83738748144917,21.16666603088379
8,4.983333183649019,111.0409,111.25404894370733,21.16666603088379
8,4.999999849815069,111.44114,111.6688503355492,21.16666603088379
8,5.016666515981119,111.834045,112.04849639652284,21.16666603088379
8,5.033333182147169,112.22695,112.42814245749648,21.16666603088379
8,5.049999848313219,112.61046,112.80778851847012,21.16666603088379
8,5.0666665144792695,112.984314,113.18743457944376,21.16666603088379
8,5.08333318064532,113.35817,113.56708064041739,21.16666603088379
8,5.09999984681137,113.732025,113.94672670139103,21.16666603088379
8,5.11666651297742,114.08686,114.30258701354501,21.16666603088379
8,5.13333317914347,114.438995,114.64664387139749,21.16666603088379
8,5.149999845309521,114.79114,114.99070072925,21.16666603088379
8,5.166666511475571,115.14327,115.33475758710247,21.16666603088379
8,5.183333177641622,115.48058,115.67881444495495,21.16666603088379
8,5.199999843807672,115.808304,116.02287130280743,21.16666603088379
8,5.216666509973722,116.13602,116.35725611889457,21.16666603088379
8,5.233333176139772,116.46374,116.66754567303997,21.16666603088379
8,5.249999842305822,116.79145,116.97783522718535,21.16666603088379
8,5.2666665084718725,117.105965,117.28812478133075,21.16666603088379
8,5.283333174637923,117.41051,117.59841433547614,21.16666603088379
8,5.299999840803973,117.71504,117.90870388962153,21.16666603088379
8,5.316666506970023,118.01958,118.21899344376692,21.16666603088379
8,5.333333173136073,118.32411,118.50185934952864,21.16666603088379
8,5.349999839302123,118.6151,118.78183053684985,21.16666603088379
8,5.3666665054681735,118.89419,119.06180172417108,21.16666603088379
8,5.383333171634224,119.17327,119.3417729114923,21.16666603088379
8,5.399999837800275,119.452354,119.62174409881352,21.16666603088379
8,5.416666503966325,119.73144,119.90171528613475,21.16666603088379
8,5.433333170132375,120.01052,120.16741236889457,21.16666603088379
8,5.449999836298425,120.27571,120.42007060614158,21.16666603088379
8,5.466666502464475,120.53117,120.6727288433886,21.16666603088379
8,5.4833331686305256,120.78664,120.92538708063562,21.16666603088379
8,5.499999834796576,121.0421,121.17804531788263,21.16666603088379
8,5.516666500962626,121.29756,121.43070355512965,21.16666603088379
8,5.533333167128676,121.553024,121.67999933197743,21.16666603088379
8,5.549999833294726,121.79443,121.90876008281558,21.16666603088379
8,5.566666499460776,122.02808,122.13752083365374,21.16666603088379
8,5.583333165626827,122.261734,122.36628158449189,21.16666603088379
8,5.599999831792877,122.495384,122.59504233533004,21.16666603088379
8,5.616666497958927,122.729034,122.82380308616818,21.16666603088379
8,5.633333164124977,122.96269,123.05256383700635,21.16666603088379
8,5.649999830291028,123.18228,123.26490939883737,21.16666603088379
8,5.666666496457078,123.39586,123.47203688734162,21.16666603088379
8,5.6833331626231285,123.609436,123.67916437584586,21.16666603088379
8,5.699999828789179,123.82301,123.8862918643501,21.16666603088379
8,5.716666494955229,124.03659,124.09341935285434,21.16666603088379
8,5.733333161121279,124.25016,124.30054684135858,21.16666603088379
8,5.749999827287329,124.44981,124.50071145605854,21.16666603088379
8,5.766666493453379,124.64496,124.68936411940207,21.16666603088379
8,5.7833331596194295,124.84011,124.8780167827456,21.16666603088379
8,5.79999982578548,125.03526,125.06666944608914,21.16666603088379
8,5.81666649195153,125.230415,125.25532210943268,21.16666603088379
8,5.83333315811758,125.42557,125.44397477277622,21.16666603088379
8,5.84999982428363,125.60481,125.63262743611975,21.16666603088379
8,5.86666649044968,125.78037,125.80439445916123,21.16666603088379
8,5.8833331566157305,125.95593,125.9760762011911,21.16666603088379
8,5.899999822781782,126.13149,126.14775794322098,21.16666603088379
8,5.916666488947832,126.30705,126.31943968525084,21.16666603088379
8,5.933333155113882,126.48261,126.4911214272807,21.16666603088379
8,5.949999821279932,126.65817,126.66280316931056,21.16666603088379
8,5.966666487445982,126.81968,126.82518731064684,21.16666603088379
8,5.983333153612032,126.97762,126.98170329416831,21.16666603088379
8,5.999999819778083,127.135574,127.13821927768979,21.16666603088379
8,6.016666485944133,127.29352,127.29473526121124,21.16666603088379
8,6.033333152110183,127.45147,127.45125124473272,21.16666603088379
8,6.049999818276233,127.60942,127.60776722825419,21.16666603088379
8,6.066666484442283,127.767365,127.76115669791155,21.16666603088379
8,6.0833331506083335,127.912926,127.9041471105861,21.16666603088379
8,6.099999816774384,128.05507,128.04713752326066,21.16666603088379
8,6.116666482940434,128.19722,128.1901279359352,21.16666603088379
8,6.133333149106484,128.33937,128.33311834860976,21.16666603088379
8,6.149999815272535,128.4815,128.4761087612843,21.16666603088379
8,6.166666481438585,128.62366,128.61909917395886,21.16666603088379
8,6.183333147604635,128.76581,128.75206094576617,21.16666603088379
8,6.1999998137706855,128.90343,128.88324248546692,21.16666603088379
8,6.216666479936736,129.03835,129.01442402516764,21.16666603088379
8,6.233333146102786,129.17177,129.14560556486836,21.16666603088379
8,6.249999812268836,129.30367,129.27678710456908,21.16666603088379
8,6.266666478434886,129.43405,129.4079686442698,21.16666603088379
8,6.283333144600936,129.56293,129.53404489352008,21.16666603088379
8,6.299999810766987,129.6903,129.65430220956878,21.16666603088379
8,6.316666476933037,129.81616,129.77455952561746,21.16666603088379
8,6.333333143099087,129.9405,129.89481684166617,21.16666603088379
8,6.349999809265137,130.06334,130.01507415771485,21.16666603088379
8,6.366666475431187,130.18466,130.13533147376353,21.16666603088379
8,6.383333141597237,130.30446,130.25474768210583,21.16666603088379
8,6.3999998077632885,130.42276,130.36515909029742,21.16666603088379
8,6.416666473929339,130.53955,130.47557049848902,21.16666603088379
8,6.433333140095389,130.65417,130.58598190668062,21.16666603088379
8,6.449999806261439,130.76697,130.6963933148722,21.16666603088379
8,6.466666472427489,130.87813,130.8068047230638,21.16666603088379
8,6.483333138593539,130.98766,130.91721613125537,21.16666603088379
8,6.4999998047595895,131.09555,131.0211936169722,21.16666603088379
8,6.51666647092564,131.20183,131.12245966393178,21.16666603088379
8,6.53333313709169,131.30647,131.22372571089136,21.16666603088379
8,6.54999980325774,131.40948,131.32499175785094,21.16666603088379
8,6.56666646942379,131.51086,131.42625780481055,21.16666603088379
8,6.58333313558984,131.61061,131.52752385177013,21.16666603088379
8,6.5999998017558905,131.70874,131.6259578674797,21.16666603088379
8,6.616666467921941,131.80524,131.71841806727133,21.16666603088379
8,6.633333134087991,131.9001,131.81087826706292,21.16666603088379
8,6.649999800254041,131.99333,131.90333846685454,21.16666603088379
8,6.666666466420092,132.08624,131.99579866664615,21.16666603088379
8,6.683333132586142,132.17825,132.08825886643777,21.16666603088379
8,6.699999798752192,132.26888,132.1807190662294,21.16666603088379
8,6.716666464918243,132.35812,132.26563911738359,21.16666603088379
8,6.733333131084293,132.44598,132.35007530873216,21.16666603088379
8,6.749999797250343,132.53246,132.43451150008073,21.16666603088379
8,6.766666463416393,132.61755,132.51894769142933,21.16666603088379
8,6.783333129582443,132.70128,132.6033838827779,21.16666603088379
8,6.7999997957484934,132.78362,132.68782007412648,21.16666603088379
8,6.816666461914544,132.86456,132.7677525557871,21.16666603088379
8,6.833333128080594,132.94412,132.84411452886627,21.16666603088379
8,6.849999794246644,133.02231,132.92047650194544,21.16666603088379
8,6.866666460412694,133.09912,132.99683847502462,21.16666603088379
8,6.883333126578744,133.17455,133.0732004481038,21.16666603088379
8,6.8999997927447945,133.2499,133.14956242118296,21.16666603088379
8,6.9166664589108455,133.32469,133.22461237869865,21.16666603088379
8,6.933333125076896,133.39836,133.29351460614544,21.16666603088379
8,6.949999791242946,133.47092,133.36241683359222,21.16666603088379
8,6.966666457408996,133.54234,133.431319061039,21.16666603088379
8,6.983333123575046,133.61266,133.5002212884858,21.16666603088379
8,6.999999789741096,133.68184,133.56912351593257,21.16666603088379
8,7.0166664559071465,133.74991,133.63802574337936,21.16666603088379
8,7.033333122073197,133.81685,133.70134496013011,21.16666603088379
8,7.049999788239247,133.88268,133.76321542094072,21.16666603088379
8,7.066666454405297,133.94737,133.82508588175136,21.16666603088379
8,7.083333120571347,134.01096,133.88695634256197,21.16666603088379
8,7.099999786737397,134.07341,133.9488268033726,21.16666603088379
8,7.116666452903448,134.13475,134.01069726418322,21.16666603088379
8,7.133333119069498,134.19608,134.0698120838075,21.16666603088379
8,7.149999785235548,134.25702,134.12499507393423,21.16666603088379
8,7.166666451401599,134.31708,134.18017806406095,21.16666603088379
8,7.183333117567649,134.37625,134.23536105418768,21.16666603088379
8,7.199999783733699,134.43452,134.2905440443144,21.16666603088379
8,7.2166664498997495,134.4919,134.34572703444113,21.16666603088379
8,7.2333331160658,134.54839,134.4007284329632,21.16666603088379
8,7.24999978223185,134.60397,134.44988863486944,21.16666603088379
8,7.2666664483979,134.65866,134.49904883677564,21.16666603088379
8,7.28333311456395,134.71246,134.54820903868188,21.16666603088379
8,7.29999978073,134.76538,134.59736924058808,21.16666603088379
8,7.3166664468960505,134.81738,134.6465294424943,21.16666603088379
8,7.333333113062101,134.86852,134.69568964440052,21.16666603088379
8,7.349999779228151,134.91873,134.74136720191777,21.16666603088379
8,7.366666445394201,134.96892,134.7851549524022,21.16666603088379
8,7.383333111560251,135.01888,134.82894270288662,21.16666603088379
8,7.399999777726301,135.06812,134.87273045337108,21.16666603088379
8,7.416666443892352,135.11664,134.9165182038555,21.16666603088379
8,7.433333110058403,135.16446,134.96030595433993,21.16666603088379
8,7.449999776224453,135.21158,135.00293221060684,21.16666603088379
8,7.466666442390503,135.25798,135.04235887902928,21.16666603088379
8,7.483333108556553,135.30368,135.08178554745172,21.16666603088379
8,7.499999774722603,135.34866,135.12121221587415,21.16666603088379
8,7.516666440888653,135.39294,135.16063888429656,21.16666603088379
8,7.533333107054704,135.43651,135.200065552719,21.16666603088379
8,7.549999773220754,135.47937,135.23949222114143,21.16666603088379
8,7.566666439386804,135.52153,135.27562010757566,21.16666603088379
8,7.583333105552854,135.56297,135.3113169031819,21.16666603088379
8,7.599999771718904,135.60435,135.34701369878815,21.16666603088379
8,7.6166664378849545,135.64555,135.3827104943944,21.16666603088379
8,7.633333104051005,135.6862,135.41840729000063,21.16666603088379
8,7.649999770217055,135.72629,135.45410408560684,21.16666603088379
8,7.666666436383106,135.7658,135.4885441337045,21.16666603088379
8,7.683333102549156,135.80475,135.5217400017686,21.16666603088379
8,7.699999768715206,135.84314,135.5549358698327,21.16666603088379
8,7.716666434881256,135.88098,135.5881317378968,21.16666603088379
8,7.7333331010473065,135.91824,135.6213276059609,21.16666603088379
8,7.749999767213357,135.95494,135.65452347402498,21.16666603088379
8,7.766666433379407,135.99109,135.687484621063,21.16666603088379
8,7.783333099545457,136.02666,135.71873426061916,21.16666603088379
8,7.799999765711507,136.06168,135.74998390017532,21.16666603088379
8,7.816666431877557,136.09613,135.7812335397315,21.16666603088379
8,7.833333098043608,136.1305,135.81248317928765,21.16666603088379
8,7.849999764209658,136.16473,135.84373281884382,21.16666603088379
8,7.866666430375708,136.19852,135.87498245839998,21.16666603088379
8,7.883333096541758,136.23186,135.90555918535847,21.16666603088379
8,7.899999762707808,136.26474,135.93589787520762,21.16666603088379
8,7.916666428873859,136.29718,135.96623656505676,21.16666603088379
8,7.9333330950399095,136.32918,135.99657525490588,21.16666603088379
8,7.94999976120596,136.36072,136.02691394475502,21.16666603088379
8,7.96666642737201,136.39182,136.05725263460414,21.16666603088379
8,7.98333309353806,136.42245,136.08747872179887,21.16666603088379
8,7.99999975970411,136.45264,136.1175018070251,21.16666603088379
8,8.01666642587016,136.48238,136.1475248922513,21.16666603088379
8,8.03333309203621,136.51167,136.17754797747756,21.16666603088379
8,8.049999758202262,136.54051,136.20757106270378,21.16666603088379
8,8.06666642436831,136.56926,136.23759414793,21.16666603088379
8,8.083333090534362,136.59793,136.26761723315622,21.16666603088379
8,8.099999756700411,136.62624,136.2984071746586,21.16666603088379
8,8.116666422866462,136.65417,136.32921688049797,21.16666603088379
8,8.133333089032512,136.68176,136.36002658633734,21.16666603088379
8,8.149999755198563,136.70898,136.39083629217674,21.16666603088379
8,8.166666421364612,136.73584,136.42164599801612,21.16666603088379
8,8.183333087530663,136.76234,136.4524557038555,21.16666603088379
8,8.199999753696712,136.7885,136.4832866758812,21.16666603088379
8,8.216666419862763,136.81427,136.51413224588228,21.16666603088379
8,8.233333086028813,136.83969,136.54497781588336,21.16666603088379
8,8.249999752194864,136.86476,136.57582338588443,21.16666603088379
8,8.266666418360913,136.88947,136.6066689558855,21.16666603088379
8,8.283333084526964,136.9138,136.6375145258866,21.16666603088379
8,8.299999750693015,136.93803,136.66858717550443,21.16666603088379
8,8.316666416859064,136.9622,136.70050867035633,21.16666603088379
8,8.333333083025115,136.98608,136.73243016520823,21.16666603088379
8,8.349999749191165,137.00967,136.76435166006013,21.16666603088379
8,8.366666415357216,137.03297,136.79627315491203,21.16666603088379
8,8.383333081523265,137.05597,136.82819464976393,21.16666603088379
8,8.399999747689316,137.07869,136.86011614461583,21.16666603088379
8,8.416666413855365,137.1011,136.89204755167322,21.16666603088379
8,8.433333080021416,137.12323,136.9239810012457,21.16666603088379
8,8.449999746187466,137.14507,136.95591445081817,21.16666603088379
8,8.466666412353517,137.16661,136.98784790039062,21.16666603088379
8,8.483333078519566,137.18787,137.0197813499631,21.16666603088379
8,8.499999744685617,137.20883,137.05171479953555,21.16666603088379
8,8.516666410851666,137.22949,137.08324083944007,21.16666603088379
8,8.533333077017717,137.25008,137.1142633393055,21.16666603088379
8,8.549999743183768,137.2706,137.14528583917092,21.16666603088379
8,8.566666409349818,137.29088,137.17630833903635,21.16666603088379
8,8.583333075515869,137.31093,137.20733083890178,21.16666603088379
8,8.599999741681918,137.33075,137.2383533387672,21.16666603088379
8,8.616666407847969,137.35033,137.26925338384675,21.16666603088379
8,8.633333074014018,137.36967,137.29840138352762,21.16666603088379
8,8.64999974018007,137.38878,137.32754938320852,21.16666603088379
8,8.666666406346119,137.40764,137.3566973828894,21.16666603088379
8,8.68333307251217,137.42627,137.3858453825703,21.16666603088379
8,8.699999738678219,137.44466,137.41499338225117,21.16666603088379
8,8.71666640484427,137.46281,137.44414138193207,21.16666603088379
8,8.73333307101032,137.48074,137.47160961721826,21.16666603088379
8,8.74999973717637,137.49843,137.49829972635104,21.16666603088379
8,8.76666640334242,137.51602,137.5249898354838,21.16666603088379
8,8.78333306950847,137.53357,137.5516799446166,21.16666603088379
8,8.799999735674522,137.55093,137.57837005374938,21.16666603088379
8,8.816666401840571,137.5681,137.60506016288215,21.16666603088379
8,8.833333068006622,137.58508,137.63064947653945,21.16666603088379
8,8.849999734172671,137.60187,137.65368861401174,21.16666603088379
8,8.866666400338723,137.61845,137.67672775148407,21.16666603088379
8,8.883333066504772,137.63486,137.6997668889564,21.16666603088379
8,8.899999732670823,137.65105,137.7228060264287,21.16666603088379
8,8.916666398836872,137.66707,137.745845163901,21.16666603088379
8,8.933333065002923,137.68288,137.76888430137333,21.16666603088379
8,8.949999731168973,137.6985,137.78912228561762,21.16666603088379
8,8.966666397335024,137.71393,137.80911536029004,21.16666603088379
8,8.983333063501073,137.72917,137.82910843496248,21.16666603088379
8,8.999999729667124,137.74432,137.8491015096349,21.16666603088379
8,9.016666395833173,137.75943,137.86909458430733,21.16666603088379
8,9.033333061999224,137.7744,137.88908765897978,21.16666603088379
8,9.049999728165275,137.7892,137.9073400542492,21.16666603088379
8,9.066666394331325,137.80383,137.9240957905927,21.16666603088379
8,9.083333060497376,137.81831,137.9408515269362,21.16666603088379
8,9.099999726663425,137.83263,137.95760726327973,21.16666603088379
8,9.116666392829476,137.84679,137.97436299962322,21.16666603088379
8,9.133333058995525,137.8608,137.99111873596672,21.16666603088379
8,9.149999725161576,137.87463,138.00754112183577,21.16666603088379
8,9.166666391327626,137.8883,138.0221569631982,21.16666603088379
8,9.183333057493677,137.90184,138.03677280456063,21.16666603088379
8,9.199999723659726,137.91519,138.05138864592305,21.16666603088379
8,9.216666389825777,137.92839,138.06600448728545,21.16666603088379
8,9.233333055991826,137.94151,138.08062032864788,21.16666603088379
8,9.249999722157877,137.95462,138.0952361700103,21.16666603088379
8,9.266666388323927,137.96758,138.10765203040415,21.16666603088379
8,9.283333054489978,137.98041,138.11942503921628,21.16666603088379
8,9.299999720656029,137.99312,138.1311980480284,21.16666603088379
8,9.316666386822078,138.00568,138.14297105684057,21.16666603088379
8,9.333333052988129,138.01811,138.1547440656527,21.16666603088379
8,9.349999719154178,138.03041,138.16651707446482,21.16666603088379
8,9.36666638532023,138.04259,138.17764250988097,21.16666603088379
8,9.383333051486279,138.05461,138.18776337631107,21.16666603088379
8,9.39999971765233,138.06651,138.19788424274114,21.16666603088379
8,9.416666383818379,138.0783,138.20800510917124,21.16666603088379
8,9.43333304998443,138.08992,138.2181259756013,21.16666603088379
8,9.44999971615048,138.10143,138.2282468420314,21.16666603088379
8,9.46666638231653,138.11287,138.2383485809086,21.16666603088379
8,9.48333304848258,138.12427,138.24656625582477,21.16666603088379
8,9.49999971464863,138.13556,138.25478393074096,21.16666603088379
8,9.51666638081468,138.14674,138.26300160565714,21.16666603088379
8,9.533333046980731,138.1578,138.27121928057332,21.16666603088379
8,9.549999713146782,138.16876,138.2794369554895,21.16666603088379
8,9.566666379312831,138.17961,138.28765463040568,21.16666603088379
8,9.583333045478883,138.19034,138.29544728196512,21.16666603088379
8,9.599999711644932,138.20096,138.30298831969733,21.16666603088379
8,9.616666377810983,138.21147,138.31052935742957,21.16666603088379
8,9.633333043977032,138.22188,138.31807039516178,21.16666603088379
8,9.649999710143083,138.23216,138.32561143289402,21.16666603088379
8,9.666666376309133,138.24232,138.33315247062623,21.16666603088379
8,9.683333042475184,138.2524,138.34036794347088,21.16666603088379
8,9.699999708641233,138.26239,138.34658678910864,21.16666603088379
8,9.716666374807284,138.27237,138.3528056347464,21.16666603088379
8,9.733333040973333,138.28227,138.35902448038416,21.16666603088379
8,9.749999707139384,138.29207,138.36524332602193,21.16666603088379
8,9.766666373305434,138.30177,138.3714621716597,21.16666603088379
8,9.783333039471485,138.31139,138.37768101729745,21.16666603088379
8,9.799999705637536,138.3209,138.3833315631536,21.16666603088379
8,9.816666371803585,138.33034,138.3888928991603,21.16666603088379
8,9.833333037969636,138.33966,138.39445423516702,21.16666603088379
8,9.849999704135685,138.3489,138.40001557117372,21.16666603088379
8,9.866666370301736,138.35805,138.40557690718043,21.16666603088379
8,9.883333036467786,138.36711,138.41113824318714,21.16666603088379
8,9.899999702633837,138.37607,138.4163754680964,21.16666603088379
8,9.916666368799886,138.38493,138.42126494880736,21.16666603088379
8,9.933333034965937,138.39374,138.42615442951833,21.16666603088379
8,9.949999701131986,138.40251,138.4310439102293,21.16666603088379
8,9.966666367298037,138.41121,138.43593339094028,21.16666603088379
8,9.983333033464087,138.41983,138.44082287165125,21.16666603088379
8,9.999999699630138,138.42836,138.44569913608822,21.16666603088379
8,10.016666365796187,138.43681,138.45045711487296,21.16666603088379
8,10.033333031962238,138.44519,138.45521509365773,21.16666603088379
8,10.049999698128289,138.45348,138.4599730724425,21.16666603088379
8,10.066666364294338,138.46169,138.46473105122723,21.16666603088379
8,10.08333303046039,138.46982,138.469489030012,21.16666603088379
8,10.099999696626439,138.47787,138.47424700879677,21.16666603088379
8,10.11666636279249,138.48584,138.47874383400745,21.16666603088379
8,10.133333028958539,138.49373,138.48313838928703,21.16666603088379
8,10.14999969512459,138.50153,138.48753294456662,21.16666603088379
8,10.16666636129064,138.50931,138.4919274998462,21.16666603088379
8,10.18333302745669,138.51714,138.4963220551258,21.16666603088379
8,10.19999969362274,138.5249,138.5007166104054,21.16666603088379
8,10.21666635978879,138.53261,138.50492440771868,21.16666603088379
8,10.23333302595484,138.54027,138.50876426396408,21.16666603088379
8,10.249999692120891,138.54785,138.51260412020946,21.16666603088379
8,10.26666635828694,138.55539,138.51644397645484,21.16666603088379
8,10.283333024452991,138.56287,138.52028383270024,21.16666603088379
8,10.299999690619043,138.5703,138.52412368894562,21.16666603088379
8,10.316666356785092,138.57765,138.527963545191,21.16666603088379
8,10.333333022951143,138.58496,138.53166643277868,21.16666603088379
8,10.349999689117192,138.59221,138.53536283237727,21.16666603088379
8,10.366666355283243,138.5994,138.5390592319759,21.16666603088379
8,10.383333021449292,138.60654,138.5427556315745,21.16666603088379
8,10.399999687615344,138.61362,138.54645203117312,21.16666603088379
8,10.416666353781393,138.62062,138.5501484307717,21.16666603088379
8,10.433333019947444,138.62758,138.55378319447433,21.16666603088379
8,10.449999686113493,138.63449,138.55737200158788,21.16666603088379
8,10.466666352279544,138.64133,138.5609608087014,21.16666603088379
8,10.483333018445594,138.64812,138.56454961581494,21.16666603088379
8,10.499999684611645,138.65485,138.56813842292846,21.16666603088379
8,10.516666350777694,138.66151,138.57172723004197,21.16666603088379
8,10.533333016943745,138.66814,138.5752498356376,21.16666603088379
8,10.549999683109796,138.67468,138.57849195585476,21.16666603088379
8,10.566666349275845,138.68118,138.5817340760719,21.16666603088379
8,10.583333015441896,138.68762,138.58497619628906,21.16666603088379
8,10.599999681607946,138.694,138.58821831650621,21.16666603088379
8,10.616666347773997,138.70033,138.59146043672337,21.16666603088379
8,10.633333013940046,138.70662,138.59470255694052,21.16666603088379
8,10.649999680106097,138.71295,138.59793500524808,21.16666603088379
8,10.666666346272146,138.71922,138.60116517074465,21.16666603088379
8,10.683333012438197,138.72546,138.60439533624123,21.16666603088379
8,10.699999678604247,138.73164,138.60762550173783,21.16666603088379
8,10.716666344770298,138.73776,138.6108556672344,21.16666603088379
8,10.733333010936347,138.74385,138.61408583273098,21.16666603088379
8,10.749999677102398,138.74988,138.61728331798645,21.16666603088379
8,10.766666343268447,138.75586,138.6204369732714,21.16666603088379
8,10.783333009434498,138.7618,138.62359062855637,21.16666603088379
8,10.79999967560055,138.76767,138.62674428384136,21.16666603088379
8,10.816666341766599,138.77351,138.62989793912632,21.16666603088379
8,10.83333300793265,138.7793,138.63305159441128,21.16666603088379
8,10.849999674098699,138.78502,138.6362029789001,21.16666603088379
8,10.86666634026475,138.79071,138.6393064243587,21.16666603088379
8,10.8833330064308,138.79634,138.6424098698173,21.16666603088379
8,10.89999967259685,138.80193,138.6455133152759,21.16666603088379
8,10.9166663387629,138.80746,138.64861676073448,21.16666603088379
8,10.93333300492895,138.81294,138.6517202061931,21.16666603088379
8,10.949999671095,138.81839,138.6548236516517,21.16666603088379
8,10.966666337261051,138.82378,138.65779229111558,21.16666603088379
8,10.9833330034271,138.8291,138.66069250632458,21.16666603088379
8,10.999999669593151,138.8344,138.66359272153358,21.16666603088379
8,11.0166663357592,138.83963,138.6664929367426,21.16666603088379
8,11.033333001925252,138.84482,138.6693931519516,21.16666603088379
8,11.049999668091303,138.84996,138.6722933671606,21.16666603088379
8,11.066666334257352,138.85504,138.67524673582062,21.16666603088379
8,11.083333000423403,138.86009,138.67833583561455,21.16666603088379
8,11.099999666589452,138.86511,138.68142493540847,21.16666603088379
8,11.116666332755504,138.87022,138.6845140352024,21.16666603088379
8,11.133332998921553,138.87529,138.68760313499632,21.16666603088379
8,11.149999665087604,138.88033,138.69069223479022,21.16666603088379
8,11.166666331253653,138.88533,138.69378133458414,21.16666603088379
8,11.183332997419704,138.89029,138.69677150455985,21.16666603088379
8,11.199999663585753,138.8952,138.6997506209246,21.16666603088379
8,11.216666329751805,138.90009,138.7027297372893,21.16666603088379
8,11.233332995917854,138.90494,138.70570885365404,21.16666603088379
8,11.249999662083905,138.90974,138.70868797001876,21.16666603088379
8,11.266666328249954,138.91452,138.7116670863835,21.16666603088379
8,11.283332994416005,138.91925,138.7144370612197,21.16666603088379
8,11.299999660582056,138.92395,138.71701210802934,21.16666603088379
8,11.316666326748106,138.9286,138.719587154839,21.16666603088379
8,11.333332992914157,138.93321,138.72216220164862,21.16666603088379
8,11.349999659080206,138.9378,138.72473724845827,21.16666603088379
8,11.366666325246257,138.94234,138.7273122952679,21.16666603088379
8,11.383332991412306,138.94685,138.72992497241404,21.16666603088379
8,11.399999657578357,138.95131,138.73277736874078,21.16666603088379
8,11.416666323744407,138.95575,138.7356297650675,21.16666603088379
8,11.433332989910458,138.96013,138.73848216139424,21.16666603088379
8,11.449999656076507,138.9645,138.741334557721,21.16666603088379
8,11.466666322242558,138.96881,138.74418695404773,21.16666603088379
8,11.483332988408607,138.97308,138.74703935037448,21.16666603088379
8,11.499999654574658,138.97733,138.7499584288109,21.16666603088379
8,11.516666320740708,138.98152,138.75289929006982,21.16666603088379
8,11.533332986906759,138.98569,138.75584015132873,21.16666603088379
8,11.54999965307281,138.9898,138.75878101258766,21.16666603088379
8,11.566666319238859,138.99391,138.76172187384657,21.16666603088379
8,11.58333298540491,138.9981,138.7646627351055,21.16666603088379
8,11.59999965157096,139.00224,138.767400882751,21.16666603088379
8,11.61666631773701,139.00636,138.76979660875216,21.16666603088379
8,11.63333298390306,139.01047,138.77219233475333,21.16666603088379
8,11.64999965006911,139.01453,138.7745880607545,21.16666603088379
8,11.66666631623516,139.01855,138.77698378675566,21.16666603088379
8,11.683332982401211,139.02257,138.77937951275683,21.16666603088379
8,11.69999964856726,139.02654,138.781775238758,21.16666603088379
8,11.716666314733311,139.03049,138.7848597368856,21.16666603088379
8,11.73333298089936,139.03441,138.78795122762364,21.16666603088379
8,11.749999647065412,139.0383,138.7910427183617,21.16666603088379
8,11.766666313231461,139.04216,138.79413420909972,21.16666603088379
8,11.783332979397512,139.04599,138.79722569983775,21.16666603088379
8,11.799999645563563,139.04979,138.80031719057578,21.16666603088379
8,11.816666311729612,139.05356,138.80316444457046,21.16666603088379
8,11.833332977895664,139.05731,138.80585425669753,21.16666603088379
8,11.849999644061713,139.06102,138.80854406882457,21.16666603088379
8,11.866666310227764,139.06471,138.81123388095165,21.16666603088379
8,11.883332976393813,139.06836,138.81392369307872,21.16666603088379
8,11.899999642559864,139.07199,138.81661350520577,21.16666603088379
8,11.916666308725913,139.07559,138.81928655669446,21.16666603088379
8,11.933332974891965,139.07916,138.821902249554,21.16666603088379
8,11.949999641058014,139.0827,138.82451794241356,21.16666603088379
8,11.966666307224065,139.08621,138.82713363527313,21.16666603088379
8,11.983332973390114,139.08969,138.8297493281327,21.16666603088379
8,11.999999639556165,139.09314,138.83236502099226,21.16666603088379
8,12.016666305722215,139.09657,138.83498071385182,21.16666603088379
8,12.033332971888266,139.09998,138.83768925704356,21.16666603088379
8,12.049999638054317,139.10341,138.8404149333323,21.16666603088379
8,12.066666304220366,139.10683,138.84314060962106,21.16666603088379
8,12.083332970386417,139.11023,138.8458662859098,21.16666603088379
8,12.099999636552466,139.1136,138.84859196219858,21.16666603088379
8,12.116666302718517,139.11694,138.85131763848733,21.16666603088379
8,12.133332968884567,139.12027,138.8540753702479,21.16666603088379
8,12.149999635050618,139.12357,138.85687038391595,21.16666603088379
8,12.166666301216667,139.12685,138.85966539758397,21.16666603088379
8,12.183332967382718,139.1301,138.862460411252,21.16666603088379
8,12.199999633548767,139.13333,138.86525542492004,21.16666603088379
8,12.216666299714818,139.13654,138.86805043858806,21.16666603088379
8,12.233332965880868,139.13971,138.87081584780236,21.16666603088379
8,12.249999632046919,139.14287,138.873242656077,21.16666603088379
8,12.266666298212968,139.14601,138.87566946435163,21.16666603088379
8,12.283332964379019,139.14912,138.87809627262627,21.16666603088379
8,12.29999963054507,139.1522,138.8805230809009,21.16666603088379
8,12.31666629671112,139.15526,138.88294988917553,21.16666603088379
8,12.33333296287717,139.15831,138.88537669745017,21.16666603088379
8,12.34999962904322,139.16132,138.888065704586,21.16666603088379
8,12.36666629520927,139.1643,138.89086789108637,21.16666603088379
8,12.38333296137532,139.16728,138.89367007758673,21.16666603088379
8,12.399999627541371,139.17021,138.8964722640871,21.16666603088379
8,12.41666629370742,139.17314,138.89927445058748,21.16666603088379
8,12.433332959873471,139.17604,138.90207663708784,21.16666603088379
8,12.44999962603952,139.17891,138.90479934572235,21.16666603088379
8,12.466666292205572,139.18175,138.90735048309085,21.16666603088379
8,12.483332958371621,139.18459,138.90990162045938,21.16666603088379
8,12.499999624537672,139.18736,138.91245275782788,21.16666603088379
8,12.516666290703721,139.18967,138.91500389519638,21.16666603088379
8,12.533332956869772,139.19196,138.9175550325649,21.16666603088379
8,12.549999623035824,139.19424,138.9201061699334,21.16666603088379
8,12.566666289201873,139.19653,138.92255450871986,21.16666603088379
8,12.583332955367924,139.19882,138.92499566265917,21.16666603088379
8,12.599999621533973,139.20111,138.9274368165985,21.16666603088379
8,12.616666287700024,139.2034,138.9298779705378,21.16666603088379
8,12.633332953866073,139.20569,138.93231912447712,21.16666603088379
8,12.649999620032125,139.20798,138.93476027841643,21.16666603088379
8,12.666666286198174,139.21027,138.9374036413478,21.16666603088379
8,12.683332952364225,139.21255,138.9402106097364,21.16666603088379
8,12.699999618530274,139.21486,138.943017578125,21.16666603088379
8,12.716666284696325,139.21715,138.9458245465136,21.16666603088379
8,12.733332950862374,139.21944,138.9486315149022,21.16666603088379
8,12.749999617028426,139.22173,138.9514384832908,21.16666603088379
8,12.766666283194475,139.22401,138.95420786940207,21.16666603088379
8,12.783332949360526,139.2263,138.95679487093227,21.16666603088379
8,12.799999615526577,139.22859,138.95938187246247,21.16666603088379
8,12.816666281692626,139.23088,138.96196887399267,21.16666603088379
8,12.833332947858677,139.23317,138.96455587552288,21.16666603088379
8,12.849999614024727,139.23546,138.96714287705308,21.16666603088379
8,12.866666280190778,139.23775,138.96972987858328,21.16666603088379
8,12.883332946356827,139.24005,138.97230178953157,21.16666603088379
8,12.899999612522878,139.24234,138.97486966350885,21.16666603088379
8,12.916666278688927,139.24463,138.97743753748617,21.16666603088379
8,12.933332944854978,139.24692,138.98000541146345,21.16666603088379
8,12.949999611021028,139.2492,138.98257328544076,21.16666603088379
8,12.966666277187079,139.2515,138.98514115941805,21.16666603088379
8,12.983332943353128,139.25378,138.9876594002791,21.16666603088379
8,12.999999609519179,139.25607,138.99010533610667,21.16666603088379
8,13.016666275685228,139.25836,138.99255127193422,21.16666603088379
8,13.03333294185128,139.26065,138.99499720776174,21.16666603088379
8,13.049999608017329,139.26294,138.9974431435893,21.16666603088379
8,13.06666627418338,139.26523,138.99988907941682,21.16666603088379
8,13.08333294034943,139.26753,139.00234402634027,21.16666603088379
8,13.09999960651548,139.26982,139.00514860378476,21.16666603088379
8,13.116666272681531,139.27211,139.00795318122923,21.16666603088379
8,13.13333293884758,139.2744,139.01075775867372,21.16666603088379
8,13.149999605013631,139.27669,139.0135623361182,21.16666603088379
8,13.16666627117968,139.27898,139.01636691356268,21.16666603088379
8,13.183332937345732,139.28127,139.01917149100717,21.16666603088379
8,13.199999603511781,139.28355,139.02157621608944,21.16666603088379
8,13.216666269677832,139.28584,139.02375914806456,21.16666603088379
8,13.233332935843881,139.28804,139.02594208003967,21.16666603088379
8,13.249999602009932,139.28996,139.02812501201478,21.16666603088379
8,13.266666268175982,139.2919,139.03030794398992,21.16666603088379
8,13.283332934342033,139.29382,139.03249087596504,21.16666603088379
8,13.299999600508082,139.29576,139.0348562405804,21.16666603088379
8,13.316666266674133,139.29768,139.0377373282365,21.16666603088379
8,13.333332932840184,139.29962,139.0406184158926,21.16666603088379
8,13.349999599006233,139.30154,139.0434995035487,21.16666603088379
8,13.366666265172285,139.30348,139.04638059120478,21.16666603088379
8,13.383332931338334,139.3054,139.0492616788609,21.16666603088379
8,13.399999597504385,139.30734,139.05214276651697,21.16666603088379
8,13.416666263670434,139.30927,139.05484723669338,21.16666603088379
8,13.433332929836485,139.3112,139.05752748504398,21.16666603088379
8,13.449999596002534,139.31313,139.0602077333946,21.16666603088379
8,13.466666262168586,139.31506,139.0628879817452,21.16666603088379
8,13.483332928334635,139.31699,139.0655682300958,21.16666603088379
8,13.499999594500686,139.31892,139.0682484784464,21.16666603088379
8,13.516666260666735,139.32085,139.07070272851178,21.16666603088379
8,13.533332926832786,139.32278,139.07292869748093,21.16666603088379
8,13.549999592998835,139.3247,139.0751546664501,21.16666603088379
8,13.566666259164887,139.32664,139.07738063541922,21.16666603088379
8,13.583332925330938,139.32857,139.07960660438837,21.16666603088379
8,13.599999591496987,139.3305,139.08183257335753,21.16666603088379
8,13.616666257663038,139.33243,139.08410717821496,21.16666603088379
8,13.633332923829087,139.33437,139.086753953348,21.16666603088379
8,13.649999589995138,139.33629,139.08940072848102,21.16666603088379
8,13.666666256161188,139.33823,139.09204750361405,21.16666603088379
8,13.683332922327239,139.34015,139.09469427874708,21.16666603088379
8,13.699999588493288,139.34209,139.09734105388011,21.16666603088379
8,13.716666254659339,139.34401,139.09998782901314,21.16666603088379
8,13.733332920825388,139.34595,139.10249777966598,21.16666603088379
8,13.74999958699144,139.34787,139.1049580611582,21.16666603088379
8,13.766666253157489,139.34981,139.10741834265042,21.16666603088379
8,13.78333291932354,139.35173,139.10987862414262,21.16666603088379
8,13.799999585489589,139.35367,139.11233890563483,21.16666603088379
8,13.81666625165564,139.35559,139.11479918712706,21.16666603088379
8,13.833332917821691,139.3573,139.1173082486851,21.16666603088379
8,13.84999958398774,139.359,139.11990720493586,21.16666603088379
8,13.866666250153791,139.36069,139.12250616118664,21.16666603088379
8,13.88333291631984,139.36238,139.1251051174374,21.16666603088379
8,13.899999582485892,139.36409,139.12770407368816,21.16666603088379
8,13.916666248651941,139.36578,139.13030302993894,21.16666603088379
8,13.933332914817992,139.36748,139.13290198618972,21.16666603088379
8,13.949999580984041,139.36917,139.13527137576125,21.16666603088379
8,13.966666247150092,139.37086,139.13763362854485,21.16666603088379
8,13.983332913316142,139.37256,139.13999588132845,21.16666603088379
8,13.999999579482193,139.37425,139.14235813411202,21.16666603088379
8,14.016666245648242,139.37595,139.1447203868956,21.16666603088379
8,14.033332911814293,139.37764,139.14708263967918,21.16666603088379
8,14.049999577980342,139.37935,139.1496304489496,21.16666603088379
8,14.066666244146393,139.38104,139.1523083063561,21.16666603088379
8,14.083332910312444,139.38274,139.1549861637626,21.16666603088379
8,14.099999576478494,139.38443,139.1576640211691,21.16666603088379
8,14.116666242644545,139.38612,139.1603418785756,21.16666603088379
8,14.133332908810594,139.38782,139.1630197359821,21.16666603088379
8,14.149999574976645,139.38951,139.1656503031573,21.16666603088379
8,14.166666241142694,139.3912,139.16809862992895,21.16666603088379
8,14.183332907308746,139.3929,139.1705469567006,21.16666603088379
8,14.199999573474795,139.3946,139.17299528347226,21.16666603088379
8,14.216666239640846,139.3963,139.17544361024392,21.16666603088379
8,14.233332905806895,139.398,139.17789193701557,21.16666603088379
8,14.249999571972946,139.39969,139.18034026378723,21.16666603088379
8,14.266666238138995,139.40138,139.1829442542369,21.16666603088379
8,14.283332904305047,139.40308,139.1855814655935,21.16666603088379
8,14.299999570471096,139.40477,139.18821867695004,21.16666603088379
8,14.316666236637147,139.40646,139.19085588830663,21.16666603088379
8,14.333332902803198,139.40816,139.19349309966321,21.16666603088379
8,14.349999568969247,139.40987,139.19613031101977,21.16666603088379
8,14.366666235135298,139.41156,139.19874637633797,21.16666603088379
8,14.383332901301348,139.41325,139.20133576881227,21.16666603088379
8,14.399999567467399,139.41495,139.2039251612866,21.16666603088379
8,14.416666233633448,139.41649,139.2065145537609,21.16666603088379
8,14.433332899799499,139.41792,139.20910394623525,21.16666603088379
8,14.449999565965548,139.41937,139.21169333870955,21.16666603088379
8,14.4666662321316,139.4208,139.21426831343044,21.16666603088379
8,14.483332898297649,139.42226,139.21661861149346,21.16666603088379
8,14.4999995644637,139.42369,139.21896890955648,21.16666603088379
8,14.516666230629749,139.42514,139.2213192076195,21.16666603088379
8,14.5333328967958,139.42659,139.22366950568252,21.16666603088379
8,14.54999956296185,139.42802,139.22601980374554,21.16666603088379
8,14.5666662291279,139.42947,139.22837010180857,21.16666603088379
8,14.583332895293951,139.43091,139.23078203576756,21.16666603088379
8,14.59999956146,139.43236,139.23322318970688,21.16666603088379
8,14.616666227626052,139.4338,139.2356643436462,21.16666603088379
8,14.633332893792101,139.43524,139.2381054975855,21.16666603088379
8,14.649999559958152,139.43669,139.24054665152482,21.16666603088379
8,14.666666226124201,139.43813,139.24298780546414,21.16666603088379
8,14.683332892290252,139.43958,139.24551402414878,21.16666603088379
8,14.699999558456302,139.44101,139.24824209138166,21.16666603088379
8,14.716666224622353,139.44246,139.2509701586145,21.16666603088379
8,14.733332890788402,139.44391,139.2536982258474,21.16666603088379
8,14.749999556954453,139.44534,139.25642629308024,21.16666603088379
8,14.766666223120502,139.4468,139.25915436031312,21.16666603088379
8,14.783332889286553,139.44823,139.26188242754597,21.16666603088379
8,14.799999555452603,139.44968,139.26434590497354,21.16666603088379
8,14.816666221618654,139.45111,139.26678466796875,21.16666603088379
8,14.833332887784705,139.45256,139.26922343096396,21.16666603088379
8,14.849999553950754,139.45401,139.27166219395914,21.16666603088379
8,14.866666220116805,139.45544,139.27410095695436,21.16666603088379
8,14.883332886282854,139.45679,139.27653971994957,21.16666603088379
8,14.899999552448906,139.45808,139.27896574726256,21.16666603088379
8,14.916666218614955,139.4594,139.28138060081662,21.16666603088379
8,14.933332884781006,139.4607,139.2837954543707,21.16666603088379
8,14.949999550947055,139.46199,139.28621030792476,21.16666603088379
8,14.966666217113106,139.4633,139.28862516147885,21.16666603088379
8,14.983332883279155,139.4646,139.2910400150329,21.16666603088379
8,14.999999549445207,139.4659,139.29347721610483,21.16666603088379
8,15.016666215611256,139.46721,139.2960403081939,21.16666603088379
8,15.033332881777307,139.4685,139.29860340028299,21.16666603088379
8,15.049999547943356,139.46982,139.30116649237203,21.16666603088379
8,15.066666214109407,139.47112,139.3037295844611,21.16666603088379
8,15.083332880275458,139.47241,139.30629267655019,21.16666603088379
8,15.099999546441508,139.47372,139.30885576863926,21.16666603088379
8,15.116666212607559,139.47502,139.3113122414416,21.16666603088379
8,15.133332878773608,139.47633,139.31373665877214,21.16666603088379
8,15.149999544939659,139.47763,139.31616107610267,21.16666603088379
8,15.166666211105708,139.47893,139.3185854934332,21.16666603088379
8,15.18333287727176,139.48024,139.3210099107637,21.16666603088379
8,15.199999543437809,139.48154,139.32343432809424,21.16666603088379
8,15.21666620960386,139.48283,139.3259336816983,21.16666603088379
8,15.233332875769909,139.48415,139.32855176550197,21.16666603088379
8,15.24999954193596,139.48544,139.33116984930564,21.16666603088379
8,15.26666620810201,139.48676,139.3337879331093,21.16666603088379
8,15.28333287426806,139.48805,139.33640601691297,21.16666603088379
8,15.29999954043411,139.48929,139.33902410071667,21.16666603088379
8,15.31666620660016,139.4905,139.34164111520363,21.16666603088379
8,15.333332872766212,139.4917,139.34404640498124,21.16666603088379
8,15.349999538932261,139.4929,139.34645169475885,21.16666603088379
8,15.366666205098312,139.49411,139.34885698453647,21.16666603088379
8,15.383332871264361,139.49532,139.3512622743141,21.16666603088379
8,15.399999537430412,139.4965,139.35366756409172,21.16666603088379
8,15.416666203596462,139.49771,139.35607285386934,21.16666603088379
8,15.433332869762513,139.49892,139.35846473513627,21.16666603088379
8,15.449999535928562,139.50012,139.36084850641686,21.16666603088379
8,15.466666202094613,139.50133,139.36323227769748,21.16666603088379
8,15.483332868260662,139.50253,139.36561604897807,21.16666603088379
8,15.499999534426713,139.50374,139.36799982025866,21.16666603088379
8,15.516666200592763,139.50494,139.37038359153928,21.16666603088379
8,15.533332866758814,139.50613,139.37282215028299,21.16666603088379
8,15.549999532924863,139.50734,139.3754330612543,21.16666603088379
8,15.566666199090914,139.50854,139.37804397222564,21.16666603088379
8,15.583332865256965,139.50975,139.38065488319697,21.16666603088379
8,15.599999531423014,139.51096,139.3832657941683,21.16666603088379
8,15.616666197589065,139.51216,139.38587670513965,21.16666603088379
8,15.633332863755115,139.51337,139.38848761611098,21.16666603088379
8,15.649999529921166,139.51457,139.39074514794538,21.16666603088379
8,15.666666196087215,139.51578,139.39294481652928,21.16666603088379
8,15.683332862253266,139.51697,139.39514448511318,21.16666603088379
8,15.699999528419315,139.51817,139.3973441536971,21.16666603088379
8,15.716666194585367,139.5193,139.399543822281,21.16666603088379
8,15.733332860751416,139.52037,139.4017434908649,21.16666603088379
8,15.749999526917467,139.52145,139.40411437027097,21.16666603088379
8,15.766666193083516,139.52252,139.40667268047181,21.16666603088379
8,15.783332859249567,139.52359,139.40923099067268,21.16666603088379
8,15.799999525415616,139.52466,139.41178930087352,21.16666603088379
8,15.816666191581668,139.52573,139.41434761107436,21.16666603088379
8,15.833332857747719,139.5268,139.41690592127523,21.16666603088379
8,15.849999523913768,139.52786,139.41944848008043,21.16666603088379
8,15.866666190079819,139.52895,139.4218418151375,21.16666603088379
8,15.883332856245868,139.53001,139.42423515019453,21.16666603088379
8,15.89999952241192,139.53108,139.4266284852516,21.16666603088379
8,15.916666188577969,139.53215,139.42902182030866,21.16666603088379
8,15.93333285474402,139.53322,139.4314151553657,21.16666603088379
8,15.949999520910069,139.53429,139.43380849042276,21.16666603088379
8,15.96666618707612,139.53535,139.43629395492434,21.16666603088379
8,15.98333285324217,139.53644,139.4388164009635,21.16666603088379
8,15.99999951940822,139.5375,139.44133884700264,21.16666603088379
8,16.01666618557427,139.53857,139.4438612930418,21.16666603088379
8,16.03333285174032,139.53964,139.44638373908094,21.16666603088379
8,16.04999951790637,139.54071,139.4489061851201,21.16666603088379
8,16.06666618407242,139.54178,139.451346954586,21.16666603088379
8,16.08333285023847,139.54285,139.4536231333815,21.16666603088379
8,16.099999516404523,139.54393,139.45589931217705,21.16666603088379
8,16.116666182570572,139.545,139.45817549097256,21.16666603088379
8,16.13333284873662,139.54604,139.46045166976808,21.16666603088379
8,16.14999951490267,139.54703,139.46272784856362,21.16666603088379
8,16.166666181068724,139.548,139.46500402735913,21.16666603088379
8,16.183332847234773,139.549,139.4678433636042,21.16666603088379
8,16.199999513400822,139.54999,139.47071249653973,21.16666603088379
8,16.21666617956687,139.55098,139.47358162947526,21.16666603088379
8,16.233332845732924,139.55197,139.4764507624108,21.16666603088379
8,16.249999511898974,139.55295,139.47931989534632,21.16666603088379
8,16.266666178065023,139.55394,139.48218902828185,21.16666603088379
8,16.283332844231072,139.55493,139.48466850941574,21.16666603088379
8,16.299999510397125,139.55592,139.48685144139088,21.16666603088379
8,16.316666176563174,139.55692,139.489034373366,21.16666603088379
8,16.333332842729224,139.5579,139.4912173053411,21.16666603088379
8,16.349999508895277,139.55888,139.49340023731622,21.16666603088379
8,16.366666175061326,139.55988,139.49558316929134,21.16666603088379
8,16.383332841227375,139.56087,139.49780833326926,21.16666603088379
8,16.399999507393424,139.56186,139.5002184049351,21.16666603088379
8,16.416666173559477,139.56285,139.50262847660096,21.16666603088379
8,16.433332839725526,139.56383,139.50503854826678,21.16666603088379
8,16.449999505891576,139.56482,139.50744861993263,21.16666603088379
8,16.466666172057625,139.56581,139.50985869159848,21.16666603088379
8,16.483332838223678,139.5668,139.51226876326433,21.16666603088379
8,16.499999504389727,139.5678,139.51464615468905,21.16666603088379
8,16.516666170555776,139.5687,139.51701558030496,21.16666603088379
8,16.533332836721826,139.56956,139.5193850059209,21.16666603088379
8,16.54999950288788,139.57045,139.5217544315368,21.16666603088379
8,16.566666169053928,139.57132,139.52412385715274,21.16666603088379
8,16.583332835219977,139.57219,139.52649328276868,21.16666603088379
8,16.59999950138603,139.57306,139.52895253098856,21.16666603088379
8,16.61666616755208,139.57394,139.53153475063053,21.16666603088379
8,16.63333283371813,139.57481,139.53411697027252,21.16666603088379
8,16.649999499884178,139.57568,139.5366991899145,21.16666603088379
8,16.66666616605023,139.57655,139.53928140955648,21.16666603088379
8,16.68333283221628,139.57744,139.54186362919845,21.16666603088379
8,16.69999949838233,139.57831,139.54443460299274,21.16666603088379
8,16.71666616454838,139.57918,139.5467370821735,21.16666603088379
8,16.73333283071443,139.58005,139.54903956135428,21.16666603088379
8,16.74999949688048,139.58093,139.55134204053505,21.16666603088379
8,16.76666616304653,139.5818,139.5536445197158,21.16666603088379
8,16.78333282921258,139.58267,139.55594699889656,21.16666603088379
8,16.799999495378632,139.58354,139.55824947807733,21.16666603088379
8,16.81666616154468,139.58443,139.5606306541623,21.16666603088379
8,16.83333282771073,139.5853,139.5630526805487,21.16666603088379
8,16.849999493876783,139.58617,139.56547470693513,21.16666603088379
8,16.866666160042833,139.58704,139.56789673332153,21.16666603088379
8,16.883332826208882,139.58792,139.57031875970796,21.16666603088379
8,16.89999949237493,139.58879,139.57274078609436,21.16666603088379
8,16.916666158540984,139.58966,139.5752658994179,21.16666603088379
8,16.933332824707033,139.59053,139.57806091308595,21.16666603088379
8,16.949999490873083,139.59142,139.58085592675397,21.16666603088379
8,16.966666157039132,139.59229,139.583650940422,21.16666603088379
8,16.983332823205185,139.59315,139.58644595409004,21.16666603088379
8,16.999999489371234,139.59402,139.58924096775806,21.16666603088379
8,17.016666155537283,139.59491,139.59203598142608,21.16666603088379
8,17.033332821703333,139.59578,139.59424287090152,21.16666603088379
8,17.049999487869385,139.59665,139.5963803749385,21.16666603088379
8,17.066666154035435,139.59752,139.59851787897546,21.16666603088379
8,17.083332820201484,139.5984,139.60065538301242,21.16666603088379
8,17.099999486367537,139.59927,139.6027928870494,21.16666603088379
8,17.116666152533586,139.60014,139.60493039108636,21.16666603088379
8,17.133332818699635,139.60101,139.60722598578985,21.16666603088379
8,17.149999484865685,139.6019,139.6096719216174,21.16666603088379
8,17.166666151031738,139.60277,139.61211785744496,21.16666603088379
8,17.183332817197787,139.60364,139.61456379327248,21.16666603088379
8,17.199999483363836,139.6045,139.61700972910003,21.16666603088379
8,17.216666149529885,139.6054,139.61945566492756,21.16666603088379
8,17.233332815695938,139.60626,139.62191253421813,21.16666603088379
8,17.249999481861988,139.60713,139.62444215308963,21.16666603088379
8,17.266666148028037,139.60796,139.6269717719611,21.16666603088379
8,17.283332814194086,139.60872,139.62950139083262,21.16666603088379
8,17.29999948036014,139.60947,139.63203100970412,21.16666603088379
8,17.316666146526188,139.61021,139.6345606285756,21.16666603088379
8,17.333332812692237,139.61096,139.6370902474471,21.16666603088379
8,17.34999947885829,139.61172,139.63935849647822,21.16666603088379
8,17.36666614502434,139.61247,139.64153903750923,21.16666603088379
8,17.38333281119039,139.61322,139.64371957854024,21.16666603088379
8,17.399999477356438,139.61398,139.64590011957122,21.16666603088379
8,17.41666614352249,139.61473,139.64808066060223,21.16666603088379
8,17.43333280968854,139.61548,139.65026120163324,21.16666603088379
8,17.44999947585459,139.61623,139.65251190906434,21.16666603088379
8,17.46666614202064,139.61699,139.6548837256244,21.16666603088379
8,17.48333280818669,139.61774,139.65725554218443,21.16666603088379
8,17.49999947435274,139.61848,139.65962735874447,21.16666603088379
8,17.51666614051879,139.61923,139.66199917530452,21.16666603088379
8,17.53333280668484,139.62,139.66437099186453,21.16666603088379
8,17.549999472850892,139.62074,139.66674280842457,21.16666603088379
8,17.56666613901694,139.62149,139.66945373054565,21.16666603088379
8,17.58333280518299,139.62225,139.67216984305796,21.16666603088379
8,17.599999471349044,139.623,139.67488595557026,21.16666603088379
8,17.616666137515093,139.62375,139.67760206808256,21.16666603088379
8,17.633332803681142,139.6245,139.68031818059487,21.16666603088379
8,17.64999946984719,139.62526,139.68303429310717,21.16666603088379
8,17.666666136013244,139.626,139.68547791007936,21.16666603088379
8,17.683332802179294,139.62675,139.68774213415432,21.16666603088379
8,17.699999468345343,139.6275,139.69000635822928,21.16666603088379
8,17.716666134511392,139.62827,139.69227058230422,21.16666603088379
8,17.733332800677445,139.62901,139.69453480637918,21.16666603088379
8,17.749999466843494,139.62976,139.69679903045414,21.16666603088379
8,17.766666133009544,139.63051,139.699077528105,21.16666603088379
8,17.783332799175593,139.63127,139.70140630767102,21.16666603088379
8,17.799999465341646,139.63202,139.70373508723702,21.16666603088379
8,17.816666131507695,139.63277,139.70606386680302,21.16666603088379
8,17.833332797673744,139.63353,139.70839264636902,21.16666603088379
8,17.849999463839797,139.63428,139.71072142593505,21.16666603088379
8,17.866666130005846,139.63498,139.71305020550105,21.16666603088379
8,17.883332796171896,139.63567,139.71558565154788,21.16666603088379
8,17.899999462337945,139.63635,139.71816069835754,21.16666603088379
8,17.916666128503998,139.63705,139.72073574516716,21.16666603088379
8,17.933332794670047,139.63774,139.72331079197681,21.16666603088379
8,17.949999460836096,139.63843,139.72588583878644,21.16666603088379
8,17.966666127002146,139.63911,139.7284608855961,21.16666603088379
8,17.9833327931682,139.6398,139.73086427703618,21.16666603088379
8,17.999999459334248,139.64049,139.73306394562007,21.16666603088379
8,18.016666125500297,139.64117,139.73526361420397,21.16666603088379
8,18.033332791666346,139.64186,139.7374632827879,21.16666603088379
8,18.0499994578324,139.64255,139.7396629513718,21.16666603088379
8,18.06666612399845,139.64323,139.7418626199557,21.16666603088379
8,18.083332790164498,139.64394,139.74410229780543,21.16666603088379
8,18.09999945633055,139.64462,139.7468327559824,21.16666603088379
8,18.1166661224966,139.64531,139.7495632141594,21.16666603088379
8,18.13333278866265,139.646,139.75229367233638,21.16666603088379
8,18.1499994548287,139.64668,139.75502413051336,21.16666603088379
8,18.16666612099475,139.64737,139.75775458869032,21.16666603088379
8,18.1833327871608,139.64806,139.7604850468673,21.16666603088379
8,18.19999945332685,139.64874,139.7628059687577,21.16666603088379
8,18.2166661194929,139.64943,139.76494586373877,21.16666603088379
8,18.233332785658952,139.65013,139.76708575871984,21.16666603088379
8,18.249999451825,139.65082,139.76922565370094,21.16666603088379
8,18.26666611799105,139.6515,139.771365548682,21.16666603088379
8,18.2833327841571,139.65219,139.7735054436631,21.16666603088379
8,18.299999450323153,139.65288,139.77572281003938,21.16666603088379
8,18.316666116489202,139.65356,139.7781113632082,21.16666603088379
8,18.33333278265525,139.65425,139.78049991637704,21.16666603088379
8,18.349999448821304,139.65494,139.78288846954587,21.16666603088379
8,18.366666114987353,139.65562,139.7852770227147,21.16666603088379
8,18.383332781153403,139.65627,139.78766557588352,21.16666603088379
8,18.399999447319452,139.6569,139.79005412905235,21.16666603088379
8,18.416666113485505,139.65755,139.7923359908457,21.16666603088379
8,18.433332779651554,139.65819,139.7946097786971,21.16666603088379
8,18.449999445817603,139.65883,139.7968835665485,21.16666603088379
8,18.466666111983653,139.65945,139.7991573543999,21.16666603088379
8,18.483332778149705,139.6601,139.80143114225132,21.16666603088379
8,18.499999444315755,139.66074,139.80370493010273,21.16666603088379
8,18.516666110481804,139.66138,139.80614896759275,21.16666603088379
8,18.533332776647853,139.66202,139.80873357817882,21.16666603088379
8,18.549999442813906,139.66266,139.81131818876491,21.16666603088379
8,18.566666108979955,139.6633,139.813902799351,21.16666603088379
8,18.583332775146005,139.66394,139.8164874099371,21.16666603088379
8,18.599999441312058,139.66457,139.81907202052318,21.16666603088379
8,18.616666107478107,139.6652,139.82161975770484,21.16666603088379
8,18.633332773644156,139.66585,139.82398201048844,21.16666603088379
8,18.649999439810205,139.66649,139.82634426327203,21.16666603088379
8,18.666666105976258,139.66713,139.8287065160556,21.16666603088379
8,18.683332772142307,139.66777,139.8310687688392,21.16666603088379
8,18.699999438308357,139.66841,139.83343102162277,21.16666603088379
8,18.716666104474406,139.66905,139.83579327440637,21.16666603088379
8,18.73333277064046,139.6697,139.83807118333232,21.16666603088379
8,18.749999436806508,139.67032,139.8403258436308,21.16666603088379
8,18.766666102972557,139.67096,139.84258050392933,21.16666603088379
8,18.783332769138607,139.6716,139.84483516422782,21.16666603088379
8,18.79999943530466,139.67224,139.84708982452634,21.16666603088379
8,18.81666610147071,139.67288,139.84934448482483,21.16666603088379
8,18.833332767636758,139.67352,139.85169718584677,21.16666603088379
8,18.84999943380281,139.67416,139.85419572244479,21.16666603088379
8,18.86666609996886,139.6748,139.85669425904283,21.16666603088379
8,18.88333276613491,139.67538,139.85919279564084,21.16666603088379
8,18.89999943230096,139.67592,139.86169133223888,21.16666603088379
8,18.91666609846701,139.67645,139.8641898688369,21.16666603088379
8,18.93333276463306,139.67699,139.86668715589627,21.16666603088379
8,18.94999943079911,139.67752,139.86912352794738,21.16666603088379
8,18.96666609696516,139.67804,139.87155989999846,21.16666603088379
8,18.983332763131212,139.67857,139.87399627204954,21.16666603088379
8,18.99999942929726,139.67911,139.87643264410065,21.16666603088379
8,19.01666609546331,139.67964,139.87886901615173,21.16666603088379
8,19.03333276162936,139.68018,139.8813053882028,21.16666603088379
8,19.049999427795413,139.68071,139.88349151611328,21.16666603088379
8,19.066666093961462,139.68124,139.88553577332985,21.16666603088379
8,19.08333276012751,139.68178,139.88758003054642,21.16666603088379
8,19.099999426293564,139.68231,139.88962428776298,21.16666603088379
8,19.116666092459614,139.68285,139.89166854497955,21.16666603088379
8,19.133332758625663,139.68338,139.89371280219612,21.16666603088379
8,19.149999424791712,139.68391,139.89595988115926,21.16666603088379
8,19.166666090957765,139.68443,139.89879554087722,21.16666603088379
8,19.183332757123814,139.68497,139.90163120059518,21.16666603088379
8,19.199999423289864,139.6855,139.9044668603131,21.16666603088379
8,19.216666089455913,139.68604,139.90730252003107,21.16666603088379
8,19.233332755621966,139.68657,139.91013817974903,21.16666603088379
8,19.249999421788015,139.6871,139.91297383946696,21.16666603088379
8,19.266666087954064,139.68764,139.91514887772206,21.16666603088379
8,19.283332754120114,139.68817,139.91722899910033,21.16666603088379
8,19.299999420286166,139.6887,139.9193091204786,21.16666603088379
8,19.316666086452216,139.68924,139.92138924185684,21.16666603088379
8,19.333332752618265,139.68977,139.9234693632351,21.16666603088379
8,19.349999418784318,139.6903,139.92554948461338,21.16666603088379
8,19.366666084950367,139.69083,139.9276778814361,21.16666603088379
8,19.383332751116416,139.69136,139.92985603152297,21.16666603088379
8,19.399999417282466,139.6919,139.93203418160988,21.16666603088379
8,19.41666608344852,139.69243,139.93421233169676,21.16666603088379
8,19.433332749614568,139.69296,139.93639048178366,21.16666603088379
8,19.449999415780617,139.6935,139.93856863187054,21.16666603088379
8,19.466666081946666,139.69403,139.940791717289,21.16666603088379
8,19.48333274811272,139.69456,139.9433763278751,21.16666603088379
8,19.49999941427877,139.6951,139.94596093846118,21.16666603088379
8,19.516666080444818,139.69563,139.94854554904728,21.16666603088379
8,19.533332746610867,139.69617,139.95113015963338,21.16666603088379
8,19.54999941277692,139.69669,139.95371477021945,21.16666603088379
8,19.56666607894297,139.69722,139.95629938080555,21.16666603088379
8,19.58333274510902,139.69775,139.95876726766272,21.16666603088379
8,19.59999941127507,139.69829,139.96119168499322,21.16666603088379
8,19.61666607744112,139.69882,139.96361610232375,21.16666603088379
8,19.63333274360717,139.69936,139.96604051965429,21.16666603088379
8,19.64999940977322,139.69989,139.96846493698482,21.16666603088379
8,19.666666075939272,139.70042,139.97088935431532,21.16666603088379
8,19.68333274210532,139.70096,139.97323501466767,21.16666603088379
8,19.69999940827137,139.70149,139.97543229230746,21.16666603088379
8,19.71666607443742,139.70203,139.97762956994725,21.16666603088379
8,19.733332740603473,139.70256,139.97982684758705,21.16666603088379
8,19.749999406769522,139.70308,139.98202412522684,21.16666603088379
8,19.76666607293557,139.70361,139.98422140286664,21.16666603088379
8,19.78333273910162,139.70415,139.98641868050643,21.16666603088379
8,19.799999405267673,139.70468,139.98895045002615,21.16666603088379
8,19.816666071433723,139.70522,139.9914944145623,21.16666603088379
8,19.833332737599772,139.70575,139.9940383790985,21.16666603088379
8,19.849999403765825,139.70628,139.99658234363466,21.16666603088379
8,19.866666069931874,139.70682,139.99912630817082,21.16666603088379
8,19.883332736097923,139.70735,140.001670272707,21.16666603088379
8,19.899999402263973,139.70787,140.00408740907204,21.16666603088379
8,19.916666068430025,139.70834,140.00641379769394,21.16666603088379
8,19.933332734596075,139.70883,140.00874018631583,21.16666603088379
8,19.949999400762124,139.70932,140.01106657493773,21.16666603088379
8,19.966666066928173,139.70981,140.0133929635596,21.16666603088379
8,19.983332733094226,139.7103,140.0157193521815,21.16666603088379
8,19.999999399260275,139.71077,140.01803084245816,21.16666603088379
8,20.016666065426325,139.71126,140.02028311181257,21.16666603088379
8,20.033332731592374,139.71175,140.02253538116696,21.16666603088379
8,20.049999397758427,139.71223,140.02478765052135,21.16666603088379
8,20.066666063924476,139.7127,140.02703991987573,21.16666603088379
8,20.083332730090525,139.7132,140.02929218923012,21.16666603088379
8,20.099999396256578,139.71368,140.03154445858453,21.16666603088379
8,20.116666062422627,139.71417,140.03388485645684,21.16666603088379
8,20.133332728588677,139.71465,140.03624471829633,21.16666603088379
8,20.149999394754726,139.71513,140.0386045801358,21.16666603088379
8,20.16666606092078,139.71562,140.04096444197526,21.16666603088379
8,20.183332727086828,139.71611,140.04332430381476,21.16666603088379
8,20.199999393252877,139.7166,140.04568416565422,21.16666603088379
8,20.216666059418927,139.71707,140.04797399325633,21.16666603088379
8,20.23333272558498,139.71756,140.05017366184023,21.16666603088379
8,20.24999939175103,139.71805,140.05237333042416,21.16666603088379
8,20.266666057917078,139.71854,140.05457299900806,21.16666603088379
8,20.283332724083127,139.71901,140.05677266759196,21.16666603088379
8,20.29999939024918,139.7195,140.05897233617588,21.16666603088379
8,20.31666605641523,139.71999,140.06118574968474,21.16666603088379
8,20.33333272258128,139.72047,140.0636340764564,21.16666603088379
8,20.34999938874733,139.72096,140.06608240322805,21.16666603088379
8,20.36666605491338,139.72144,140.06853072999968,21.16666603088379
8,20.38333272107943,139.72192,140.07097905677134,21.16666603088379
8,20.39999938724548,139.72241,140.073427383543,21.16666603088379
8,20.416666053411532,139.7229,140.07587571031465,21.16666603088379
8,20.43333271957758,139.72337,140.07826607771747,21.16666603088379
8,20.44999938574363,139.72386,140.08062833050104,21.16666603088379
8,20.46666605190968,139.72435,140.08299058328464,21.16666603088379
8,20.483332718075733,139.72484,140.0853528360682,21.16666603088379
8,20.499999384241782,139.72531,140.0877150888518,21.16666603088379
8,20.51666605040783,139.7258,140.0900773416354,21.16666603088379
8,20.53333271657388,139.72629,140.09245631901297,21.16666603088379
8,20.549999382739934,139.72678,140.0948759544553,21.16666603088379
8,20.566666048905983,139.72726,140.09729558989758,21.16666603088379
8,20.583332715072032,139.72774,140.09971522533988,21.16666603088379
8,20.599999381238085,139.72823,140.10213486078217,21.16666603088379
8,20.616666047404134,139.72871,140.10455449622447,21.16666603088379
8,20.633332713570184,139.7292,140.10697413166676,21.16666603088379
8,20.649999379736233,139.72968,140.10921109417293,21.16666603088379
8,20.666666045902286,139.73016,140.11142989030972,21.16666603088379
8,20.683332712068335,139.73062,140.11364868644654,21.16666603088379
8,20.699999378234384,139.73106,140.11586748258335,21.16666603088379
8,20.716666044400434,139.7315,140.11808627872017,21.16666603088379
8,20.733332710566486,139.73196,140.120305074857,21.16666603088379
8,20.749999376732536,139.7324,140.12250242458555,21.16666603088379
8,20.766666042898585,139.73285,140.12468057467242,21.16666603088379
8,20.783332709064634,139.7333,140.12685872475933,21.16666603088379
8,20.799999375230687,139.73375,140.1290368748462,21.16666603088379
8,20.816666041396736,139.73419,140.1312150249331,21.16666603088379
8,20.833332707562786,139.73463,140.13339317502,21.16666603088379
8,20.84999937372884,139.73509,140.135622544176,21.16666603088379
8,20.866666039894888,139.73553,140.1381521630475,21.16666603088379
8,20.883332706060937,139.73598,140.14068178191897,21.16666603088379
8,20.899999372226986,139.73643,140.14321140079048,21.16666603088379
8,20.91666603839304,139.73688,140.14574101966198,21.16666603088379
8,20.93333270455909,139.73732,140.14827063853346,21.16666603088379
8,20.949999370725138,139.73778,140.15080025740497,21.16666603088379
8,20.966666036891187,139.73822,140.15303585022454,21.16666603088379
8,20.98333270305724,139.73866,140.15518052709385,21.16666603088379
8,20.99999936922329,139.7391,140.15732520396315,21.16666603088379
8,21.01666603538934,139.73956,140.15946988083246,21.16666603088379
8,21.033332701555388,139.74,140.16161455770177,21.16666603088379
8,21.04999936772144,139.74045,140.16375923457107,21.16666603088379
8,21.06666603388749,139.7409,140.16606279508335,21.16666603088379
8,21.08333270005354,139.74135,140.16862349622832,21.16666603088379
8,21.099999366219592,139.74179,140.17118419737326,21.16666603088379
8,21.11666603238564,139.74223,140.17374489851824,21.16666603088379
8,21.13333269855169,139.74269,140.1763055996632,21.16666603088379
8,21.14999936471774,139.74313,140.17886630080815,21.16666603088379
8,21.16666603088379,139.74358,140.18142700195312,21.16666603088379
8,21.18333269715309,139.74358,139.77425537109374,21.16666603088379
8,21.199999363422393,139.74402,139.77755920410155,21.16666603088379
8,21.216666029691694,139.745,139.69929321289064,21.16666603088379
8,21.233332695961,139.74278,139.5990966796875,21.16666603088379
8,21.2499993622303,139.75003,139.59068222045897,21.16666603088379
8,21.266666028499603,139.76582,139.59865203857422,21.16666603088379
8,21.283332694768905,139.70609,139.43829483032226,21.16666603088379
8,21.299999361038207,139.49675,139.0899609375,21.16666603088379
8,21.31666602730751,139.03317,138.54675537109375,21.16666603088379
8,21.333332693576814,138.30984,137.77777404785155,21.16666603088379
8,21.349999359846116,137.3001,136.72876251220703,21.16666603088379
8,21.366666026115418,136.01059,135.35615661621094,21.16666603088379
8,21.38333269238472,134.49313,133.68170837402343,21.16666603088379
8,21.39999935865402,132.77605,131.79208374023438,21.16666603088379
8,21.416666024923323,130.86485,129.79495086669922,21.16666603088379
8,21.43333269119263,128.95291,127.76085144042969,21.16666603088379
8,21.44999935746193,126.900246,125.7307699584961,21.16666603088379
8,21.466666023731232,124.84757,123.72006927490234,21.16666603088379
8,21.483332690000534,122.75878,121.7341722869873,21.16666603088379
8,21.499999356269836,120.65731,119.76612854003906,21.16666603088379
8,21.516666022539138,118.55646,117.80910797119141,21.16666603088379
8,21.533332688808443,116.483284,115.85477584838867,21.16666603088379
8,21.549999355077745,114.4101,113.90150817871094,21.16666603088379
8,21.566666021347046,112.36502,111.96388519287109,21.16666603088379
8,21.58333268761635,110.38421,110.05914306640625,21.16666603088379
8,21.59999935388565,108.4034,108.19376708984375,21.16666603088379
8,21.616666020154952,106.436775,106.36706871032715,21.16666603088379
8,21.633332686424254,104.60249,104.57102569580077,21.16666603088379
8,21.64999935269356,102.76821,102.79350952148437,21.16666603088379
8,21.66666601896286,100.93393,101.01796417236328,21.16666603088379
8,21.683332685232163,99.14776,99.23600204467773,21.16666603088379
8,21.699999351501464,97.46752,97.44777954101562,21.16666603088379
8,21.716666017770766,95.78729,95.65957550048827,21.16666603088379
8,21.733332684040068,94.10706,93.88526947021484,21.16666603088379
8,21.749999350309373,92.52211,92.14760818481446,21.16666603088379
8,21.766666016578675,91.02243,90.46787353515624,21.16666603088379
8,21.783332682847977,89.52276,88.86587860107421,21.16666603088379
8,21.79999934911728,88.02309,87.35809173583984,21.16666603088379
8,21.81666601538658,86.53504,85.95112289428711,21.16666603088379
8,21.833332681655882,85.22327,84.63964691162109,21.16666603088379
8,21.849999347925188,83.91149,83.41230117797852,21.16666603088379
8,21.86666601419449,82.59972,82.23960357666016,21.16666603088379
8,21.88333268046379,81.28794,81.07863014221192,21.16666603088379
8,21.899999346733093,79.976166,79.89127075195312,21.16666603088379
8,21.916666013002395,78.81864,78.64491920471191,21.16666603088379
8,21.933332679271697,77.70156,77.34355834960937,21.16666603088379
8,21.949999345541002,76.58449,76.02998764038085,21.16666603088379
8,21.966666011810304,75.46741,74.76220886230467,21.16666603088379
8,21.983332678079606,74.35033,73.5857502746582,21.16666603088379
8,21.999999344348907,73.23325,72.51676559448242,21.16666603088379
8,22.01666601061821,72.21111,71.54101936340332,21.16666603088379
8,22.03333267688751,71.259415,70.6289224243164,21.16666603088379
8,22.049999343156813,70.30771,69.75264984130858,21.16666603088379
8,22.066666009426118,69.356,68.89405578613281,21.16666603088379
8,22.08333267569542,68.4043,68.03240242004394,21.16666603088379
8,22.099999341964722,67.4526,67.16886138916016,21.16666603088379
8,22.116666008234024,66.55883,66.30176986694336,21.16666603088379
8,22.133332674503325,65.769905,65.4351301574707,21.16666603088379
8,22.149999340772627,64.98098,64.57910522460938,21.16666603088379
8,22.166666007041933,64.192055,63.735095214843746,21.16666603088379
8,22.183332673311234,63.40313,62.91090972900391,21.16666603088379
8,22.199999339580536,62.614204,62.10738037109374,21.16666603088379
8,22.216666005849838,61.82528,61.32972091674805,21.16666603088379
8,22.23333267211914,61.038773,60.57345138549804,21.16666603088379
8,22.24999933838844,60.380573,59.838091087341304,21.16666603088379
8,22.266666004657747,59.722374,59.128032989501946,21.16666603088379
8,22.28333267092705,59.064175,58.433570251464836,21.16666603088379
8,22.29999933719635,58.40597,57.75886627197266,21.16666603088379
8,22.316666003465652,57.747772,57.099969940185545,21.16666603088379
8,22.333332669734954,57.089573,56.455026626586914,21.16666603088379
8,22.349999336004256,56.431374,55.82837196350098,21.16666603088379
8,22.36666600227356,55.842228,55.2143896484375,21.16666603088379
8,22.383332668542863,55.285427,54.614274978637695,21.16666603088379
8,22.399999334812165,54.728622,54.027300567626945,21.16666603088379
8,22.416666001081467,54.171818,53.45674514770508,21.16666603088379
8,22.43333266735077,53.615013,52.899204559326165,21.16666603088379
8,22.44999933362007,53.058212,52.35376407623291,21.16666603088379
8,22.466665999889372,52.501408,51.82666221618652,21.16666603088379
8,22.483332666158677,51.982204,51.31049999237061,21.16666603088379
8,22.49999933242798,51.534817,50.81016235351562,21.16666603088379
8,22.51666599869728,51.087433,50.32219726562499,21.16666603088379
8,22.533332664966583,50.64005,49.84757873535156,21.16666603088379
8,22.549999331235885,50.192665,49.38936988830566,21.16666603088379
8,22.566665997505186,49.74528,48.943110656738284,21.16666603088379
8,22.583332663774492,49.297894,48.511496734619136,21.16666603088379
8,22.599999330043794,48.85051,48.09001541137695,21.16666603088379
8,22.616665996313095,48.403126,47.68327850341797,21.16666603088379
8,22.633332662582397,47.95574,47.28613830566406,21.16666603088379
8,22.6499993288517,47.545597,46.89933547973632,21.16666603088379
8,22.666665995121,47.182156,46.52676200866699,21.16666603088379
8,22.683332661390306,46.818718,46.160850524902344,21.16666603088379
8,22.699999327659608,46.455276,45.80853927612304,21.16666603088379
8,22.71666599392891,46.09184,45.46067962646484,21.16666603088379
8,22.73333266019821,45.728397,45.12226722717285,21.16666603088379
8,22.749999326467513,45.36496,44.79418392181396,21.16666603088379
8,22.766665992736815,45.00152,44.47308532714844,21.16666603088379
8,22.78333265900612,44.63808,44.16051219940185,21.16666603088379
8,22.799999325275422,44.274643,43.85109992980957,21.16666603088379
8,22.816665991544724,43.947018,43.55229976654052,21.16666603088379
8,22.833332657814026,43.64946,43.256675720214844,21.16666603088379
