row_index,simulation_id,CUT_min,heating_time_min,cooling_time_min,retort_temperature_C,true_log10_F,predicted_direct_log10_F,predicted_trajectory_log10_F,true_F_min,predicted_direct_F_min,predicted_trajectory_F_min,true_retention_index,predicted_retention_index,direct_minus_trajectory_log10_F,direct_log10_F_error,trajectory_log10_F_error,retention_error
3,4,2.1166666,17.616667,1.4666667,130.72052,1.9924132,1.9950149,1.995456,98.26824,98.8587,98.95915,0.86971277,0.8694704,-0.00044107437,0.0026017427,0.003042817,-0.00024235249
8,9,3.3666666,5.8333335,2.4666667,136.91977,1.7458215,1.7476323,1.7477611,55.695675,55.928383,55.94498,0.9230223,0.9227746,-0.00012886524,0.0018107891,0.0019396544,-0.0002476573
15,16,2.85,10.85,2.9166667,134.24008,2.026148,2.0252206,2.0252302,106.205765,105.979195,105.98153,0.88256973,0.8824947,-9.536743e-06,-0.0009274483,-0.00091791153,-7.504225e-05
16,17,2.8666666,14.2,3.5333333,126.57097,1.4215616,1.4219304,1.421168,26.397427,26.419855,26.373512,0.937595,0.9376587,0.0007624626,0.00036883354,-0.00039362907,6.3717365e-05
18,19,3.45,11.266666,4.85,124.49038,1.0430158,1.0342584,1.0338743,11.041189,10.820775,10.81121,0.9629007,0.9629854,0.00038409233,-0.008757472,-0.009141564,8.46982e-05
20,21,2.05,11.383333,3.3333333,130.66318,1.6766715,1.6746755,1.6779923,47.497585,47.279785,47.64226,0.92114574,0.9208052,-0.0033168793,-0.0019960403,0.0013208389,-0.00034052134
25,26,2.9833333,9.416667,4.1666665,135.41705,2.0440745,2.0361311,2.0356915,110.68137,108.67538,108.565414,0.88470817,0.88508415,0.00043964386,-0.007943392,-0.008383036,0.0003759861
28,29,3.7333333,14.1,4.7,122.30601,0.978139,0.9822133,0.9808281,9.50909,9.59872,9.568152,0.96332943,0.9632545,0.001385212,0.004074335,0.0026891232,-7.492304e-05
29,30,4.0833335,6.2,1.1166667,122.93033,0.31145912,0.31447744,0.3145379,2.0486093,2.0628965,2.0631838,0.98563,0.98547494,-6.0468912e-05,0.0030183196,0.0030787885,-0.00015503168
30,31,1.4166666,8.933333,4.7166667,129.12315,1.2845079,1.2803851,1.2798437,19.253418,19.071512,19.04775,0.9530165,0.95313424,0.0005414486,-0.004122734,-0.0046641827,0.00011771917
31,32,3.0833333,12.333333,1.2,127.011055,1.3730191,1.3679367,1.369503,23.60582,23.33118,23.415478,0.94373566,0.94364166,-0.0015662909,-0.005082369,-0.003516078,-9.3996525e-05
34,35,1.1333333,5.6666665,1.6,137.5615,1.6483046,1.6562426,1.6585996,44.49432,45.315063,45.56167,0.9294107,0.92905915,-0.002357006,0.007938027,0.010295033,-0.0003515482
37,38,2.2833333,7.0,2.85,122.33824,0.33388752,0.32588422,0.32751223,2.1571856,2.1177964,2.12575,0.9852403,0.9853668,-0.0016280115,-0.0080032945,-0.006375283,0.00012654066
43,44,2.9166667,12.166667,2.9333334,122.42321,0.87201816,0.87171435,0.8707476,7.4476314,7.4424233,7.4258747,0.9691006,0.96920353,0.00096672773,-0.00030380487,-0.0012705326,0.00010293722
50,51,2.05,9.75,1.5,137.07663,2.224392,2.2248206,2.2255948,167.64552,167.81108,168.11047,0.85708445,0.8570493,-0.0007741451,0.0004286766,0.0012028217,-3.516674e-05
52,53,1.1,19.25,3.2,125.30592,1.4811337,1.4816431,1.4823605,30.278454,30.31399,30.364105,0.9268173,0.92699677,-0.0007174015,0.0005093813,0.0012267828,0.00017946959
67,68,2.9833333,5.2,3.2666667,128.43985,0.6504821,0.65493244,0.6540416,4.4717975,4.5178566,4.508599,0.9780659,0.9781641,0.000890851,0.004450321,0.0035594702,9.816885e-05
71,72,1.7666667,8.716666,4.1833334,137.27406,2.1472173,2.1397333,2.1387532,140.35158,137.95367,137.64268,0.87298083,0.87332755,0.0009801388,-0.007483959,-0.008464098,0.00034672022
73,74,2.0333333,15.016666,4.9166665,134.01724,2.2273827,2.2292824,2.229146,168.80397,169.54399,169.49075,0.83811504,0.8383513,0.00013637543,0.0018997192,0.0017633438,0.00023627281
76,77,3.4166667,12.666667,3.3833334,129.56813,1.6570128,1.6597059,1.662772,45.3955,45.67787,46.001507,0.9200138,0.9204579,-0.0030661821,0.002693057,0.005759239,0.0004441142
104,105,3.6333334,16.833334,4.1,135.84283,2.504947,2.5056667,2.5062406,319.85043,320.38098,320.8046,0.77071005,0.770689,-0.0005738735,0.0007197857,0.0012936592,-2.104044e-05
105,106,3.45,10.15,4.9333334,124.75875,0.9755945,0.97510666,0.975105,9.453541,9.442927,9.442891,0.96629924,0.9662634,1.66893e-06,-0.00048786402,-0.00048953295,-3.582239e-05
106,107,2.75,11.15,4.733333,124.34874,1.0003043,1.0001743,0.9996089,10.0070095,10.004013,9.990997,0.964674,0.9647212,0.00056540966,-0.00013005733,-0.000695467,4.720688e-05
107,108,3.9166667,16.983334,2.55,125.266495,1.4183205,1.4210974,1.4205407,26.20116,26.369226,26.335447,0.9342027,0.93403715,0.0005567074,0.0027768612,0.0022201538,-0.0001655221
118,119,1.55,10.983334,4.4,134.69505,2.0584438,2.0599642,2.060656,114.40468,114.80589,114.98894,0.87836885,0.87836325,-0.0006918907,0.0015203953,0.002212286,-5.6028366e-06
122,123,1.7166667,18.45,4.116667,126.91679,1.624538,1.6292709,1.6290252,42.12481,42.5864,42.562313,0.9141075,0.9140449,0.00024569035,0.0047329664,0.004487276,-6.258488e-05
123,124,1.5,8.366667,4.1666665,124.639244,0.73302597,0.7381747,0.7343221,5.407867,5.47236,5.42403,0.97570133,0.9755592,0.0038526058,0.005148709,0.001296103,-0.00014215708
140,141,2.1166666,10.15,4.25,128.87785,1.3720857,1.3892927,1.3901405,23.55514,24.507145,24.555035,0.94630677,0.94505703,-0.00084781647,0.017207026,0.018054843,-0.0012497306
144,145,4.4666667,7.8,3.4333334,124.34786,0.7211791,0.71871734,0.71875745,5.262343,5.232598,5.233081,0.97634816,0.9763208,-4.0113926e-05,-0.002461791,-0.002421677,-2.7358532e-05
148,149,4.8,17.55,3.8,137.3816,2.7033672,2.698526,2.7001166,505.0882,499.48898,501.32184,0.7135799,0.7145362,-0.0015907288,-0.0048413277,-0.003250599,0.0009562969
156,157,4.6666665,19.15,4.733333,123.7784,1.3477407,1.3474805,1.3481169,22.271048,22.257713,22.29035,0.93714345,0.93707854,-0.0006363392,-0.00026011467,0.00037622452,-6.490946e-05
162,163,3.5333333,15.116667,1.3166667,129.75743,1.8024123,1.8028452,1.8035855,63.44717,63.510456,63.61881,0.90000695,0.9000564,-0.0007402897,0.00043296814,0.0011732578,4.9471855e-05
175,176,1.7666667,14.35,1.6,126.669266,1.4246796,1.4294676,1.4301571,26.587631,26.88237,26.925085,0.93737596,0.93717456,-0.00068950653,0.004787922,0.0054774284,-0.0002014041
178,179,4.9666667,16.583334,3.7833333,128.01033,1.6919085,1.6942402,1.6953764,49.19359,49.458416,49.58798,0.90933365,0.90948415,-0.0011361837,0.0023317337,0.0034679174,0.00015050173
186,187,2.4666667,8.8,2.3,139.0965,2.352778,2.3605828,2.3620493,225.3087,229.39441,230.17033,0.8394854,0.8372013,-0.0014665127,0.0078048706,0.009271383,-0.0022841096
199,200,3.3166666,14.616667,1.8166667,127.16265,1.5067841,1.5091432,1.5091184,32.120632,32.29559,32.293747,0.93023795,0.9301959,2.4795532e-05,0.0023591518,0.0023343563,-4.2021275e-05
200,201,3.0666666,9.783334,4.0833335,123.384995,0.7914111,0.79241425,0.7915188,6.186017,6.200322,6.187551,0.9731946,0.9733584,0.0008954406,0.0010031462,0.00010770559,0.00016379356
203,204,2.2833333,15.583333,2.5,122.09913,1.0182272,1.0176989,1.0181252,10.428629,10.41595,10.426179,0.9606783,0.9605382,-0.00042629242,-0.0005283356,-0.00010204315,-0.00014007092
208,209,3.3833334,12.966666,2.4666667,137.62813,2.521047,2.5190568,2.5191002,331.93045,330.41275,330.44574,0.78522974,0.7853595,-4.339218e-05,-0.0019903183,-0.0019469261,0.00012975931
209,210,1.1833333,12.866667,1.2,121.71322,0.80917037,0.8132875,0.81389433,6.44422,6.505602,6.5146985,0.97122,0.9708865,-0.0006068349,0.0041171312,0.004723966,-0.000333488
212,213,2.55,8.316667,1.1333333,133.5202,1.716917,1.7191457,1.7177411,52.109516,52.377605,52.20849,0.92261034,0.9225631,0.0014045238,0.0022286177,0.0008240938,-4.7266483e-05
213,214,2.6666667,12.683333,2.95,127.85364,1.4717984,1.4619894,1.4610584,29.634556,28.972729,28.910685,0.93588364,0.93734825,0.00093102455,-0.009809017,-0.010740042,0.0014646053
218,219,4.3333335,17.416666,3.1166666,125.7296,1.4868634,1.4870241,1.487385,30.680567,30.691921,30.717442,0.928138,0.9281231,-0.00036096573,0.00016069412,0.00052165985,-1.4901161e-05
226,227,4.05,14.5,3.4666667,134.82175,2.3041317,2.3061602,2.3105285,201.43352,202.37656,204.42241,0.8240697,0.8241025,-0.004368305,0.0020284653,0.0063967705,3.284216e-05
227,228,4.4166665,14.716666,3.2333333,129.15683,1.7351972,1.7293738,1.7303303,54.349705,53.625805,53.744045,0.9086706,0.9088377,-0.00095653534,-0.005823374,-0.0048668385,0.00016707182
232,233,2.5333333,18.966667,3.4833333,127.49045,1.7104626,1.7142053,1.7162261,51.340794,51.785152,52.02668,0.9038463,0.9037479,-0.0020208359,0.0037426949,0.0057635307,-9.840727e-05
233,234,4.7166667,9.983334,3.8333333,130.54474,1.6011199,1.5935998,1.5935066,39.913506,39.228325,39.219906,0.9300026,0.93029636,9.3221664e-05,-0.0075200796,-0.0076133013,0.0002937317
241,242,2.8333333,6.2833333,4.1,133.1958,1.4005568,1.4030479,1.4022121,25.151089,25.29577,25.247137,0.94793606,0.9479168,0.0008357763,0.0024911165,0.0016553402,-1.92523e-05
242,243,1.1333333,12.966666,4.5833335,120.4722,0.7026862,0.6930526,0.69613415,5.042968,4.932335,4.9674573,0.9748507,0.97496086,-0.0030815601,-0.009633601,-0.0065520406,0.00011014938
243,244,2.4166667,10.65,3.65,123.024895,0.8167116,0.8162481,0.81666994,6.557097,6.5501027,6.556468,0.97194433,0.9722099,-0.00042182207,-0.00046348572,-4.1663647e-05,0.0002655387
245,246,3.4333334,7.25,4.3166666,130.1677,1.2575184,1.2477123,1.2480595,18.093327,17.689365,17.703516,0.95615435,0.95622367,-0.00034725666,-0.009806156,-0.0094588995,6.93202e-05
267,268,3.7166667,5.6,2.0166667,127.60608,0.6992142,0.69471115,0.69458735,5.0028124,4.9512076,4.949796,0.9773822,0.977443,0.00012379885,-0.0045030713,-0.00462687,6.0796738e-05
268,269,1.5833334,12.116667,1.2333333,134.3714,2.1120894,2.10468,2.10506,129.44623,127.25652,127.367935,0.8680057,0.8685056,-0.00038003922,-0.007409334,-0.007029295,0.00049990416
280,281,3.9333334,13.783334,1.7333333,123.37286,1.07908,1.0769578,1.0773213,11.997203,11.938722,11.948718,0.9589712,0.95895493,-0.00036346912,-0.0021221638,-0.0017586946,-1.6272068e-05
287,288,3.1,6.7833333,1.15,136.04279,1.7991269,1.8064573,1.8053877,62.96901,64.04088,63.883358,0.9169775,0.9165035,0.0010695457,0.0073304176,0.006260872,-0.00047403574
299,300,4.15,14.183333,1.1333333,133.07196,2.1088629,2.1116104,2.1119652,128.4881,129.30354,129.40921,0.85998446,0.8599516,-0.00035476685,0.0027475357,0.0031023026,-3.284216e-05
310,311,2.0333333,20.0,3.6166666,135.02666,2.520354,2.5174575,2.5193036,331.40115,329.1982,330.60052,0.7555052,0.7560977,-0.001846075,-0.0028965473,-0.0010504723,0.00059247017
311,312,1.1666666,16.8,1.9833333,126.32302,1.4965247,1.4936116,1.4951235,31.370735,31.161013,31.269686,0.928712,0.928951,-0.0015119314,-0.0029131174,-0.001401186,0.00023901463
314,315,4.6833334,8.416667,3.7166667,136.64886,2.099334,2.1042297,2.1052823,125.69963,127.124626,127.43312,0.8786734,0.8787222,-0.001052618,0.004895687,0.005948305,4.8816204e-05
321,322,1.7166667,11.616667,3.2833333,131.83458,1.8067993,1.8061701,1.8054475,64.09133,63.998547,63.892143,0.90741414,0.9072909,0.0007226467,-0.00062918663,-0.0013518333,-0.0001232624
327,328,1.5666667,9.65,3.3166666,122.374535,0.6307217,0.6376412,0.6374447,4.2728896,4.3415136,4.3395495,0.97794425,0.9778968,0.00019651651,0.006919503,0.0067229867,-4.7445297e-05
328,329,1.9333333,17.666666,2.8333333,128.87794,1.8016523,1.802916,1.8045722,63.336246,63.520813,63.76351,0.8955303,0.89570457,-0.0016561747,0.0012637377,0.0029199123,0.00017428398
343,344,2.8333333,13.55,2.8,135.53336,2.3219213,2.3241196,2.323597,209.85597,210.92088,210.66722,0.8248014,0.82535136,0.0005226135,0.0021982193,0.0016756058,0.00054997206
351,352,4.7,14.016666,2.8166666,138.47585,2.6731806,2.6691966,2.6685712,471.17322,466.8707,466.19888,0.74047005,0.7407078,0.00062537193,-0.0039839745,-0.0046093464,0.00023776293
353,354,3.3,14.666667,1.65,133.18701,2.140943,2.13749,2.1395895,138.33849,137.24294,137.90802,0.8540769,0.8541688,-0.002099514,-0.0034530163,-0.0013535023,9.185076e-05
354,355,3.75,12.65,3.4666667,135.22371,2.254491,2.2509437,2.2532268,179.67642,178.21475,179.1541,0.84071046,0.8413736,-0.0022830963,-0.00354743,-0.0012643337,0.0006631613
361,362,3.6333334,8.533334,4.4333334,135.73349,2.0039918,1.999551,1.9999647,100.92339,99.89668,99.991875,0.8918488,0.8920672,-0.00041365623,-0.0044407845,-0.004027128,0.00021839142
363,364,1.9333333,9.766666,3.9666667,136.49089,2.159002,2.1597586,2.1595943,144.21222,144.46365,144.40901,0.86714363,0.8671249,0.0001642704,0.00075650215,0.00059223175,-1.8715858e-05
369,370,1.9,14.666667,4.9,124.82218,1.2579916,1.2498952,1.2500741,18.113049,17.778503,17.785831,0.9487588,0.94901055,-0.00017893314,-0.008096337,-0.007917404,0.00025177002
394,395,2.3666666,9.483334,3.3333333,136.30423,2.1223829,2.122406,2.121818,132.55096,132.55801,132.3787,0.8727271,0.87317145,0.0005879402,2.3126602e-05,-0.0005648136,0.00044435263
403,404,1.0833334,15.466666,4.233333,129.68033,1.7897155,1.7827706,1.7828646,61.619125,60.641598,60.654716,0.90214396,0.9028138,-9.393692e-05,-0.006944895,-0.006850958,0.000669837
404,405,5.0,6.7,1.1666666,139.50633,2.2161381,2.2114296,2.2108254,164.48947,162.71574,162.48955,0.86793244,0.8687327,0.0006041527,-0.0047085285,-0.005312681,0.00080025196
408,409,1.1333333,7.633333,2.4333334,137.26726,1.9872156,1.9855926,1.9842485,97.0992,96.737,96.43807,0.89605933,0.895773,0.0013440847,-0.0016230345,-0.0029671192,-0.0002863407
410,411,2.5666666,7.45,1.5666667,122.395874,0.41754836,0.4111092,0.411069,2.6154618,2.576969,2.5767305,0.9837491,0.9837329,4.0203333e-05,-0.0064391494,-0.0064793527,-1.6212463e-05
413,414,4.3333335,13.3,2.9333334,132.6483,2.021155,2.0227208,2.0249202,104.99174,105.370926,105.905914,0.8754623,0.8756018,-0.0021994114,0.0015656948,0.0037651062,0.00013953447
414,415,1.3333334,18.2,2.75,126.99719,1.6126273,1.6218028,1.6234721,40.985218,41.860348,42.021553,0.9163061,0.91525173,-0.0016692877,0.009175539,0.010844827,-0.0010543466
415,416,2.7166667,6.0333333,2.1833334,125.23522,0.50273937,0.481094,0.47990695,3.1822872,3.0275688,3.0193048,0.98217404,0.9824455,0.0011870563,-0.021645367,-0.022832423,0.00027143955
416,417,3.1166666,6.483333,3.8166666,122.28747,0.25722378,0.26437962,0.26544198,1.8081056,1.8381444,1.8426464,0.98644525,0.98639584,-0.0010623634,0.0071558356,0.008218199,-4.941225e-05
417,418,1.7833333,18.6,3.6333334,130.5566,2.0077107,2.0107763,2.011163,101.791306,102.512375,102.60369,0.86519086,0.8653959,-0.00038671494,0.003065586,0.003452301,0.00020503998
422,423,3.75,9.866667,3.2333333,120.4126,0.4920272,0.49907732,0.5002493,3.104754,3.1555665,3.1640935,0.9812047,0.98126906,-0.0011720061,0.007050127,0.008222133,6.4373016e-05
424,425,3.45,19.216667,1.4666667,136.37428,2.642816,2.6424975,2.6453865,439.3555,439.0334,441.96356,0.723698,0.7236975,-0.002888918,-0.00031852722,0.0025703907,-5.364418e-07
430,431,4.866667,10.366667,4.3333335,138.66568,2.4721484,2.480576,2.4818313,296.58447,302.396,303.27127,0.8059941,0.8056794,-0.0012552738,0.00842762,0.009682894,-0.00031471252
434,435,4.2833333,17.416666,2.4666667,138.85136,2.8453739,2.8441048,2.8452916,700.4447,698.4009,700.3121,0.66935265,0.6695975,-0.0011868477,-0.0012691021,-8.225441e-05,0.00024485588
435,436,3.8833334,18.033333,1.3833333,128.61665,1.8032795,1.8056461,1.8060082,63.573997,63.921368,63.974693,0.89409155,0.89391124,-0.00036215782,0.0023665428,0.0027287006,-0.00018030405
442,443,2.3166666,8.9,4.733333,134.77325,1.9151732,1.9068909,1.9083004,82.25706,80.70322,80.96557,0.9015887,0.90249085,-0.0014095306,-0.008282304,-0.006872773,0.0009021759
451,452,2.6833334,17.216667,2.0333333,137.05043,2.6399512,2.6385531,2.6406555,436.46683,435.064,437.1752,0.7342211,0.73447,-0.002102375,-0.0013980865,0.0007042885,0.000248909
452,453,2.2833333,13.116667,3.6333334,127.30045,1.4283744,1.433151,1.4351261,26.81479,27.111341,27.234919,0.93841386,0.9383372,-0.0019750595,0.004776597,0.0067516565,-7.665157e-05
456,457,2.7833333,14.083333,4.733333,122.973976,1.0416843,1.0395368,1.0392314,11.007388,10.9530945,10.9453945,0.9605874,0.96075284,0.0003054142,-0.0021474361,-0.0024528503,0.0001654625
461,462,4.5666666,5.35,4.8,131.57307,1.1222186,1.1047184,1.1052004,13.250083,12.726777,12.740909,0.9633562,0.9636874,-0.00048196316,-0.017500162,-0.017018199,0.000331223
473,474,2.7333333,6.0833335,1.0333333,129.78558,0.9856959,0.99500793,0.99363935,9.676001,9.885711,9.854608,0.96800584,0.9677072,0.0013685822,0.009312034,0.007943451,-0.00029861927
474,475,3.85,19.316668,4.95,122.3921,1.2020571,1.2061222,1.2057072,15.924182,16.073933,16.058582,0.94706345,0.9468814,0.00041496754,0.004065037,0.0036500692,-0.00018203259
475,476,3.45,9.083333,4.3,121.35101,0.5152426,0.5187516,0.5184309,3.275236,3.3018064,3.2993689,0.9810264,0.9809707,0.0003207326,0.0035090446,0.003188312,-5.5730343e-05
478,479,2.55,10.65,2.1166666,137.49132,2.3447187,2.3501086,2.3514156,221.16617,223.92812,224.60304,0.8317026,0.8315111,-0.0013070107,0.005389929,0.0066969395,-0.00019150972
480,481,1.75,14.133333,1.85,135.63933,2.3517919,2.3517587,2.3511941,224.7977,224.78055,224.48853,0.81752956,0.8174973,0.0005645752,-3.3140182e-05,-0.0005977154,-3.2246113e-05
493,494,1.7333333,10.716666,1.9,137.22626,2.3071108,2.3107586,2.3120742,202.82,204.53075,205.15126,0.8389436,0.83900744,-0.0013155937,0.0036478043,0.004963398,6.3836575e-05
512,513,1.9166666,13.766666,2.5166667,138.33318,2.6167974,2.6167111,2.6167464,413.80664,413.7244,413.75803,0.7579872,0.7581579,-3.528595e-05,-8.6307526e-05,-5.1021576e-05,0.0001707077
521,522,3.35,19.1,1.25,138.57973,2.866535,2.868907,2.8683894,735.4192,739.44684,738.5661,0.6528875,0.652438,0.00051760674,0.0023720264,0.0018544197,-0.00044953823
531,532,1.65,18.083334,2.7,124.71808,1.3893124,1.3848466,1.3857273,24.508255,24.25753,24.306772,0.93586653,0.93595487,-0.00088071823,-0.0044658184,-0.0035851002,8.833408e-05
542,543,2.9833333,8.116667,2.2,128.26791,1.141135,1.1407181,1.1402487,13.839965,13.826686,13.8117485,0.9607238,0.9607791,0.00046944618,-0.0004168749,-0.00088632107,5.5253506e-05
545,546,3.55,19.9,3.8333333,128.59013,1.865254,1.8642998,1.8664899,73.32533,73.16439,73.53429,0.8830444,0.8831847,-0.002190113,-0.00095427036,0.0012358427,0.00014024973
551,552,4.6,15.333333,1.9333333,125.611176,1.3905485,1.390368,1.390402,24.57811,24.567898,24.56982,0.93825626,0.9382757,-3.3974648e-05,-0.00018048286,-0.00014650822,1.9431114e-05
562,563,3.5,19.766666,4.5833335,128.17627,1.819028,1.816478,1.8181629,65.921646,65.53571,65.79046,0.88944954,0.88965577,-0.0016849041,-0.002550006,-0.0008651018,0.00020623207
569,570,2.3833334,10.633333,2.85,135.37248,2.1254933,2.1183486,2.118455,133.5037,131.32536,131.35751,0.8696556,0.87016046,-0.000106334686,-0.0071446896,-0.007038355,0.00050485134
570,571,1.5833334,18.5,2.1666667,122.76102,1.1965173,1.1964277,1.1960975,15.722346,15.719101,15.707153,0.9485472,0.94865155,0.00033020973,-8.9645386e-05,-0.00041985512,0.00010436773
593,594,1.8666667,8.4,2.2333333,122.681015,0.5414773,0.53904796,0.5386829,3.4791834,3.459776,3.4568686,0.9809019,0.9807278,0.00036507845,-0.002429366,-0.0027944446,-0.00017410517
595,596,2.9,16.883333,1.2,122.03378,1.0815074,1.0723292,1.0719504,12.064448,11.812156,11.801859,0.95665,0.95695364,0.0003787279,-0.009178281,-0.009557009,0.00030362606
600,601,2.3666666,12.983334,4.65,128.47018,1.5454162,1.5498526,1.5494795,35.10882,35.4693,35.43884,0.9294952,0.9292805,0.00037312508,0.0044363737,0.0040632486,-0.00021469593
604,605,3.9,5.366667,4.5333333,135.45686,1.5163082,1.512961,1.5130877,32.83282,32.580746,32.590256,0.94158906,0.94139385,-0.00012671947,-0.0033471584,-0.003220439,-0.00019520521
620,621,1.5,5.2166667,2.6833334,132.64078,1.0175736,1.0251936,1.0292422,10.412946,10.5972595,10.696511,0.9657023,0.9659235,-0.004048586,0.007619977,0.011668563,0.00022119284
622,623,1.9166666,10.2,3.3333333,139.01707,2.4579334,2.4621825,2.4630594,287.03406,289.85617,290.44202,0.8115894,0.8117337,-0.00087690353,0.004249096,0.0051259995,0.00014430285
625,626,2.9166667,6.9666667,4.5666666,121.61101,0.25777718,0.26772988,0.26814094,1.810411,1.8523791,1.8541332,0.98638004,0.98619854,-0.00041106343,0.009952694,0.010363758,-0.00018149614
639,640,3.1166666,5.766667,4.7,136.92871,1.7252604,1.7233686,1.7264581,53.12028,52.8894,53.26698,0.9249633,0.92492396,-0.003089428,-0.0018917322,0.0011976957,-3.9339066e-05
648,649,2.4833333,13.566667,3.85,137.75394,2.552425,2.5506492,2.5511434,356.80005,355.34415,355.74878,0.77474874,0.7748738,-0.0004942417,-0.0017757416,-0.0012814999,0.00012505054
652,653,2.0333333,11.1,1.2,129.49115,1.528595,1.5289327,1.5311807,33.774967,33.801243,33.97666,0.934034,0.9339297,-0.0022480488,0.00033771992,0.0025857687,-0.00010430813
653,654,3.65,6.516667,2.3166666,137.27611,1.9121046,1.9154143,1.9150614,81.6779,82.30274,82.23588,0.9061369,0.9059064,0.0003529787,0.0033097267,0.002956748,-0.00023049116
655,656,1.15,10.266666,1.0666667,128.05556,1.2832578,1.2865051,1.2891543,19.198082,19.342165,19.460512,0.9514563,0.95126957,-0.002649188,0.003247261,0.005896449,-0.00018674135
658,659,1.2833333,6.5,1.2833333,124.4084,0.41173807,0.40309215,0.40400752,2.5807033,2.5298345,2.5351725,0.98365873,0.9835788,-0.00091537833,-0.008645922,-0.0077305436,-7.992983e-05
665,666,4.55,8.016666,1.3166667,131.0445,1.4589266,1.4607307,1.4607652,28.76912,28.888878,28.891178,0.9428967,0.9429532,-3.4570694e-05,0.0018041134,0.0018386841,5.6505203e-05
690,691,1.75,13.35,4.45,123.629486,1.0504105,1.0529783,1.0530924,11.230795,11.297394,11.300363,0.9607851,0.9608847,-0.00011408329,0.002567768,0.0026818514,9.959936e-05
693,694,4.616667,12.416667,2.3,121.52844,0.8144179,0.8135143,0.81381345,6.5225573,6.5090003,6.5134854,0.9708868,0.9709925,-0.0002991557,-0.0009036064,-0.0006044507,0.000105679035
705,706,4.1666665,13.333333,2.85,123.59557,1.0756269,1.0797694,1.0805817,11.902189,12.016262,12.038758,0.9593285,0.95904034,-0.0008122921,0.004142523,0.004954815,-0.00028812885
706,707,4.2,15.1,2.9833333,125.75552,1.3977216,1.3950698,1.3960197,24.987432,24.835325,24.889702,0.9383106,0.9381407,-0.0009498596,-0.0026518106,-0.001701951,-0.00016993284
709,710,4.8,10.933333,4.15,132.03654,1.8241862,1.8226936,1.8215662,66.709274,66.48039,66.308044,0.90648264,0.9068444,0.0011273623,-0.0014926195,-0.0026199818,0.0003617406
724,725,3.05,12.383333,4.55,129.12085,1.5853769,1.5930531,1.5915848,38.492565,39.178978,39.04674,0.92676246,0.9263604,0.0014683008,0.007676244,0.006207943,-0.00040203333
726,727,4.616667,10.2,4.1833334,131.7103,1.7352632,1.7333523,1.7326858,54.35797,54.119316,54.036327,0.9171658,0.9175826,0.00066649914,-0.0019109249,-0.002577424,0.00041675568
756,757,4.633333,7.25,5.0,129.93759,1.244955,1.2462842,1.246348,17.577414,17.631296,17.633886,0.9561578,0.9562564,-6.377697e-05,0.0013293028,0.0013930798,9.858608e-05
760,761,1.4666667,18.5,3.8833334,127.09716,1.644627,1.646626,1.6469027,44.119133,44.322678,44.350925,0.91220075,0.91232705,-0.00027668476,0.0019990206,0.0022757053,0.00012630224
768,769,4.1666665,18.766666,1.4666667,139.75606,2.9815958,2.9834583,2.9818873,958.50806,962.62756,959.1518,0.6134048,0.6126588,0.00157094,0.0018625259,0.00029158592,-0.00074601173
769,770,1.1333333,12.966666,1.2333333,121.35017,0.7812621,0.78159213,0.7822792,6.0431323,6.0477266,6.0573015,0.97200745,0.9719364,-0.00068706274,0.00033003092,0.0010170937,-7.104874e-05
780,781,2.7166667,11.866667,4.7166667,139.15657,2.607829,2.604926,2.605451,405.349,402.64853,403.13556,0.76978296,0.77053964,-0.0005249977,-0.0029029846,-0.002377987,0.00075668097
793,794,2.9666667,17.983334,4.9,123.867744,1.3054447,1.3055139,1.3055861,20.204342,20.207558,20.21092,0.941671,0.9416594,-7.224083e-05,6.914139e-05,0.00014138222,-1.1622906e-05
797,798,3.0833333,9.816667,1.7,120.62417,0.49605685,0.50284994,0.5033539,3.1336958,3.1830974,3.1867933,0.981115,0.9812081,-0.0005039573,0.0067930818,0.007297039,9.3102455e-05
805,806,2.2333333,7.616667,4.5666666,130.86165,1.3371756,1.3381596,1.337857,21.7358,21.7851,21.76993,0.9510517,0.95101094,0.00030255318,0.0009839535,0.0006814003,-4.0769577e-05
812,813,3.1666667,6.6666665,1.35,139.08171,2.111701,2.1182961,2.1182928,129.33052,131.3095,131.30849,0.8817698,0.88125944,3.33786e-06,0.0065951347,0.006591797,-0.00051033497
831,832,1.55,16.616667,3.2333333,120.20092,0.85323,0.8617441,0.8614617,7.1323066,7.273511,7.268783,0.9671343,0.96695083,0.0002824068,0.008514106,0.0082316995,-0.0001834631
837,838,2.6,5.75,4.7,137.38469,1.7500306,1.744862,1.7501798,56.2381,55.57276,56.257416,0.922664,0.9229292,-0.005317807,-0.0051686764,0.00014913082,0.00026524067
844,845,1.3333334,15.35,1.6833333,124.757866,1.2715012,1.2694149,1.2696455,18.685347,18.5958,18.605675,0.94699734,0.94704634,-0.00023055077,-0.0020862818,-0.001855731,4.8995018e-05
860,861,3.05,7.2,2.4666667,134.6481,1.7178284,1.7131443,1.7130277,52.21898,51.6588,51.64493,0.9243958,0.92468286,0.000116586685,-0.0046840906,-0.0048006773,0.00028705597
864,865,1.95,13.383333,2.7333333,122.136696,0.8980732,0.90432775,0.90478075,7.908119,8.022833,8.031205,0.96728295,0.96711683,-0.0004529953,0.006254554,0.006707549,-0.00016611814
874,875,2.3166666,16.15,2.8333333,126.50078,1.4970464,1.5030367,1.5033257,31.40844,31.84467,31.865864,0.92902607,0.92858166,-0.00028896332,0.005990386,0.0062793493,-0.00044441223
883,884,2.0166667,6.116667,1.35,121.092964,0.011217899,0.0069538355,0.0059590004,1.0261667,1.0161407,1.0138156,0.98980844,0.98977953,0.000994835,-0.004264063,-0.0052588983,-2.8908253e-05
893,894,3.3333333,6.3333335,1.9166666,126.81703,0.7541138,0.737916,0.73731834,5.6769333,5.4691014,5.4615808,0.9760315,0.97629344,0.0005976558,-0.0161978,-0.016795456,0.0002619624
923,924,2.0833333,5.6,2.4166667,137.39417,1.709487,1.6856551,1.6897241,51.22559,48.49033,48.946777,0.9268426,0.92750967,-0.0040689707,-0.023831844,-0.019762874,0.0006670952
933,934,2.0,5.3,2.6666667,132.5968,1.0984459,1.08195,1.0855124,12.544285,12.076747,12.176218,0.9635035,0.9638409,-0.0035624504,-0.016495943,-0.012933493,0.0003374219
950,951,2.85,8.5,3.6,137.18703,2.1356385,2.1331475,2.1324172,136.65907,135.87747,135.64919,0.87419015,0.8742669,0.0007302761,-0.0024909973,-0.0032212734,7.677078e-05
956,957,3.9666667,11.2,2.9833333,137.32916,2.3925238,2.3887596,2.3888395,246.90152,244.7708,244.81583,0.8206753,0.8209449,-7.9870224e-05,-0.0037641525,-0.0036842823,0.0002695918
959,960,1.1666666,5.9166665,1.7166667,125.53007,0.38655537,0.38845253,0.3876713,2.4353163,2.445978,2.4415817,0.9838095,0.98376393,0.0007812381,0.0018971562,0.0011159182,-4.553795e-05
966,967,1.4,12.6,1.7666667,131.7666,1.8574144,1.8548203,1.853678,72.01357,71.58471,71.396675,0.89972997,0.90011835,0.0011422634,-0.0025941133,-0.0037363768,0.00038838387
989,990,4.383333,5.9,4.75,130.78995,1.1253498,1.1238633,1.1235155,13.345958,13.300358,13.289709,0.96261305,0.9627554,0.0003478527,-0.0014864206,-0.0018342733,0.00014233589
995,996,4.516667,15.55,4.3333335,122.78591,1.1110797,1.1078353,1.1059741,12.914562,12.818443,12.763626,0.9558867,0.95598984,0.0018612146,-0.0032444,-0.0051056147,0.000103116035
1003,1004,4.95,14.483334,1.7166667,129.98558,1.8175551,1.8071728,1.8088801,65.69844,64.14647,64.39915,0.89994013,0.9006389,-0.0017073154,-0.010382295,-0.008674979,0.00069874525
1006,1007,2.6333334,8.016666,1.6166667,132.66043,1.5906247,1.5923895,1.592132,38.960514,39.119152,39.095966,0.9334293,0.9335403,0.00025749207,0.0017647743,0.0015072823,0.00011098385
1008,1009,4.866667,16.35,3.0333333,124.93543,1.3643866,1.3659117,1.3657904,23.141235,23.222647,23.216158,0.93889725,0.93897957,0.00012135506,0.0015251637,0.0014038086,8.2314014e-05
1011,1012,1.5166667,5.616667,2.6666667,139.30441,1.8673449,1.8634163,1.8675376,73.67919,73.01571,73.7119,0.9107566,0.91089374,-0.0041213036,-0.003928542,0.00019276142,0.00013715029
1016,1017,4.483333,18.75,3.15,120.300995,0.9717081,0.9778445,0.9785901,9.369321,9.502644,9.518972,0.9603025,0.9601476,-0.0007455945,0.006136358,0.0068819523,-0.00015485287
1020,1021,1.05,8.8,4.35,129.62416,1.3121283,1.3055267,1.3061004,20.517681,20.208157,20.234867,0.95170915,0.9518693,-0.0005736351,-0.006601572,-0.006027937,0.00016015768
1021,1022,2.0166667,15.666667,4.8333335,130.02412,1.8432752,1.8417428,1.8411905,69.7068,69.46127,69.37299,0.8946219,0.8948544,0.00055229664,-0.0015324354,-0.002084732,0.00023251772
1029,1030,1.5333333,18.45,3.0,125.403984,1.4661425,1.4684829,1.4694886,29.251123,29.409176,29.477364,0.92890286,0.92888963,-0.0010057688,0.0023403168,0.0033460855,-1.3232231e-05
1032,1033,2.3666666,7.9,3.1333334,139.90439,2.3391204,2.3438225,2.3445497,218.33351,220.71024,221.08011,0.84476227,0.8433846,-0.00072717667,0.004702091,0.005429268,-0.0013776422
1040,1041,2.3833334,12.633333,1.0333333,124.47002,1.1031791,1.1117201,1.11326,12.681747,12.9336195,12.979562,0.9590126,0.95839345,-0.0015399456,0.008540988,0.010080934,-0.00061917305
1043,1044,2.2333333,15.166667,4.4666667,134.55647,2.2922075,2.2933187,2.2940197,195.97807,196.4802,196.79756,0.82515955,0.825427,-0.0007009506,0.001111269,0.0018122196,0.00026744604
1046,1047,3.8833334,14.966666,4.133333,138.82492,2.744935,2.7406342,2.741251,555.8211,550.34393,551.1261,0.7150153,0.71550405,-0.00061678886,-0.0043008327,-0.003684044,0.0004887581
1052,1053,1.0,6.25,2.35,129.4113,0.89184844,0.88319474,0.88306475,7.7955804,7.6417837,7.639497,0.9712222,0.9712559,0.00012999773,-0.0086537,-0.008783698,3.3676624e-05
1055,1056,2.15,6.633333,1.5333333,121.29834,0.14243832,0.14124703,0.14060037,1.3881562,1.3843536,1.3822938,0.9881527,0.9881279,0.0006466657,-0.0011912882,-0.0018379539,-2.4795532e-05
1066,1067,2.15,5.733333,4.35,122.58403,0.09258183,0.09437978,0.095041566,1.2376044,1.2427385,1.2446337,0.9886926,0.9886283,-0.0006617829,0.0017979518,0.0024597347,-6.425381e-05
1073,1074,3.8,5.7833333,1.0666667,135.63098,1.629179,1.6146805,1.6152754,42.57739,41.179447,41.23589,0.93380564,0.9339248,-0.00059485435,-0.014498472,-0.013903618,0.000119149685
1075,1076,1.45,16.633333,4.55,137.43173,2.6461847,2.643879,2.6445262,442.77664,440.43207,441.08902,0.7367587,0.7373154,-0.00064730644,-0.002305746,-0.0016584396,0.0005567074
1079,1080,1.75,16.866667,4.6833334,124.749,1.3428043,1.3419491,1.3417025,22.01934,21.976023,21.963547,0.94047123,0.94059986,0.00024664402,-0.00085520744,-0.0011018515,0.00012862682
1087,1088,2.2,19.166666,1.9,129.12257,1.8839841,1.8864251,1.8871708,76.556854,76.98837,77.12067,0.8818724,0.8818052,-0.0007456541,0.0024410486,0.0031867027,-6.723404e-05
1101,1102,3.35,8.733334,3.15,122.008385,0.54337204,0.5482305,0.5476266,3.4943955,3.533707,3.5287964,0.9804043,0.9806096,0.00060391426,0.004858494,0.0042545795,0.0002052784
1113,1114,2.0833333,6.4333334,4.016667,138.30379,1.9737909,1.9492748,1.9517361,94.143616,88.97639,89.482086,0.9003489,0.9017426,-0.0024613142,-0.024516106,-0.022054791,0.0013936758
1117,1118,1.9166666,5.3333335,1.9333333,125.89463,0.33177534,0.33971238,0.33630365,2.1467197,2.1863132,2.1692202,0.98467404,0.98475456,0.00340873,0.007937044,0.004528314,8.0525875e-05
1137,1138,4.5333333,18.283333,3.5333333,129.64552,1.9301143,1.924997,1.9251739,85.13621,84.13893,84.17321,0.8772268,0.87778014,-0.00017690659,-0.005117297,-0.0049403906,0.0005533099
1138,1139,2.1333334,6.1,2.05,130.12273,1.0043362,1.0050851,1.0039531,10.100346,10.117777,10.091438,0.9672799,0.9672638,0.0011320114,0.00074887276,-0.00038313866,-1.6093254e-05
1140,1141,3.0833333,7.4166665,2.2166667,132.46828,1.5055218,1.5084884,1.5086123,32.027405,32.246933,32.25613,0.9404875,0.94036967,-0.00012385845,0.0029666424,0.0030905008,-0.00011783838
1151,1152,3.3166666,10.033334,2.4333334,135.36969,2.090068,2.0911865,2.092003,123.04617,123.36346,123.59563,0.87602437,0.8758347,-0.00081658363,0.0011184216,0.0019350052,-0.00018966198
1156,1157,1.1166667,9.583333,2.0333333,125.994225,1.0239409,0.9961731,0.9964238,10.566738,9.912269,9.917993,0.9654459,0.9658649,-0.00025069714,-0.027767837,-0.02751714,0.00041902065
1157,1158,1.8833333,13.133333,3.3833334,136.07083,2.3399217,2.344118,2.346197,218.73672,220.86053,221.92023,0.8242732,0.82282966,-0.0020787716,0.0041964054,0.006275177,-0.0014435649
1164,1165,2.3,13.966666,4.2166667,134.12483,2.198834,2.1916146,2.1933026,158.06435,155.45856,156.06396,0.84721684,0.8478607,-0.0016880035,-0.0072193146,-0.005531311,0.0006438494
1169,1170,1.2166667,12.3,1.5666667,130.64308,1.7002919,1.7137578,1.7151362,50.152416,51.73182,51.896275,0.9175875,0.9159301,-0.001378417,0.013465881,0.014844298,-0.0016574264
1173,1174,2.7,7.483333,1.4333333,120.95132,0.26489237,0.264243,0.26425225,1.8403158,1.8375663,1.8376054,0.9863026,0.9863201,-9.23872e-06,-0.0006493628,-0.0006401241,1.7464161e-05
1175,1176,2.2166667,5.516667,1.7166667,130.56818,0.9265787,0.9293196,0.92877275,8.444592,8.498056,8.487362,0.96987194,0.9699342,0.0005468726,0.0027409196,0.002194047,6.2286854e-05
1195,1196,4.25,16.966667,2.45,123.53561,1.2419848,1.2420025,1.2414423,17.457613,17.458323,17.435818,0.9468273,0.94679487,0.00056016445,1.7642975e-05,-0.0005425215,-3.2424927e-05
1213,1214,3.3166666,11.35,3.65,121.06128,0.6890725,0.6784661,0.67972326,4.887339,4.7694254,4.783252,0.97581905,0.97607064,-0.0012571812,-0.010606408,-0.009349227,0.0002515912
1218,1219,3.4833333,5.483333,1.1666666,139.75983,1.9984632,1.9963346,1.9964087,99.64675,99.15955,99.17648,0.8982238,0.8987261,-7.414818e-05,-0.002128601,-0.002054453,0.00050228834
1220,1221,3.2,19.933332,2.3833334,122.44648,1.2293438,1.2278173,1.2277932,16.956795,16.897299,16.896362,0.9450025,0.9450352,2.4080276e-05,-0.001526475,-0.0015505552,3.272295e-05
1224,1225,1.2,13.7,2.25,139.00133,2.6718643,2.6709604,2.67156,469.74728,468.77066,469.41833,0.74479425,0.7448179,-0.0005996227,-0.00090384483,-0.0003042221,2.3663044e-05
1225,1226,3.4,14.516666,3.6666667,134.279,2.2563803,2.2457376,2.2499843,180.45973,176.09116,177.8215,0.8350032,0.83594346,-0.0042467117,-0.010642767,-0.006396055,0.0009402633
1244,1245,1.1833333,8.016666,4.9333334,125.80366,0.7976965,0.8001282,0.79841924,6.2761955,6.3114367,6.286649,0.9738634,0.973682,0.0017089844,0.0024317503,0.0007227659,-0.00018143654
1245,1246,1.45,10.55,1.6,127.51408,1.2555586,1.259558,1.261859,18.011862,18.178497,18.27507,0.9526236,0.95251423,-0.002301097,0.0039993525,0.0063004494,-0.00010937452
1247,1248,3.7666667,14.683333,3.25,121.80307,0.9555579,0.95873845,0.9591996,9.0273,9.093655,9.103316,0.96390355,0.96380013,-0.00046116114,0.0031805634,0.0036417246,-0.00010341406
1249,1250,1.8,9.366667,4.3333335,133.83434,1.8360848,1.839416,1.8400161,68.56221,69.090126,69.18566,0.9089315,0.90904576,-0.00060009956,0.0033311844,0.003931284,0.000114262104
1250,1251,1.6833333,16.466667,2.6166666,120.03718,0.8394862,0.83953387,0.83876425,6.9101295,6.910888,6.898652,0.9679552,0.9679129,0.0007696152,4.7683716e-05,-0.00072193146,-4.2259693e-05
1270,1271,2.8833334,16.983334,4.1666665,122.83986,1.1671275,1.1615572,1.161233,14.693576,14.506318,14.495492,0.9518178,0.9517729,0.00032424927,-0.0055702925,-0.0058945417,-4.4882298e-05
1271,1272,4.2166667,18.45,1.4833333,126.85057,1.6392549,1.6395745,1.6396531,43.57676,43.60884,43.61673,0.91218865,0.9119868,-7.855892e-05,0.0003196001,0.00039815903,-0.00020182133
1272,1273,4.383333,7.2166667,3.9166667,126.98683,0.9191184,0.9238481,0.9243056,8.300771,8.391664,8.400509,0.9702337,0.970057,-0.00045752525,0.004729688,0.0051872134,-0.00017666817
1275,1276,4.4166665,17.433332,1.4166666,130.7657,2.0142438,2.009457,2.0110075,103.334145,102.20146,102.56698,0.8669696,0.8670602,-0.001550436,-0.00478673,-0.0032362938,9.059906e-05
1277,1278,4.55,13.883333,4.2166667,129.50275,1.7257301,1.7270194,1.7265953,53.17776,53.335876,53.28381,0.91071296,0.9107919,0.00042414665,0.0012893677,0.000865221,7.891655e-05
1280,1281,4.116667,6.0333333,3.3833334,120.60212,0.027718375,0.03332436,0.031949393,1.0659046,1.0797528,1.0763397,0.98971444,0.9896018,0.0013749674,0.0056059863,0.004231019,-0.00011265278
1292,1293,2.85,7.733333,1.3833333,135.583,1.8735356,1.8792993,1.8778299,74.73699,75.73546,75.47965,0.9079935,0.90773785,0.0014693737,0.00576365,0.0042942762,-0.00025564432
1294,1295,1.6,15.333333,2.4666667,123.47832,1.1415118,1.1400881,1.1400019,13.851978,13.806643,13.803903,0.9546885,0.9545467,8.6188316e-05,-0.0014237165,-0.0015099049,-0.00014179945
1300,1301,4.15,11.9,2.35,125.37768,1.1953475,1.1799552,1.1810113,15.680054,15.134053,15.170899,0.9549985,0.95503813,-0.0010560751,-0.0153923035,-0.014336228,3.963709e-05
1341,1342,1.5166667,5.633333,3.6166666,134.77771,1.3682357,1.3669448,1.3696673,23.347248,23.277952,23.424335,0.949295,0.9495839,-0.0027225018,-0.0012909174,0.0014315844,0.0002889037
1348,1349,4.85,13.85,2.3833334,131.10345,1.8926185,1.892164,1.8925177,78.094154,78.01246,78.07602,0.8914733,0.8917571,-0.00035369396,-0.00045454502,-0.00010085106,0.0002837777
1356,1357,2.3166666,15.1,4.8,134.17714,2.2512016,2.2530127,2.2531967,178.32065,179.06581,179.14171,0.8332431,0.8335204,-0.00018405914,0.0018110275,0.0019950867,0.0002773404
1365,1366,2.5833333,12.733334,1.3166667,124.098236,1.0802457,1.0793469,1.0811421,12.029449,12.004579,12.054302,0.95990473,0.959887,-0.0017951727,-0.00089883804,0.00089633465,-1.770258e-05
1368,1369,3.0666666,16.25,1.7666667,122.764015,1.1327,1.1231,1.1231203,13.573754,13.277002,13.277622,0.95440537,0.95466447,-2.026558e-05,-0.009599924,-0.0095796585,0.0002591014
1374,1375,1.9333333,19.433332,1.95,129.18999,1.9040947,1.9005268,1.9012189,80.18529,79.52922,79.65607,0.8792394,0.8794803,-0.00069212914,-0.003567934,-0.002875805,0.00024092197
1378,1379,3.0333333,19.566668,4.9333334,133.29025,2.3358853,2.3344655,2.333766,216.71317,216.00584,215.6582,0.80123353,0.80143607,0.0006995201,-0.0014197826,-0.0021193027,0.00020253658
1391,1392,2.2833333,9.85,1.85,120.67573,0.49291968,0.4944148,0.4946815,3.111141,3.12187,3.1237876,0.9812763,0.9813712,-0.00026670098,0.0014951229,0.0017618239,9.49502e-05
1395,1396,2.3166666,8.816667,4.2166667,131.11948,1.5040866,1.5093654,1.5108336,31.921743,32.31212,32.42154,0.9387834,0.9386394,-0.0014681816,0.0052788258,0.0067470074,-0.00014400482
1400,1401,4.7833333,17.533333,3.5666666,135.42169,2.4965007,2.4965289,2.497071,313.69003,313.71036,314.10223,0.76961786,0.76980555,-0.00054216385,2.8133392e-05,0.00057029724,0.00018769503
1415,1416,4.85,17.85,1.6166667,123.399414,1.2652216,1.2655411,1.2665805,18.417114,18.430668,18.474829,0.9443739,0.9442105,-0.0010393858,0.0003194809,0.0013588667,-0.00016337633
1416,1417,2.95,7.1833334,3.2666667,136.0222,1.8590256,1.8538505,1.8524979,72.28124,71.42504,71.20294,0.9109844,0.9111756,0.0013525486,-0.0051751137,-0.0065276623,0.0001912117
1421,1422,2.75,8.9,3.5666666,124.234825,0.7865697,0.78752816,0.78627354,6.11744,6.1309557,6.11327,0.973758,0.9740881,0.0012546182,0.0009584427,-0.00029617548,0.00033009052
1427,1428,3.9833333,17.9,3.6833334,127.45923,1.6847237,1.6811323,1.6833452,48.386448,47.987965,48.233105,0.9084475,0.9088106,-0.002212882,-0.0035914183,-0.0013785362,0.0003631115
1435,1436,3.05,8.766666,3.4833333,135.99355,2.0436926,2.0369961,2.0357609,110.584076,108.89204,108.58276,0.8861804,0.88668025,0.0012352467,-0.0066964626,-0.007931709,0.00049984455
1449,1450,4.5333333,12.416667,1.9666667,129.02097,1.5970033,1.5939976,1.5948507,39.536964,39.264275,39.341476,0.9257676,0.92585015,-0.0008530617,-0.003005743,-0.0021526814,8.255243e-05
1450,1451,4.1666665,10.45,1.2166667,126.30588,1.1707357,1.1741005,1.1737852,14.816162,14.931399,14.920563,0.9570087,0.9569086,0.00031530857,0.0033648014,0.0030494928,-0.0001001358
1454,1455,2.5166667,13.533334,3.7666667,129.0093,1.6344911,1.6368464,1.6370347,43.10137,43.335762,43.35455,0.9206808,0.92060125,-0.00018823147,0.0023553371,0.0025435686,-7.95722e-05
1459,1460,3.3666666,19.6,3.2166667,126.095215,1.5969639,1.5959067,1.5977614,39.533375,39.43726,39.606037,0.9151351,0.91514647,-0.0018546581,-0.001057148,0.00079751015,1.1384487e-05
1467,1468,4.016667,12.95,3.1166666,139.95406,2.7679212,2.7620306,2.7617774,586.0318,578.1368,577.7998,0.71967995,0.72095364,0.00025320053,-0.005890608,-0.0061438084,0.0012736917
1471,1472,2.1833334,6.8,2.3,131.06256,1.2321628,1.236227,1.2357696,17.06722,17.227688,17.209555,0.9569794,0.9569771,0.00045740604,0.0040642023,0.0036067963,-2.2649765e-06
1472,1473,1.8666667,7.616667,1.9833333,134.0354,1.667888,1.6657041,1.6650176,46.546608,46.31313,46.239975,0.9281567,0.92832875,0.0006865263,-0.0021839142,-0.0028704405,0.00017207861
1494,1495,3.3166666,12.133333,1.9833333,136.61206,2.3651278,2.366284,2.367623,231.80768,232.42557,233.14339,0.8221687,0.8219026,-0.0013391972,0.0011560917,0.0024952888,-0.00026613474
1505,1506,2.5833333,12.966666,3.1333334,138.89404,2.6249268,2.6398354,2.6386817,421.62543,436.35037,435.19275,0.7587741,0.75553435,0.0011537075,0.014908552,0.013754845,-0.0032397509
1506,1507,3.7333333,14.066667,3.8333333,121.678085,0.9227118,0.9142125,0.9142442,8.369737,8.207531,8.208129,0.96605456,0.96617746,-3.1650066e-05,-0.008499265,-0.008467615,0.00012290478
1512,1513,4.883333,16.516666,2.0166667,138.94142,2.8214242,2.8223991,2.8228602,662.8637,664.3534,665.05914,0.68092483,0.68117326,-0.00046110153,0.00097489357,0.0014359951,0.00024843216
1516,1517,1.0166667,11.966666,3.0833333,120.52049,0.62046576,0.6250149,0.6251226,4.1731668,4.2171097,4.2181554,0.97736394,0.9772735,-0.00010770559,0.0045491457,0.0046568513,-9.0420246e-05
1521,1522,3.3333333,8.566667,1.2166667,131.84592,1.5835227,1.5841937,1.5839506,38.328575,38.38784,38.366364,0.9333312,0.9333665,0.00024306774,0.0006710291,0.00042796135,3.528595e-05
1524,1525,1.7333333,11.866667,1.85,129.3943,1.5627913,1.5671812,1.5666887,36.541916,36.91316,36.871315,0.9298971,0.9297457,0.0004925728,0.004389882,0.0038973093,-0.0001514554
1535,1536,1.6666666,13.483334,1.7333333,129.77626,1.7037296,1.7050108,1.7044277,50.550987,50.70033,50.632305,0.914589,0.9145118,0.00058305264,0.0012811422,0.0006980896,-7.7188015e-05
1551,1552,4.366667,7.1666665,3.6666667,126.940796,0.9149602,0.9118386,0.9121269,8.221673,8.162789,8.16821,0.9705744,0.97052157,-0.00028830767,-0.0031216145,-0.0028333068,-5.2809715e-05
1558,1559,1.4833333,7.0333333,1.8833333,123.22426,0.38616043,0.38726747,0.38655114,2.4331026,2.4393127,2.4352925,0.984085,0.9839813,0.0007163286,0.0011070371,0.00039070845,-0.00010371208
1576,1577,4.2166667,19.966667,4.0,128.7106,1.8833513,1.882125,1.8836619,76.44539,76.22984,76.50008,0.8802443,0.88038206,-0.0015368462,-0.001226306,0.0003105402,0.00013774633
1584,1585,1.55,17.3,3.5833333,136.93707,2.6196392,2.6187534,2.6201057,416.52316,415.67456,416.9709,0.7403183,0.74040747,-0.0013523102,-0.000885725,0.00046658516,8.916855e-05
1587,1588,4.483333,13.65,1.55,136.15562,2.4103718,2.410484,2.411288,257.2597,257.32623,257.80304,0.80614537,0.8059186,-0.00080394745,0.00011229515,0.0009162426,-0.00022679567
1599,1600,2.7,16.766666,3.85,139.44427,2.8695128,2.8704486,2.870897,740.47906,742.07635,742.843,0.66534305,0.6654364,-0.00044846535,0.0009357929,0.0013842583,9.3340874e-05
1604,1605,4.7,11.65,1.4666667,123.14891,0.9354991,0.9340038,0.9328209,8.619837,8.590209,8.566845,0.9668854,0.9668714,0.0011828542,-0.0014953017,-0.002678156,-1.40070915e-05
1607,1608,4.8,11.333333,1.0,137.2784,2.4091046,2.4014072,2.3999984,256.51016,252.00389,251.18773,0.8170176,0.8175561,0.0014088154,-0.007697344,-0.009106159,0.00053846836
1616,1617,3.4666667,18.1,2.95,134.55847,2.4200149,2.4229932,2.4216042,263.0358,264.84586,264.00015,0.78681195,0.7867237,0.0013890266,0.002978325,0.0015892982,-8.827448e-05
1618,1619,4.3166666,6.8166666,1.2666667,125.62244,0.71313256,0.7170858,0.7175514,5.16574,5.212977,5.218569,0.97681147,0.976642,-0.00046563148,0.0039532185,0.00441885,-0.000169456
1622,1623,2.0666666,6.0666666,4.8,124.261795,0.34147665,0.34869552,0.34848398,2.1952128,2.2320068,2.2309198,0.98483527,0.9847185,0.00021153688,0.0072188675,0.0070073307,-0.0001167655
1634,1635,4.483333,8.8,2.2166667,130.81786,1.5138347,1.5150355,1.516255,32.646355,32.736748,32.8288,0.93801177,0.93819845,-0.001219511,0.0012007952,0.0024203062,0.00018668175
1637,1638,4.0,13.616667,3.2666667,134.10835,2.1926365,2.188467,2.193243,155.82477,154.33592,156.04254,0.84847564,0.84893364,-0.004776001,-0.004169464,0.00060653687,0.0004580021
1644,1645,1.3833333,13.033334,2.7666667,126.87405,1.366303,1.3725629,1.3724427,23.243576,23.581036,23.574512,0.9432319,0.9427794,0.000120162964,0.006259918,0.0061397552,-0.00045245886
1660,1661,4.266667,9.933333,1.7833333,124.1213,0.90019804,0.9011002,0.90058905,7.946905,7.963431,7.9540634,0.9692886,0.9693056,0.00051116943,0.0009021759,0.00039100647,1.6987324e-05
1661,1662,4.8333335,11.75,3.5666666,139.23262,2.6324322,2.6287475,2.6300323,428.97522,425.351,426.61124,0.763206,0.76412314,-0.0012848377,-0.0036847591,-0.0023999214,0.00091713667
1668,1669,3.1,8.116667,2.8333333,122.179855,0.4892805,0.49393034,0.49117646,3.0851798,3.1183894,3.098678,0.98186785,0.9820732,0.0027538836,0.0046498477,0.0018959641,0.000205338
1669,1670,1.8166667,16.833334,4.7166667,133.44957,2.2416975,2.2445638,2.2436104,174.46068,175.61589,175.23077,0.82960314,0.8295854,0.0009534359,0.0028662682,0.0019128323,-1.7762184e-05
1670,1671,1.4166666,6.633333,3.7333333,131.99835,1.2785417,1.2716982,1.2697885,18.99073,18.693827,18.611805,0.9549671,0.95508796,0.0019097328,-0.0068434477,-0.0087531805,0.00012087822
1683,1684,2.45,8.716666,3.1666667,125.2098,0.867927,0.8676019,0.8640048,7.3778024,7.372281,7.3114715,0.971291,0.9715361,0.0035970807,-0.00032514334,-0.003922224,0.0002450943
1689,1690,2.7666667,13.733334,2.15,132.80737,2.045204,2.0470567,2.04864,110.969574,111.444,111.851036,0.8713204,0.8710152,-0.0015833378,0.0018527508,0.0034360886,-0.0003052354
1700,1701,4.1666665,17.716667,2.9666667,131.82019,2.1275063,2.1297212,2.1287587,134.12392,134.80971,134.51126,0.84710586,0.84692156,0.0009624958,0.0022149086,0.0012524128,-0.00018429756
1704,1705,4.85,9.033334,3.1833334,121.19586,0.5180678,0.5192126,0.51723504,3.2966115,3.305313,3.2902966,0.98092103,0.9808941,0.001977563,0.0011448264,-0.0008327365,-2.69413e-05
1707,1708,4.2166667,14.683333,4.9166665,128.28906,1.6359946,1.6370647,1.638494,43.250843,43.357548,43.500477,0.9184228,0.9184737,-0.0014293194,0.0010701418,0.0024994612,5.0902367e-05
1722,1723,4.6,12.9,4.4666667,122.49615,0.9404546,0.9451832,0.94353133,8.718758,8.814206,8.780745,0.9657214,0.96560293,0.0016518831,0.0047286153,0.0030767322,-0.000118494034
1724,1725,1.15,17.616667,3.85,123.61119,1.2480403,1.2466304,1.2470378,17.702734,17.645357,17.661915,0.9462772,0.9464162,-0.00040733814,-0.0014098883,-0.0010025501,0.00013899803
1726,1727,3.1333334,13.166667,1.9,121.96403,0.88664186,0.8875473,0.8890743,7.70268,7.718756,7.7459435,0.96783143,0.9679022,-0.0015270114,0.00090545416,0.0024324656,7.075071e-05
1731,1732,1.0333333,12.5,4.616667,120.544655,0.65266055,0.6672105,0.6705961,4.4942846,4.6474047,4.683776,0.9761104,0.9759218,-0.0033856034,0.014549971,0.017935574,-0.0001885891
1745,1746,3.5333333,8.266666,1.6833333,129.06313,1.2648401,1.2569951,1.2574327,18.400944,18.071537,18.089756,0.95477146,0.9548877,-0.0004376173,-0.007845044,-0.007407427,0.00011622906
1747,1748,3.85,12.833333,3.9166667,131.72946,1.8943326,1.8986205,1.8981469,78.40299,79.18091,79.094604,0.89372027,0.8934157,0.0004736185,0.004287839,0.0038142204,-0.00030457973
1750,1751,2.4333334,13.183333,2.2,127.154755,1.4254781,1.4259462,1.4259712,26.636559,26.665285,26.666815,0.93885374,0.93896,-2.4914742e-05,0.00046813488,0.0004930496,0.00010627508
1751,1752,4.0333333,13.566667,4.4,135.79973,2.367,2.3638139,2.364269,232.80919,231.10742,231.34975,0.8158898,0.816197,-0.00045514107,-0.003186226,-0.0027310848,0.00030720234
1753,1754,1.9166666,12.483334,2.1,129.6422,1.6348985,1.6381041,1.636938,43.14183,43.461437,43.3449,0.9227353,0.922522,0.0011661053,0.0032055378,0.0020394325,-0.00021326542
1778,1779,3.8666666,14.65,4.4666667,135.32335,2.3694766,2.364381,2.3651881,234.1405,231.40944,231.83987,0.8115761,0.81198615,-0.0008070469,-0.005095482,-0.004288435,0.00041002035
1780,1781,2.6833334,5.9666667,1.6833333,120.87778,-0.014383433,-0.012418747,-0.014904878,0.9674233,0.97180974,0.9662625,0.99010926,0.9901293,0.0024861312,0.0019646864,-0.0005214447,2.002716e-05
1783,1784,4.1833334,5.95,1.4333333,123.88152,0.3695403,0.37345493,0.37363234,2.3417487,2.362952,2.3639176,0.9845787,0.98447466,-0.00017741323,0.0039146245,0.0040920377,-0.00010406971
1800,1801,2.9666667,11.45,1.7,121.71737,0.7432417,0.74791056,0.74925303,5.536582,5.5964236,5.6137495,0.97378033,0.97386926,-0.0013424754,0.004668832,0.0060113072,8.893013e-05
1822,1823,1.7833333,6.4666667,4.8166666,129.68991,0.9997795,1.0101725,1.0091105,9.994925,10.236995,10.211991,0.9671412,0.9669893,0.0010620356,0.010392964,0.009330928,-0.00015193224
1828,1829,3.7,9.983334,4.1666665,127.927,1.2993017,1.3038019,1.304378,19.920568,20.128057,20.154778,0.95049113,0.9503304,-0.0005761385,0.0045001507,0.005076289,-0.00016075373
1835,1836,4.15,5.016667,4.1666665,127.42103,0.5573166,0.5567217,0.5546508,3.608416,3.6034765,3.5863345,0.9807429,0.9806291,0.0020709038,-0.00059491396,-0.0026658177,-0.00011378527
1852,1853,2.85,19.966667,3.3666666,135.64961,2.5852754,2.5865679,2.587712,384.83575,385.98276,387.00098,0.7366277,0.73688513,-0.0011441708,0.0012924671,0.0024366379,0.00025743246
1858,1859,1.2,15.7,4.2,132.19176,2.0616186,2.0579205,2.0577497,115.244064,114.26691,114.222,0.86491054,0.865457,0.0001707077,-0.0036981106,-0.0038688183,0.0005464554
1863,1864,4.2833333,19.85,4.0666666,132.8016,2.300608,2.3001885,2.3002312,199.80573,199.61287,199.63249,0.8072847,0.8073845,-4.2676926e-05,-0.00041937828,-0.00037670135,9.9778175e-05
1874,1875,4.9,12.466666,1.3666667,134.2376,2.1494074,2.1523259,2.151397,141.06114,142.01227,141.70886,0.8587751,0.85862887,0.0009288788,0.0029184818,0.001989603,-0.0001462102
1881,1882,1.1666666,16.216667,1.9,121.53652,0.9769749,0.97263616,0.9715337,9.483636,9.389363,9.365559,0.9623502,0.96247107,0.0011024475,-0.0043387413,-0.005441189,0.00012087822
1887,1888,4.15,18.266666,3.6833334,129.30046,1.8828034,1.8854874,1.8869119,76.349014,76.82232,77.0747,0.88325304,0.8833002,-0.0014244318,0.0026839972,0.004108429,4.7147274e-05
1888,1889,2.0666666,10.466666,2.8166666,135.16483,2.0911336,2.0780525,2.0784314,123.34842,119.68853,119.792984,0.8758505,0.8767562,-0.00037884712,-0.013081074,-0.012702227,0.0009056926
1897,1898,2.35,15.416667,1.9,139.19017,2.787812,2.7873054,2.7879257,613.49634,612.78107,613.65704,0.7002891,0.70055646,-0.00062036514,-0.0005066395,0.00011372566,0.00026738644
1914,1915,4.2833333,10.366667,3.8166666,120.978165,0.6040743,0.609474,0.6097068,4.0185957,4.068872,4.0710535,0.9783071,0.9782371,-0.00023281574,0.005399704,0.0056325197,-7.003546e-05
1928,1929,3.5666666,6.35,4.6833334,123.83165,0.42266876,0.4238497,0.42422682,2.646481,2.653687,2.6559925,0.98364323,0.9834252,-0.0003771186,0.0011809468,0.0015580654,-0.00021803379
1929,1930,3.8166666,19.7,2.9,129.96681,2.0011125,2.003542,2.002805,100.256485,100.8189,100.647964,0.8632118,0.8630601,0.0007369518,0.0024294853,0.0016925335,-0.00015169382
1932,1933,3.65,18.3,4.733333,131.19455,2.0790243,2.0800967,2.0804098,119.95665,120.25322,120.339935,0.85384285,0.85398394,-0.0003130436,0.0010724068,0.0013854504,0.0001410842
1944,1945,2.3333333,17.733334,3.0,120.55649,0.946309,0.950638,0.95071334,8.837084,8.9256115,8.92716,0.96238345,0.96223736,-7.534027e-05,0.0043290257,0.004404366,-0.00014609098
1948,1949,3.1833334,7.0,2.1833334,123.56959,0.48147947,0.49269724,0.49321184,3.0302572,3.1095479,3.1132345,0.9822142,0.9822827,-0.0005145967,0.011217773,0.01173237,6.848574e-05
1949,1950,3.6833334,12.933333,4.95,120.073425,0.67643946,0.68876135,0.68824345,4.747221,4.883839,4.8780184,0.97507966,0.97488993,0.00051790476,0.012321889,0.011803985,-0.00018972158
1952,1953,4.2833333,12.183333,1.4833333,134.74385,2.180475,2.1834738,2.1839309,151.52174,152.57164,152.73228,0.85466367,0.8546917,-0.00045704842,0.002998829,0.0034558773,2.8014183e-05
1962,1963,2.65,9.7,1.4666667,138.28717,2.371106,2.3612022,2.3628058,235.02058,229.72182,230.57162,0.8324628,0.8333067,-0.0016036034,-0.009903669,-0.008300066,0.00084394217
1963,1964,3.3,15.866667,2.6,131.90195,2.0626426,2.0609915,2.0629225,115.51611,115.0778,115.59059,0.86363995,0.86340857,-0.0019309521,-0.0016510487,0.0002799034,-0.00023138523
1972,1973,4.9,7.65,4.516667,130.19131,1.3267498,1.3304769,1.3309107,21.220217,21.40311,21.4245,0.95133924,0.9513732,-0.0004338026,0.0037270784,0.004160881,3.3974648e-05
1982,1983,2.6666667,13.483334,3.9666667,134.28816,2.1956553,2.1868982,2.1898692,156.9117,153.77942,154.835,0.84934247,0.8499253,-0.002970934,-0.008757114,-0.0057861805,0.0005828142
1983,1984,2.3166666,13.066667,4.6666665,128.46472,1.5496925,1.5531977,1.5525974,35.456226,35.743557,35.69418,0.9290991,0.9288894,0.000600338,0.00350523,0.002904892,-0.00020968914
1988,1989,3.0333333,18.5,4.366667,120.12973,0.94534725,0.9435105,0.9429027,8.817536,8.780323,8.7680435,0.9621279,0.96205646,0.00060778856,-0.0018367767,-0.0024445653,-7.146597e-05
1995,1996,3.45,19.85,4.3333335,135.56067,2.5768664,2.577291,2.5786736,377.45605,377.8253,379.03003,0.7392627,0.73963994,-0.0013825893,0.0004246235,0.0018072128,0.0003772378
1997,1998,2.7166667,14.466666,4.4166665,139.7024,2.7987206,2.7998762,2.8004436,629.1013,630.7775,631.6022,0.701466,0.7020336,-0.0005674362,0.0011556149,0.0017230511,0.0005675554
2012,2013,4.983333,9.183333,1.0666667,132.53973,1.748284,1.7446499,1.7427626,56.012375,55.54563,55.304768,0.9183638,0.9183229,0.0018873215,-0.0036340952,-0.0055214167,-4.0888786e-05
2020,2021,4.9666667,19.15,4.766667,124.60753,1.4359905,1.435149,1.4363565,27.289179,27.236353,27.312191,0.9301873,0.92997044,-0.0012075901,-0.0008414984,0.00036609173,-0.0002168417
2021,2022,4.7166667,16.05,1.6333333,135.47997,2.4463577,2.4475942,2.4491925,279.4845,280.28134,281.31476,0.7878974,0.7877374,-0.0015983582,0.0012364388,0.002834797,-0.00015997887
2023,2024,4.866667,7.0666666,4.9166665,121.29942,0.29740125,0.2991445,0.29733145,1.9833586,1.9913359,1.9830399,0.98583186,0.98556954,0.0018130541,0.001743257,-6.979704e-05,-0.00026232004
2029,2030,3.2333333,11.766666,2.95,125.305916,1.1497395,1.1481128,1.1430738,14.116905,14.064127,13.901889,0.9570616,0.95729786,0.0050389767,-0.00162673,-0.0066657066,0.00023627281
2043,2044,2.9333334,14.416667,4.9,127.18078,1.4948745,1.4984537,1.4991667,31.25176,31.510387,31.56216,0.93153006,0.93135405,-0.00071299076,0.003579259,0.0042922497,-0.00017601252
2051,2052,3.9666667,7.2166667,1.1166667,128.94751,1.1244462,1.1273851,1.1269141,13.318219,13.408652,13.394118,0.9621931,0.96197516,0.0004709959,0.0029389858,0.00246799,-0.00021791458
2055,2056,1.85,11.95,2.0333333,130.64214,1.70128,1.706466,1.7045944,50.266655,50.870495,50.65174,0.91728276,0.9169508,0.0018715858,0.0051859617,0.0033143759,-0.00033193827
2057,2058,1.5166667,10.233334,2.0333333,123.67469,0.82955104,0.8256672,0.8260981,6.7538443,6.6937146,6.7003593,0.9717787,0.97186536,-0.00043088198,-0.0038838387,-0.0034529567,8.666515e-05
2071,2072,1.4,9.016666,3.3833334,135.90788,2.0220826,2.0125782,2.0126038,105.21619,102.9386,102.94464,0.8886442,0.89004564,-2.5510788e-05,-0.009504318,-0.009478807,0.0014014244
2073,2074,3.8833334,18.6,2.6333334,123.818306,1.3283455,1.3290068,1.3285356,21.29833,21.330784,21.307652,0.9392192,0.9392033,0.00047123432,0.00066125393,0.00019001961,-1.5854836e-05
2075,2076,1.3666667,15.983334,2.9333334,125.69678,1.3977933,1.3981245,1.3986536,24.991556,25.01062,25.041113,0.93750733,0.9374399,-0.00052917004,0.0003311634,0.00086033344,-6.741285e-05
2080,2081,4.5,8.8,4.9166665,127.79924,1.196982,1.1931766,1.1935332,15.739177,15.601869,15.614683,0.95751935,0.95755523,-0.00035655499,-0.003805399,-0.003448844,3.5881996e-05
2085,2086,3.8166666,13.516666,4.5833335,120.94086,0.8000614,0.81126016,0.8101388,6.3104653,6.475304,6.4586062,0.97067136,0.97051513,0.0011213422,0.011198759,0.010077417,-0.00015622377
2090,2091,4.7833333,9.666667,3.85,120.167145,0.47084674,0.47266567,0.47189245,2.9569688,2.9693794,2.9640973,0.98181033,0.98171806,0.00077322125,0.0018189251,0.0010457039,-9.226799e-05
2093,2094,1.5666667,8.116667,3.75,133.49002,1.6695373,1.6598758,1.6590701,46.72371,45.695744,45.611057,0.9278196,0.9281856,0.0008056164,-0.009661555,-0.010467172,0.00036597252
2110,2111,3.85,18.45,1.95,125.76317,1.5252911,1.5251275,1.5246942,33.519,33.506382,33.472965,0.9233839,0.92334414,0.00043332577,-0.00016355515,-0.0005968809,-3.9756298e-05
2111,2112,1.1166667,8.716666,3.5166667,133.89043,1.7558026,1.7556748,1.7561625,56.99052,56.973755,57.03777,0.918498,0.9189111,-0.0004876852,-0.00012779236,0.00035989285,0.0004131198
2114,2115,1.7333333,19.85,3.9166667,132.06416,2.206618,2.2087364,2.2090807,160.92297,161.70982,161.83807,0.8276259,0.8277472,-0.00034427643,0.002118349,0.0024626255,0.00012135506
2118,2119,2.5666666,14.1,1.4166666,132.97127,2.07883,2.0800807,2.079135,119.902985,120.2488,119.987206,0.86526555,0.86506927,0.0009458065,0.0012507439,0.00030493736,-0.0001962781
2119,2120,2.7,11.033334,1.0166667,137.39032,2.377212,2.3694332,2.3702402,238.3483,234.11711,234.55258,0.8255926,0.8264061,-0.0008070469,-0.007778883,-0.006971836,0.0008135438
2135,2136,2.7,6.2166667,1.4333333,121.4698,0.14016384,0.104936,0.10291026,1.3809052,1.2733154,1.2673899,0.9884881,0.988677,0.0020257458,-0.035227835,-0.03725358,0.00018894672
2141,2142,4.5333333,14.75,4.1666665,139.61942,2.8105156,2.8180883,2.8190558,646.42126,657.7915,659.25854,0.6959096,0.6934055,-0.0009675026,0.007572651,0.0085401535,-0.0025041103
2146,2147,4.65,6.9666667,1.1166667,130.64156,1.2974373,1.2890702,1.2901483,19.835232,19.456747,19.505102,0.95421124,0.95415896,-0.0010780096,-0.008367062,-0.007289052,-5.2273273e-05
2151,2152,4.8,9.433333,4.1666665,138.08484,2.3504305,2.3489785,2.3503134,224.09413,223.34618,224.03374,0.8356286,0.83591944,-0.0013349056,-0.0014519691,-0.00011706352,0.00029081106
2175,2176,2.1166666,10.1,3.4333334,125.45451,1.0145959,1.0201492,1.021568,10.341793,10.474885,10.509159,0.9646959,0.964779,-0.0014187098,0.0055533648,0.0069720745,8.314848e-05
2193,2194,2.95,11.9,2.5166667,137.32137,2.419679,2.420377,2.4207587,262.83243,263.25525,263.48672,0.81212705,0.81210315,-0.00038170815,0.0006980896,0.0010797977,-2.3901463e-05
2200,2201,3.7833333,19.766666,2.55,128.97676,1.8981824,1.9032332,1.9023888,79.101074,80.026375,79.87094,0.8782449,0.87786186,0.0008443594,0.0050507784,0.004206419,-0.00038301945
2201,2202,4.616667,9.8,2.25,137.80531,2.344834,2.3468337,2.348197,221.22495,222.24588,222.94461,0.83493704,0.83478105,-0.0013632774,0.0019996166,0.003362894,-0.00015598536
2203,2204,2.65,15.0,2.8166666,135.06598,2.3471797,2.3457808,2.3461385,222.42299,221.70773,221.89038,0.81508297,0.81580645,-0.00035762787,-0.0013988018,-0.0010411739,0.0007234812
2208,2209,2.3166666,7.7833333,3.2833333,125.65846,0.80663097,0.80016685,0.80052316,6.4066496,6.311998,6.3171787,0.97383165,0.97407204,-0.00035631657,-0.0064641237,-0.006107807,0.00024038553
2211,2212,1.25,19.766666,3.4333334,134.7186,2.474545,2.474205,2.4755995,298.22565,297.99228,298.95065,0.7688416,0.76902914,-0.0013945103,-0.0003399849,0.0010545254,0.00018751621
2215,2216,4.9666667,15.333333,2.4,131.2183,1.9736265,1.9758894,1.975929,94.10799,94.59963,94.60825,0.8770765,0.8771919,-3.9577484e-05,0.00226295,0.0023025274,0.00011539459
2220,2221,2.1166666,8.333333,4.75,120.89503,0.34978396,0.35430086,0.3522721,2.2376077,2.2610016,2.2504642,0.9845976,0.9844849,0.0020287633,0.0045168996,0.0024881363,-0.00011271238
2222,2223,4.5,17.533333,1.1166667,127.00868,1.6196336,1.6236204,1.6236408,41.65178,42.035904,42.03788,0.9160406,0.91490424,-2.0384789e-05,0.0039868355,0.0040072203,-0.0011363626
2226,2227,3.9166667,10.95,4.516667,130.68607,1.6780108,1.672706,1.671914,47.644287,47.06586,46.980103,0.9214336,0.9217286,0.0007920265,-0.0053048134,-0.00609684,0.0002949834
2250,2251,1.05,10.85,1.8333334,126.687256,1.1987585,1.1830317,1.1839648,15.803689,15.241639,15.274425,0.95604587,0.95631254,-0.0009331703,-0.015726805,-0.014793634,0.00026667118
2255,2256,3.05,17.766666,3.75,137.77307,2.7368057,2.735755,2.7352386,545.5137,544.1955,543.54877,0.7026389,0.70260316,0.00051641464,-0.0010507107,-0.0015671253,-3.5762787e-05
2256,2257,4.766667,5.9666667,4.65,120.20434,-0.011117598,0.0005507469,-0.0048537673,0.97472566,1.001269,0.988886,0.9901771,0.98988473,0.0054045143,0.011668345,0.0062638307,-0.00029236078
2257,2258,3.3666666,13.766666,3.1333334,122.73678,1.0025873,1.0050671,1.0048622,10.059752,10.117357,10.112585,0.96251017,0.9623961,0.00020492077,0.0024797916,0.0022748709,-0.00011408329
2267,2268,1.8833333,7.0333333,2.8,125.872314,0.6868068,0.6966917,0.6967908,4.8619084,4.9738383,4.9749737,0.9772316,0.9770896,-9.9122524e-05,0.009884894,0.009984016,-0.00014203787
2269,2270,3.8333333,7.616667,2.25,135.05975,1.828191,1.8309577,1.8316296,67.32727,67.75754,67.862465,0.91300994,0.913101,-0.00067198277,0.0027666092,0.003438592,9.10759e-05
2278,2279,2.5333333,11.583333,3.4333334,124.659065,1.0694085,1.0594935,1.0592407,11.7329855,11.468155,11.46148,0.9615578,0.9619876,0.0002528429,-0.009914994,-0.010167837,0.0004298091
2280,2281,2.4833333,18.433332,2.4,127.380455,1.6818329,1.6821735,1.6834935,48.06544,48.10315,48.249577,0.9079656,0.9081103,-0.0013200045,0.00034058094,0.0016605854,0.00014472008
2283,2284,2.4666667,12.633333,2.7166667,132.68904,1.9682945,1.9720352,1.9710367,92.959656,93.763794,93.54846,0.88519347,0.8847318,0.000998497,0.0037406683,0.0027421713,-0.00046163797
2285,2286,2.5833333,11.9,4.0333333,136.32118,2.3064706,2.30876,2.3098774,202.52127,203.59163,204.11617,0.83405644,0.83390236,-0.0011174679,0.0022892952,0.003406763,-0.000154078
2289,2290,2.9166667,14.7,1.3666667,120.43927,0.8156301,0.8096991,0.81027275,6.540788,6.4520707,6.4605985,0.96981066,0.9700057,-0.0005736351,-0.00593096,-0.005357325,0.0001950264
2292,2293,1.25,11.216666,4.4166665,136.20642,2.2304971,2.229681,2.2304869,170.01888,169.69968,170.01486,0.85109144,0.85176164,-0.0008058548,-0.0008161068,-1.0251999e-05,0.0006701946
2297,2298,3.2333333,16.416666,4.5666666,138.20384,2.738487,2.7321649,2.7331426,547.6297,539.71545,540.9319,0.710216,0.7113965,-0.0009777546,-0.0063221455,-0.005344391,0.0011805296
2301,2302,4.9666667,14.016666,1.1833333,120.79224,0.8383506,0.83294356,0.833914,6.8920846,6.806809,6.822036,0.969284,0.96927935,-0.0009704232,-0.0054070354,-0.004436612,-4.6491623e-06
2314,2315,2.15,9.666667,4.1,127.09136,1.1658211,1.1563373,1.1568062,14.649442,14.333005,14.348491,0.9586628,0.95882046,-0.00046896935,-0.009483814,-0.009014845,0.00015765429
2317,2318,2.8666666,19.0,2.9833333,124.263336,1.381754,1.3831557,1.383744,24.085411,24.16327,24.196024,0.9348844,0.93476224,-0.00058829784,0.0014016628,0.0019899607,-0.00012218952
2319,2320,4.1666665,10.233334,2.05,124.02897,0.9247848,0.91590613,0.91578627,8.409782,8.2396,8.237327,0.9684617,0.9685537,0.00011986494,-0.008878648,-0.008998513,9.202957e-05
2328,2329,4.233333,17.2,4.6,123.89906,1.2872398,1.2882183,1.2878917,19.374914,19.418615,19.40402,0.9435179,0.9435792,0.00032651424,0.0009784698,0.0006519556,6.1273575e-05
2331,2332,4.8333335,15.75,1.1666666,121.8769,1.026326,1.0251031,1.02558,10.624927,10.595053,10.606694,0.95993346,0.9598937,-0.00047695637,-0.0012228489,-0.0007458925,-3.9756298e-05
2337,2338,2.45,15.166667,4.75,124.82614,1.2822917,1.2832608,1.2831905,19.155418,19.198214,19.195105,0.94624025,0.94624525,7.033348e-05,0.0009691715,0.00089883804,5.00679e-06
2348,2349,3.25,6.6833334,3.5333333,136.78665,1.8794535,1.8723476,1.8715348,75.76237,74.53282,74.39347,0.9098763,0.909876,0.00081276894,-0.0071059465,-0.0079187155,-2.9802322e-07
2357,2358,2.7333333,8.133333,2.25,139.81937,2.3736258,2.373561,2.3745365,236.38818,236.35289,236.88443,0.8368015,0.8373144,-0.0009756088,-6.484985e-05,0.000910759,0.00051289797
2372,2373,3.6,20.0,3.9,135.26894,2.5539572,2.5529459,2.5543818,358.06116,357.2283,358.41144,0.7451203,0.74555784,-0.0014359951,-0.0010113716,0.0004246235,0.0004375577
2374,2375,3.65,7.266667,4.516667,128.69087,1.1043286,1.0968704,1.09719,12.715359,12.49886,12.508061,0.9633262,0.9632887,-0.0003196001,-0.00745821,-0.00713861,-3.749132e-05
2404,2405,4.75,13.7,2.1666667,131.12843,1.888515,1.8864946,1.8872367,77.35973,77.000694,77.13238,0.8923558,0.89281607,-0.0007420778,-0.002020359,-0.0012782812,0.00046026707
2405,2406,1.9666667,18.75,2.8333333,137.50822,2.7351828,2.73309,2.735106,543.47894,540.8663,543.38293,0.6987834,0.69967335,-0.0020160675,-0.0020928383,-7.677078e-05,0.00088995695
2408,2409,2.5166667,9.65,1.2833333,122.97289,0.72407293,0.7230954,0.7250041,5.297524,5.285614,5.3088946,0.9753475,0.97548133,-0.0019086599,-0.0009775162,0.00093114376,0.00013381243
2410,2411,4.4333334,10.7,3.0833333,130.45807,1.6373082,1.63471,1.6351335,43.381866,43.1231,43.165176,0.9254004,0.92515093,-0.0004235506,-0.0025982857,-0.002174735,-0.00024944544
2413,2414,1.8833333,6.983333,1.9333333,130.16829,1.1642089,1.1569753,1.1548698,14.595161,14.354077,14.284657,0.9606543,0.96072394,0.0021054745,-0.0072336197,-0.009339094,6.9618225e-05
2415,2416,4.733333,8.283334,3.4166667,123.8239,0.71092856,0.7223196,0.71944064,5.1395907,5.2761803,5.2413197,0.97627807,0.9759946,0.002878964,0.011391044,0.00851208,-0.0002834797
2417,2418,1.9,6.983333,2.2166667,134.12059,1.5802268,1.5852627,1.5842528,38.038795,38.482445,38.393066,0.93541276,0.93530697,0.0010098219,0.005035877,0.0040260553,-0.000105798244
2418,2419,2.4833333,17.683332,2.5333333,123.01553,1.2031186,1.2025443,1.2028663,15.963149,15.942056,15.953879,0.9487498,0.9487037,-0.0003219843,-0.00057423115,-0.00025224686,-4.607439e-05
2433,2434,2.0666666,10.083333,4.366667,127.74991,1.2622436,1.2620834,1.2623886,18.29126,18.284513,18.297365,0.95285493,0.9528665,-0.00030517578,-0.00016021729,0.0001449585,1.1563301e-05
2443,2444,4.0666666,19.333334,1.7333333,123.71027,1.3427355,1.3442321,1.3439003,22.015854,22.09185,22.07498,0.93733776,0.93718165,0.00033175945,0.0014965534,0.001164794,-0.00015610456
2457,2458,5.0,18.933332,2.5166667,127.94179,1.7693584,1.7752943,1.7752093,58.797436,59.606594,59.59493,0.8963521,0.89596057,8.499622e-05,0.0059359074,0.005850911,-0.0003915429
2467,2468,1.0833334,19.1,1.5666667,124.6179,1.4127431,1.4041406,1.4044687,25.866823,25.359495,25.378658,0.9331912,0.9334617,-0.00032806396,-0.0086025,-0.008274436,0.00027054548
2475,2476,3.8166666,12.616667,1.7,123.10832,0.99120235,0.9818928,0.9828334,9.799464,9.591639,9.612434,0.9640927,0.964273,-0.0009405613,-0.00930953,-0.008368969,0.00018030405
2488,2489,4.95,17.983334,4.25,137.51802,2.727071,2.7282138,2.7297807,533.4222,534.8276,536.7606,0.7032031,0.7036699,-0.0015668869,0.0011427402,0.0027096272,0.00046682358
2498,2499,4.8333335,6.55,1.05,120.113754,0.08348603,0.0945673,0.09621793,1.2119536,1.2432753,1.2480096,0.9890144,0.9886806,-0.0016506314,0.011081271,0.012731902,-0.000333786
2502,2503,1.2833333,17.666666,2.7666667,127.662285,1.6717745,1.6699568,1.6717579,46.96502,46.76886,46.963226,0.9108495,0.91119295,-0.0018011332,-0.0018177032,-1.6570091e-05,0.00034344196
2510,2511,3.05,15.55,1.7333333,120.65695,0.87054265,0.8742012,0.8751252,7.422371,7.485162,7.501105,0.9669419,0.9669945,-0.0009240508,0.003658533,0.004582584,5.26309e-05
2516,2517,2.5166667,12.15,4.6833334,124.34886,1.0756251,1.0664651,1.0661595,11.902141,11.653735,11.645535,0.9609127,0.9610604,0.00030565262,-0.009159923,-0.009465575,0.00014770031
2518,2519,3.1666667,11.633333,3.2666667,120.183784,0.60338867,0.6060127,0.60794723,4.012256,4.036572,4.0545926,0.9778527,0.9780017,-0.0019345284,0.0026240349,0.004558563,0.00014901161
2535,2536,1.6166667,8.783334,2.1166666,134.86848,1.8817718,1.8841549,1.8848709,76.16787,76.586975,76.71333,0.90534574,0.9056346,-0.000715971,0.002383113,0.003099084,0.0002888441
2539,2540,2.9666667,5.8333335,3.1666667,124.65334,0.38577318,0.38511956,0.38392755,2.430934,2.427278,2.4206252,0.98418903,0.9843337,0.0011920035,-0.00065362453,-0.001845628,0.00014466047
2542,2543,1.45,17.95,2.35,137.36534,2.6833026,2.686208,2.686754,482.28375,485.521,486.13174,0.71871746,0.718398,-0.00054597855,0.0029053688,0.0034513474,-0.0003194809
2546,2547,4.8,12.2,2.0333333,126.0034,1.2674792,1.2674197,1.2675853,18.5131,18.510565,18.517624,0.9498891,0.94992006,-0.0001655817,-5.9485435e-05,0.00010609627,3.093481e-05
2550,2551,4.3166666,17.666666,2.3333333,132.03067,2.1494703,2.1510856,2.150821,141.08159,141.6073,141.52103,0.8435909,0.8434215,0.00026464462,0.0016152859,0.0013506413,-0.0001693964
2560,2561,4.3,5.55,3.25,125.76338,0.49513096,0.5038713,0.5021168,3.127022,3.1905923,3.1777287,0.98208195,0.98192734,0.0017545223,0.0087403655,0.006985843,-0.00015461445
2561,2562,4.6833334,14.866667,3.2833333,137.68166,2.622979,2.6239936,2.6240242,419.73862,420.72046,420.75003,0.7486716,0.7484476,-3.0517578e-05,0.0010147095,0.001045227,-0.00022399426
2563,2564,2.5,11.483334,3.9833333,133.53348,1.9911052,1.9887431,1.9888583,97.97273,97.4413,97.46717,0.8855952,0.8856921,-0.00011527538,-0.002362132,-0.0022468567,9.691715e-05
2565,2566,3.5,5.6666665,4.6666665,121.30671,-0.009402527,0.011994958,0.012127171,0.97858256,1.0280044,1.0283173,0.98995477,0.98972696,-0.00013221335,0.021397484,0.021529697,-0.00022780895
2566,2567,1.0,6.85,4.2833333,120.03308,-0.021773877,-0.014925957,-0.014474154,0.9510999,0.9662156,0.96722126,0.9901523,0.9898509,-0.00045180228,0.00684792,0.007299722,-0.0003014207
2573,2574,4.95,17.016666,4.5666666,134.87134,2.4200432,2.4225976,2.4230645,263.05298,264.60477,264.88934,0.78990316,0.7898186,-0.00046682358,0.0025544167,0.0030212402,-8.457899e-05
2580,2581,3.85,16.766666,4.7,137.30833,2.6644647,2.657045,2.658536,461.81146,453.98853,455.5499,0.72984326,0.73127896,-0.0014910698,-0.0074198246,-0.005928755,0.0014356971
2590,2591,1.4666667,14.266666,3.7666667,120.53288,0.77972686,0.78072,0.78154,6.0218077,6.035594,6.0470004,0.97139335,0.9713993,-0.0008199811,0.0009931326,0.0018131137,5.9604645e-06
2605,2606,1.85,14.333333,4.383333,130.84467,1.8709931,1.8622602,1.8606831,74.300735,72.8216,72.55763,0.89477456,0.8951426,0.0015771389,-0.008732915,-0.010310054,0.00036805868
2606,2607,1.2333333,6.5,3.3,120.16249,-0.057640012,-0.056001306,-0.053172506,0.87570935,0.87901986,0.88476413,0.99057704,0.9903949,-0.0028287992,0.0016387068,0.004467506,-0.0001821518
2608,2609,4.2166667,16.566668,4.366667,130.00056,1.8889779,1.8949465,1.8955181,77.44223,78.51388,78.61729,0.88674426,0.8855379,-0.00057160854,0.0059685707,0.0065401793,-0.0012063384
2613,2614,2.05,14.65,1.7833333,136.45857,2.4665918,2.4654582,2.4661589,292.814,292.05063,292.52222,0.79062533,0.79046994,-0.0007007122,-0.0011336803,-0.00043296814,-0.00015538931
2616,2617,1.6333333,6.0666666,2.05,127.55674,0.6741457,0.68567455,0.68294054,4.722214,4.8492494,4.818818,0.9774768,0.9773258,0.0027340055,0.01152885,0.008794844,-0.00015097857
2627,2628,3.2333333,10.2,4.4666667,129.06902,1.4308133,1.4358716,1.4360894,26.965801,27.281712,27.295397,0.94194704,0.941756,-0.00021779537,0.0050582886,0.005276084,-0.00019103289
2637,2638,1.3666667,12.066667,3.1333334,130.8113,1.7268814,1.7216239,1.7196571,53.318924,52.677345,52.43932,0.9153388,0.9154499,0.001966834,-0.0052574873,-0.0072243214,0.00011110306
2646,2647,4.9666667,14.333333,1.0666667,125.64854,1.3473123,1.3498479,1.3488189,22.249094,22.379374,22.32641,0.94234306,0.94221413,0.0010290146,0.0025355816,0.001506567,-0.00012892485
2648,2649,4.0,11.833333,3.75,130.07442,1.6644754,1.67003,1.6693925,46.182285,46.776745,46.708126,0.9206004,0.9201225,0.0006375313,0.005554557,0.0049170256,-0.00047791004
2654,2655,3.2666667,5.483333,2.8166666,135.97049,1.5733185,1.5665131,1.5666603,37.438503,36.85641,36.868908,0.9371806,0.9372424,-0.00014722347,-0.00680542,-0.0066581964,6.181002e-05
2657,2658,4.3166666,12.7,2.2333333,138.99149,2.6506362,2.653943,2.654223,447.3384,450.7576,451.04822,0.75252014,0.75212,-0.0002799034,0.0033068657,0.003586769,-0.00040012598
2661,2662,1.0833334,13.35,1.5166667,132.90976,2.0137177,2.0127516,2.0136037,103.20902,102.97969,103.18194,0.87808645,0.87825876,-0.000852108,-0.0009660721,-0.00011396408,0.00017231703
2667,2668,1.3,17.6,1.2833333,134.13678,2.3382545,2.339563,2.3401725,217.8986,218.55608,218.8631,0.8079446,0.8078833,-0.0006096363,0.0013084412,0.0019180775,-6.1273575e-05
2673,2674,1.0666667,11.566667,4.7,132.71347,1.8853885,1.8791895,1.8814553,76.80482,75.71632,76.11238,0.89949083,0.8999609,-0.002265811,-0.0061990023,-0.0039331913,0.00047004223
2677,2678,1.3333334,18.5,2.5166667,121.537865,1.0774251,1.0683815,1.0674793,11.951575,11.705273,11.680979,0.9557981,0.95610803,0.0009022951,-0.009043574,-0.009945869,0.00030994415
2680,2681,2.1666667,10.183333,1.1333333,137.47012,2.3009038,2.3047202,2.305787,199.9419,201.70662,202.20276,0.842055,0.8419633,-0.0010669231,0.0038163662,0.0048832893,-9.173155e-05
2684,2685,4.8,14.833333,4.266667,138.33092,2.68846,2.6913018,2.6922188,488.0453,491.24915,492.28748,0.73056215,0.7308124,-0.00091695786,0.002841711,0.003758669,0.0002502203
2700,2701,2.8833334,6.9666667,5.0,131.06102,1.2875241,1.2879345,1.2883458,19.387602,19.405933,19.424318,0.9542021,0.9543042,-0.00041127205,0.00041043758,0.00082170963,0.00010210276
2702,2703,3.8833334,9.3,4.116667,123.526825,0.7769481,0.777745,0.777278,5.983401,5.9943905,5.987948,0.9739167,0.9738643,0.0004670024,0.0007969141,0.0003299117,-5.2392483e-05
2708,2709,5.0,12.9,3.0833333,126.606445,1.3776566,1.3740733,1.3746198,23.85924,23.663189,23.69299,0.9421811,0.94228345,-0.0005465746,-0.003583312,-0.0030367374,0.000102341175
2712,2713,2.7166667,11.166667,3.25,131.2004,1.7211136,1.7280457,1.7310032,52.615482,53.462063,53.82737,0.9165751,0.91678387,-0.0029574633,0.0069321394,0.009889603,0.00020879507
2722,2723,3.25,8.95,2.1666667,138.05624,2.2895806,2.2820814,2.283749,194.79625,191.46147,192.1981,0.8495543,0.8500233,-0.001667738,-0.007499218,-0.00583148,0.00046902895
2723,2724,1.9333333,18.433332,1.8833333,134.49371,2.4124045,2.4104779,2.4117634,258.46667,257.32257,258.0854,0.78810585,0.7882796,-0.001285553,-0.0019266605,-0.00064110756,0.00017374754
2739,2740,3.0,18.15,4.8166666,124.08575,1.3351101,1.3348999,1.3353022,21.632668,21.622202,21.642242,0.9394355,0.93937707,-0.00040233135,-0.00021016598,0.00019216537,-5.8412552e-05
2767,2768,4.5833335,13.283334,4.266667,133.12021,2.0809174,2.0745964,2.0725155,120.48067,118.73982,118.17225,0.86773086,0.8682335,0.0020809174,-0.0063209534,-0.008401871,0.00050264597
2770,2771,1.1666666,10.133333,4.766667,134.80293,1.99762,1.99394,1.9953313,99.45348,98.61433,98.93075,0.88919085,0.8894678,-0.0013912916,-0.0036799908,-0.0022886992,0.00027692318
2779,2780,2.1833334,17.266666,1.9833333,133.97765,2.3200607,2.3177073,2.3184006,208.95883,207.82954,208.1616,0.81267047,0.8125855,-0.0006933212,-0.0023534298,-0.0016601086,-8.499622e-05
2784,2785,2.7666667,12.4,4.4166665,138.66495,2.5841835,2.5866303,2.5870194,383.8694,386.03827,386.38428,0.77201563,0.77207893,-0.00038909912,0.0024468899,0.002835989,6.330013e-05
2792,2793,3.65,12.05,3.4333334,135.27881,2.2259984,2.221159,2.2221699,168.26678,166.40218,166.78995,0.8481537,0.84879476,-0.0010108948,-0.0048394203,-0.0038285255,0.00064104795
2796,2797,1.9666667,13.633333,4.5666666,131.7908,1.9296598,1.926597,1.925993,85.047165,84.449486,84.332115,0.8879531,0.8886149,0.00060403347,-0.0030628443,-0.0036668777,0.0006617904
2802,2803,1.5666667,12.9,3.8,130.6897,1.7617038,1.7639294,1.762261,57.7702,58.066998,57.84436,0.90962225,0.909377,0.001668334,0.0022255182,0.0005571842,-0.0002452731
2825,2826,3.6,12.883333,3.1166666,130.77446,1.7941921,1.8031826,1.80686,62.257557,63.55981,64.10029,0.9053091,0.90516317,-0.0036773682,0.008990526,0.012667894,-0.00014591217
2834,2835,1.8,6.633333,2.85,132.54903,1.3574955,1.3519152,1.3508084,22.776949,22.486156,22.42892,0.9505602,0.9507849,0.0011068583,-0.005580306,-0.0066871643,0.00022470951
2836,2837,2.4333334,17.9,2.4666667,134.82881,2.4317744,2.4322197,2.43279,270.25537,270.53268,270.88815,0.7850174,0.785194,-0.00057029724,0.0004453659,0.0010156631,0.00017660856
2838,2839,2.5333333,19.966667,3.3166666,133.58098,2.371218,2.3724728,2.3733,235.08124,235.76143,236.21098,0.79155105,0.79188883,-0.00082731247,0.001254797,0.0020821095,0.00033777952
2851,2852,3.4333334,11.366667,2.4166667,138.76637,2.5459833,2.5449028,2.5459232,351.54694,350.67337,351.4983,0.78691405,0.7869129,-0.0010204315,-0.001080513,-6.0081482e-05,-1.1324883e-06
2858,2859,3.8166666,17.933332,1.5666667,137.84114,2.7515733,2.755142,2.7575133,564.3822,569.03894,572.1545,0.69621253,0.6954841,-0.0023713112,0.0035686493,0.0059399605,-0.00072842836
2875,2876,2.7666667,14.166667,3.55,124.59606,1.214094,1.2146599,1.2148087,16.37171,16.393057,16.398672,0.9515253,0.951341,-0.0001487732,0.0005658865,0.0007146597,-0.00018429756
2878,2879,4.866667,9.45,1.7333333,136.78833,2.2131689,2.2143886,2.214715,163.3687,163.82817,163.95134,0.8587119,0.8587046,-0.00032639503,0.0012197495,0.0015461445,-7.2717667e-06
2880,2881,3.5166667,5.4666667,4.3333335,125.47934,0.41511202,0.4225911,0.42215675,2.6008303,2.6460078,2.6433628,0.9835771,0.98344225,0.00043433905,0.0074790716,0.0070447326,-0.0001348257
2887,2888,1.0333333,11.7,3.5333333,138.55772,2.506172,2.5048676,2.5074801,320.75388,319.79196,321.72153,0.79621285,0.7961816,-0.0026125908,-0.001304388,0.0013082027,-3.1232834e-05
2901,2902,4.733333,15.233334,4.0333333,139.06892,2.7806532,2.7834883,2.7843196,603.46655,607.4188,608.5827,0.70101255,0.7013067,-0.0008313656,0.0028350353,0.003666401,0.00029414892
2908,2909,1.3166667,17.283333,2.4,130.42929,1.9407806,1.9421455,1.9433608,87.25305,87.527695,87.77297,0.8782731,0.87863666,-0.0012153387,0.0013648272,0.0025801659,0.00036352873
2912,2913,4.383333,6.133333,3.0833333,130.14531,1.0964515,1.0984885,1.0962646,12.486811,12.545514,12.481438,0.9640035,0.9638201,0.0022238493,0.0020369291,-0.00018692017,-0.00018340349
2919,2920,4.383333,9.233334,3.9666667,122.16445,0.64000267,0.63535446,0.63435245,4.3651853,4.318714,4.308761,0.97802275,0.97794706,0.0010020137,-0.0046482086,-0.0056502223,-7.56979e-05
2921,2922,1.3166667,16.316668,2.1333334,129.00476,1.7530516,1.7551258,1.7565078,56.63066,56.901768,57.083126,0.904038,0.904212,-0.0013819933,0.0020741224,0.0034561157,0.00017398596
2922,2923,2.55,9.15,2.55,137.01175,2.1730156,2.1733294,2.1745477,148.94145,149.04909,149.4678,0.866633,0.8668969,-0.0012183189,0.00031375885,0.0015320778,0.00026392937
2929,2930,2.4333334,13.383333,2.9333334,122.16913,0.912896,0.9137787,0.9144643,8.182688,8.199337,8.212291,0.9667899,0.9667194,-0.0006855726,0.0008827448,0.0015683174,-7.0512295e-05
2947,2948,3.3333333,5.1666665,2.9,134.27359,1.3109797,1.3114011,1.3107212,20.46349,20.483356,20.451311,0.9531784,0.95322835,0.0006799698,0.00042140484,-0.00025856495,4.9948692e-05
2954,2955,2.5,13.5,3.1833334,133.0749,2.0631385,2.058645,2.0557008,115.648094,114.4577,113.68438,0.869988,0.8699596,0.002944231,-0.004493475,-0.007437706,-2.8431416e-05
2955,2956,2.3166666,8.25,3.5833333,136.48334,2.0156577,2.0176163,2.0166283,103.67109,104.13969,103.903046,0.8904164,0.8906294,0.0009880066,0.0019586086,0.00097060204,0.000213027
2967,2968,1.5333333,16.266666,3.9333334,135.70943,2.4519002,2.451345,2.4525473,283.0742,282.71246,283.49625,0.7873388,0.78767264,-0.0012023449,-0.00055527687,0.000647068,0.00033384562
2969,2970,3.3666666,13.65,1.6,137.77495,2.569343,2.5697446,2.5720108,370.97366,371.31677,373.2594,0.7696415,0.7694293,-0.0022661686,0.0004014969,0.0026676655,-0.00021219254
2991,2992,1.2,13.6,1.8166667,121.68673,0.8207909,0.85454327,0.85299546,6.618977,7.153907,7.1284556,0.9701147,0.96896714,0.0015478134,0.03375238,0.03220457,-0.0011475682
2998,2999,2.5833333,19.483334,2.2333333,134.4273,2.4485345,2.4446218,2.4454172,280.88885,278.3696,278.87985,0.77558607,0.7761349,-0.0007953644,-0.0039126873,-0.003117323,0.00054883957
3026,3027,2.8333333,14.583333,1.8833333,131.7312,1.9765822,1.9752932,1.9766318,94.75065,94.46983,94.76147,0.879098,0.8791282,-0.0013386011,-0.00128901,4.9591064e-05,3.0219555e-05
3040,3041,2.25,18.283333,2.3166666,135.75096,2.5377882,2.5373445,2.5388281,344.97543,344.62317,345.80252,0.7572074,0.7573755,-0.0014836788,-0.00044369698,0.0010399818,0.0001680851
3045,3046,1.1666666,18.05,2.25,122.95893,1.1956066,1.194089,1.1937724,15.689409,15.634682,15.623288,0.9491077,0.9492479,0.00031661987,-0.0015175343,-0.0018341541,0.00014019012
3059,3060,4.3,18.55,3.8833334,133.55551,2.3340316,2.335937,2.3358235,215.79013,216.73898,216.68236,0.80383617,0.8037633,0.000113487244,0.0019054413,0.001791954,-7.289648e-05
3066,3067,1.2166667,18.416666,4.75,129.47627,1.8863056,1.8871224,1.8865497,76.96718,77.112076,77.01046,0.88358164,0.8836727,0.0005726814,0.00081682205,0.00024414062,9.10759e-05
3071,3072,2.6833334,6.6666665,1.9833333,128.33714,0.9356132,0.93620366,0.9348465,8.622103,8.633833,8.6068945,0.9697956,0.96988016,0.0013571382,0.0005904436,-0.00076669455,8.457899e-05
3081,3082,2.6666667,11.6,2.8333333,125.57474,1.1577636,1.1576269,1.1538409,14.3801565,14.375629,14.2508545,0.95685214,0.95718277,0.0037859678,-0.00013673306,-0.003922701,0.00033062696
3083,3084,2.2666667,19.45,4.6666665,124.68364,1.4370556,1.437572,1.4372844,27.35619,27.388737,27.370602,0.9301849,0.93006545,0.00028765202,0.00051641464,0.00022876263,-0.00011944771
3085,3086,3.25,5.233333,2.9666667,136.37213,1.5649921,1.5534992,1.5531983,36.72756,35.768375,35.743603,0.9378666,0.9380692,0.00030088425,-0.011492848,-0.011793733,0.00020259619
3086,3087,2.95,18.033333,3.35,135.17152,2.475171,2.4773676,2.476902,298.65588,300.17023,299.84857,0.77354556,0.7738128,0.00046563148,0.0021965504,0.0017309189,0.00026720762
3088,3089,2.8333333,10.316667,3.75,132.41583,1.7910103,1.7950132,1.7942834,61.8031,62.375378,62.27065,0.91153604,0.91120726,0.00072979927,0.0040029287,0.0032731295,-0.00032877922
3093,3094,3.7666667,19.6,3.5333333,126.26811,1.6134162,1.6153573,1.6175241,41.05974,41.243668,41.449963,0.91308105,0.9131369,-0.0021668673,0.0019410849,0.004107952,5.5849552e-05
3096,3097,2.0833333,16.866667,4.5333333,124.6788,1.3369235,1.3393265,1.3391353,21.723185,21.843716,21.8341,0.940766,0.94067496,0.0001912117,0.0024030209,0.0022118092,-9.101629e-05
3098,3099,1.2333333,15.75,1.45,127.61454,1.5855078,1.5858785,1.5876937,38.504166,38.537052,38.69846,0.9222786,0.92235047,-0.0018151999,0.0003707409,0.0021859407,7.18832e-05
3122,3123,2.9666667,11.6,1.8,128.62479,1.4930563,1.4847673,1.4852486,31.121197,30.532848,30.566702,0.93610483,0.9363447,-0.0004812479,-0.0082889795,-0.0078077316,0.00023984909
3133,3134,4.3333335,11.516666,1.1166667,127.60026,1.388964,1.3889753,1.3887078,24.488605,24.489239,24.47416,0.9430457,0.9430044,0.00026750565,1.1205673e-05,-0.00025629997,-4.1246414e-05
3137,3138,4.133333,13.4,4.35,127.94524,1.5319386,1.5390443,1.5384156,34.036003,34.59746,34.547413,0.9296997,0.9292545,0.0006287098,0.007105708,0.0064769983,-0.0004452467
3146,3147,1.6666666,18.466667,3.8166666,134.76328,2.4453733,2.4372363,2.4383771,278.85168,273.67572,274.3956,0.7813889,0.782331,-0.0011408329,-0.008136988,-0.006996155,0.000942111
3152,3153,3.8333333,12.6,2.0166667,125.08517,1.1801416,1.1894542,1.1909722,15.140547,15.468714,15.522877,0.9544373,0.95400155,-0.0015180111,0.00931263,0.010830641,-0.00043576956
3160,3161,1.1333333,5.9666667,1.7166667,125.951584,0.44415012,0.44478893,0.44398963,2.7806742,2.7847674,2.7796469,0.9827022,0.9826658,0.0007992983,0.0006388128,-0.0001604855,-3.6418438e-05
3173,3174,4.4166665,5.633333,3.0333333,139.4173,2.02983,2.0164545,2.015875,107.10999,103.861465,103.72301,0.8954677,0.89595854,0.00057935715,-0.013375521,-0.013954878,0.00049084425
3177,3178,4.55,16.683332,1.3666667,131.31975,2.0446763,2.039218,2.040928,110.83485,109.450554,109.88234,0.86410636,0.8643359,-0.001709938,-0.005458355,-0.003748417,0.00022953749
3178,3179,3.65,6.0666666,4.75,126.18218,0.6366634,0.6300747,0.62928694,4.33175,4.2665286,4.2587967,0.9790525,0.97893816,0.000787735,-0.0065886974,-0.0073764324,-0.00011432171
3188,3189,1.8,18.183332,2.9166667,123.685555,1.2800905,1.2835563,1.2840214,19.058575,19.21128,19.231863,0.943298,0.94309705,-0.00046503544,0.003465891,0.0039309263,-0.00020092726
3194,3195,4.383333,13.733334,1.4,124.49526,1.2045043,1.195217,1.1945106,16.014164,15.675342,15.649864,0.95253074,0.9526434,0.00070643425,-0.009287238,-0.009993672,0.00011265278
3196,3197,3.6166666,5.4,3.3333333,124.40864,0.2890438,0.29307628,0.2913377,1.9455563,1.9637052,1.9558597,0.9858611,0.98586583,0.0017385781,0.004032463,0.0022938848,4.708767e-06
3206,3207,4.9,18.416666,1.7666667,122.874054,1.2296289,1.2329476,1.2347836,16.967932,17.09809,17.170527,0.9460503,0.94580036,-0.0018360615,0.0033186674,0.005154729,-0.00024992228
3207,3208,3.6666667,9.216666,1.9333333,128.37506,1.288602,1.2844758,1.2831045,19.43578,19.251997,19.191305,0.95244735,0.9522851,0.0013712645,-0.004126191,-0.0054974556,-0.00016224384
3211,3212,4.6666665,11.083333,1.65,123.51123,0.92704606,0.93161154,0.9307508,8.453685,8.543022,8.526107,0.9674077,0.96735436,0.0008607507,0.0045654774,0.0037047267,-5.3346157e-05
3216,3217,1.85,5.25,1.3166667,133.34508,1.1308227,1.1422503,1.1453266,13.515206,13.875553,13.97419,0.96114975,0.9611679,-0.003076315,0.011427641,0.014503956,1.8119812e-05
3220,3221,1.9833333,13.316667,4.9166665,128.99028,1.58956,1.614993,1.6157613,38.86512,41.209084,41.28205,0.925213,0.923201,-0.0007683039,0.025432944,0.026201248,-0.0020119548
3226,3227,1.4666667,12.216666,3.4,130.5778,1.7078677,1.7089853,1.7073444,51.034954,51.166454,50.973495,0.91651964,0.9163111,0.0016409159,0.0011175871,-0.0005233288,-0.00020855665
3239,3240,1.8833333,8.25,2.45,123.64763,0.63723236,0.63026905,0.6294686,4.3374286,4.2684383,4.2605786,0.97847813,0.9786033,0.0008004308,-0.0069633126,-0.0077637434,0.00012516975
3245,3246,1.6833333,14.866667,3.1833334,130.96008,1.8947134,1.8968377,1.8961221,78.471756,78.85654,78.72671,0.88974416,0.8895273,0.00071561337,0.0021243095,0.0014086962,-0.0002168417
3258,3259,3.2166667,5.8333335,2.95,124.615204,0.38939518,0.39360023,0.39284799,2.4512928,2.4751425,2.470859,0.98412955,0.98421824,0.0007522404,0.004205048,0.0034528077,8.869171e-05
3259,3260,3.8666666,19.433332,4.35,138.71065,2.894702,2.8931198,2.8950636,784.69696,781.8435,785.3507,0.6415938,0.64168346,-0.0019438267,-0.0015821457,0.00036168098,8.9645386e-05
3282,3283,3.4,12.433333,1.6833333,126.71854,1.3438717,1.3445386,1.3466674,22.073526,22.107447,22.21608,0.9450398,0.94499,-0.0021288395,0.00066685677,0.0027956963,-4.9829483e-05
3292,3293,2.2333333,19.916666,3.9833333,134.72636,2.487943,2.485603,2.4867547,307.56924,305.91663,306.72885,0.7638351,0.7645888,-0.0011515617,-0.00233984,-0.0011882782,0.00075370073
3295,3296,1.1166667,10.883333,2.3333333,126.27567,1.1458001,1.1463186,1.1460711,13.989433,14.006144,13.998164,0.9582184,0.95818293,0.00024747849,0.0005184412,0.00027096272,-3.5464764e-05
3297,3298,3.5,19.433332,1.4666667,132.57831,2.265581,2.260283,2.2615886,184.32358,182.0887,182.63692,0.8168433,0.81725174,-0.0013055801,-0.0052978992,-0.003992319,0.00040847063
3298,3299,3.2,8.35,4.3166666,132.33257,1.609425,1.60817,1.6095803,40.68412,40.56673,40.698673,0.9316063,0.93182516,-0.0014102459,-0.0012549162,0.0001553297,0.00021886826
3302,3303,1.0833334,8.983334,1.85,132.27881,1.6243784,1.6104828,1.6113801,42.10934,40.78334,40.86769,0.9304982,0.9310279,-0.0008972883,-0.013895631,-0.0129983425,0.0005297065
3305,3306,3.9666667,6.3333335,4.233333,133.97441,1.5414363,1.5362239,1.5354439,34.788548,34.37351,34.31183,0.9395195,0.9394401,0.0007799864,-0.005212426,-0.0059924126,-7.945299e-05
3314,3315,1.8166667,14.566667,1.75,137.72563,2.587686,2.590794,2.5908558,386.9778,389.75717,389.8126,0.7611195,0.7607154,-6.175041e-05,0.0031080246,0.003169775,-0.0004040599
3317,3318,4.8333335,6.5666666,1.2,124.81733,0.5906983,0.6017474,0.60449976,3.8967118,3.9971218,4.0225344,0.979881,0.9795674,-0.0027523637,0.011049092,0.0138014555,-0.00031358004
3323,3324,4.2,6.5833335,4.4333334,131.61848,1.3304182,1.3272594,1.3268911,21.40022,21.245132,21.22712,0.95246375,0.95246136,0.0003683567,-0.0031588078,-0.0035271645,-2.3841858e-06
3356,3357,1.3333334,15.333333,2.7,129.45403,1.7569615,1.7583973,1.7584486,57.14279,57.33203,57.338802,0.9055556,0.9056035,-5.1259995e-05,0.0014358759,0.0014871359,4.7922134e-05
3370,3371,3.4833333,12.466666,4.5333333,123.00029,0.9585607,0.9589241,0.95829815,9.089933,9.097543,9.08444,0.96540105,0.96542746,0.000625968,0.00036340952,-0.00026255846,2.6404858e-05
3372,3373,4.0,7.383333,1.0833334,122.6487,0.46549854,0.4711721,0.47149906,2.9207778,2.959185,2.9614136,0.9825726,0.9824255,-0.00032696128,0.0056735575,0.006000519,-0.00014710426
3377,3378,2.45,15.2,2.5333333,135.19577,2.3657486,2.3654222,2.3670368,232.13928,231.96489,232.82887,0.81054574,0.81068385,-0.0016145706,-0.00032639503,0.0012881756,0.00013810396
3384,3385,3.8,16.283333,2.9,130.02843,1.8844516,1.8832998,1.8846977,76.63931,76.436325,76.68275,0.88731545,0.887558,-0.0013978481,-0.0011518002,0.00024604797,0.0002425313
3392,3393,1.5833334,11.266666,3.8333333,139.08981,2.541767,2.54245,2.5429351,348.1504,348.6984,349.08817,0.7893218,0.7895175,-0.0004851818,0.00068306923,0.001168251,0.00019574165
3393,3394,1.3166667,7.4,2.0833333,121.27572,0.23839986,0.22963274,0.23146258,1.7314098,1.6968081,1.7039726,0.9867197,0.9866388,-0.0018298477,-0.008767128,-0.0069372803,-8.094311e-05
3407,3408,2.7666667,14.2,3.8333333,139.45366,2.7599707,2.761634,2.7607515,575.40106,577.6092,576.4365,0.7143648,0.7144403,0.0008826256,0.0016634464,0.00078082085,7.545948e-05
3412,3413,1.9333333,10.216666,3.1,129.64503,1.4692732,1.4743037,1.4792026,29.462746,29.806002,30.144121,0.93940514,0.93899494,-0.0048989058,0.005030513,0.009929419,-0.00041019917
3426,3427,3.2,18.283333,4.8166666,120.0727,0.92517996,0.9318596,0.93100876,8.4174385,8.547903,8.531173,0.96292233,0.9627554,0.0008508563,0.006679654,0.005828798,-0.00016695261
3434,3435,4.5,13.85,2.45,138.97478,2.7098,2.7112522,2.7108257,512.62524,514.3423,513.83734,0.7300601,0.72997344,0.00042653084,0.0014522076,0.0010256767,-8.666515e-05
3449,3450,3.2,7.233333,4.5666666,133.02864,1.5541956,1.5472409,1.5481592,35.82578,35.256634,35.33127,0.9376634,0.93787026,-0.00091838837,-0.006954789,-0.006036401,0.00020688772
3460,3461,1.1666666,5.05,1.2666667,121.51562,-0.30547166,-0.30590987,-0.29984716,0.49491242,0.4944133,0.50136364,0.9925039,0.99259794,-0.0060627162,-0.00043821335,0.005624503,9.405613e-05
3478,3479,2.6666667,6.5333333,4.9,133.05502,1.4231329,1.4277403,1.4284118,26.493107,26.77567,26.817102,0.9464332,0.9464659,-0.0006715059,0.004607439,0.005278945,3.272295e-05
3489,3490,4.766667,5.9333334,2.0,128.3023,0.877468,0.8694319,0.8700161,7.541678,7.403412,7.4133773,0.97230726,0.9723334,-0.0005841851,-0.008036077,-0.007451892,2.6106834e-05
3498,3499,1.25,13.75,4.8,124.277824,1.1414819,1.1317681,1.1326383,13.851024,13.544661,13.571828,0.9563651,0.9567023,-0.0008702278,-0.009713769,-0.008843541,0.00033718348
3499,3500,3.5166667,18.183332,4.5666666,133.16197,2.2779782,2.277956,2.2779558,189.66107,189.65138,189.65128,0.8174122,0.817718,2.3841858e-07,-2.2172928e-05,-2.2411346e-05,0.00030583143
3508,3509,2.4666667,7.866667,4.3,135.96945,1.9279047,1.9236913,1.923306,84.70416,83.886345,83.81196,0.90237063,0.90254605,0.00038528442,-0.0042134523,-0.0045987368,0.00017541647
3528,3529,2.8833334,16.2,1.9,134.11922,2.2966473,2.2985547,2.3005724,197.99185,198.86331,199.78938,0.8203877,0.8200535,-0.0020177364,0.0019073486,0.003925085,-0.00033420324
3533,3534,4.983333,16.35,4.233333,133.6681,2.2737732,2.273744,2.2731872,187.83356,187.82098,187.58028,0.82405776,0.8239999,0.0005569458,-2.9087067e-05,-0.00058603287,-5.787611e-05
3539,3540,1.5833334,10.55,3.6333334,139.24762,2.5104792,2.5067036,2.5073948,323.9509,321.1468,321.65833,0.8004663,0.80096346,-0.00069117546,-0.0037755966,-0.0030844212,0.00049716234
3546,3547,2.1166666,14.116667,4.45,129.74117,1.7415324,1.7406354,1.7388575,55.148342,55.034546,54.80971,0.9094283,0.909333,0.0017778873,-0.0008970499,-0.0026749372,-9.530783e-05
3547,3548,2.7333333,19.65,1.7833333,136.93459,2.7081506,2.7089791,2.7122924,510.6821,511.65726,515.5757,0.7021169,0.7022251,-0.003313303,0.00082850456,0.0041418076,0.00010818243
3571,3572,2.8166666,5.55,1.7333333,139.93526,1.9924288,1.9981312,1.9998149,98.271774,99.57061,99.95738,0.8978365,0.8977567,-0.001683712,0.0057023764,0.0073860884,-7.981062e-05
3577,3578,4.7833333,14.5,4.1666665,133.22809,2.1477764,2.1469111,2.1454933,140.53236,140.25267,139.79553,0.8536378,0.8530076,0.0014178753,-0.000865221,-0.0022830963,-0.0006301999
3578,3579,3.2166667,8.416667,3.05,128.27771,1.183178,1.1812196,1.1806257,15.246774,15.178176,15.1574335,0.9585231,0.95854187,0.0005939007,-0.0019583702,-0.002552271,1.8775463e-05
3582,3583,3.6666667,12.233334,2.1,126.31092,1.2954261,1.2937692,1.2953784,19.74359,19.66841,19.741423,0.9484951,0.94825006,-0.0016092062,-0.0016568899,-4.7683716e-05,-0.0002450347
3590,3591,4.883333,9.4,4.4666667,133.9732,1.9064285,1.9126327,1.9134442,80.61733,81.77728,81.93022,0.9003088,0.9003412,-0.00081145763,0.0062042475,0.007015705,3.2424927e-05
3593,3594,1.6833333,11.85,1.6166667,120.18952,0.59438545,0.59714186,0.5967387,3.9299357,3.954958,3.951288,0.9780861,0.9780728,0.00040316582,0.0027564168,0.002353251,-1.3291836e-05
3613,3614,1.1833333,18.216667,2.1166666,121.73156,1.0743091,1.0758486,1.0749038,11.866131,11.908268,11.882392,0.95590234,0.9559655,0.0009447336,0.0015394688,0.00059473515,6.318092e-05
3618,3619,3.95,17.183332,3.5833333,138.75223,2.8252025,2.8227572,2.8232698,668.6556,664.9014,665.68665,0.67770517,0.6776122,-0.00051259995,-0.002445221,-0.001932621,-9.2983246e-05
3640,3641,1.2666667,19.366667,3.85,138.07957,2.8073025,2.806103,2.808159,641.6563,639.88654,642.9232,0.67373717,0.67413074,-0.0020561218,-0.0011994839,0.00085663795,0.00039356947
3645,3646,4.733333,12.05,2.7666667,122.89296,0.930272,0.9334867,0.9334709,8.516712,8.5799885,8.579676,0.96666765,0.96661794,1.579523e-05,0.003214717,0.0031989217,-4.9710274e-05
3649,3650,1.0333333,7.7,2.8833334,138.6533,2.1384335,2.139893,2.138509,137.5414,138.00443,137.56534,0.87623197,0.875473,0.0013840199,0.0014595985,7.557869e-05,-0.00075894594
3670,3671,2.5666666,16.133333,4.366667,120.601,0.88689476,0.892575,0.8927826,7.7071667,7.8086333,7.812367,0.96597356,0.9658927,-0.00020760298,0.005680263,0.005887866,-8.08835e-05
3683,3684,4.7166667,7.0,3.2,133.27888,1.5786357,1.5779824,1.5775522,37.899693,37.842724,37.805256,0.9357915,0.93601346,0.00043022633,-0.0006532669,-0.0010834932,0.0002219677
3685,3686,4.9166665,5.766667,1.8666667,132.99898,1.3546643,1.3551527,1.3573561,22.628946,22.654408,22.769634,0.95142573,0.9512846,-0.0022033453,0.00048840046,0.0026917458,-0.0001411438
3686,3687,1.0166667,11.1,3.2166667,128.4985,1.3937371,1.3971348,1.3970057,24.759226,24.95369,24.946274,0.94368273,0.9436202,0.00012910366,0.0033977032,0.0032685995,-6.252527e-05
3694,3695,3.3,16.016666,4.4,124.976875,1.3472077,1.3475031,1.3475267,22.243732,22.258867,22.260078,0.9408893,0.9407834,-2.360344e-05,0.00029540062,0.00031900406,-0.000105917454
3698,3699,3.6833334,18.016666,3.05,123.20845,1.2399477,1.2444985,1.2443125,17.375914,17.558949,17.551432,0.9458235,0.94561243,0.00018596649,0.0045508146,0.004364848,-0.00021106005
3701,3702,4.75,7.3,2.65,128.73517,1.1325562,1.1290745,1.1281704,13.569262,13.460911,13.432919,0.96186197,0.9619588,0.00090408325,-0.0034817457,-0.004385829,9.685755e-05
3702,3703,4.9666667,16.0,3.8166666,131.35391,2.0213537,2.0184917,2.0177295,105.03976,104.34983,104.16685,0.8690056,0.869248,0.0007622242,-0.0028619766,-0.0036242008,0.00024235249
3719,3720,2.8333333,10.7,3.9333334,128.44682,1.4031333,1.4006097,1.4002748,25.300743,25.154156,25.13476,0.94337714,0.94367284,0.0003349781,-0.0025235415,-0.0028585196,0.00029569864
3721,3722,4.8333335,6.35,1.35,126.0824,0.7024264,0.7031525,0.70532846,5.0399513,5.048385,5.073743,0.977232,0.9770612,-0.0021759868,0.0007261038,0.0029020905,-0.00017076731
3727,3728,4.516667,11.6,3.2833333,124.82025,1.1030416,1.1048527,1.1058214,12.677734,12.730711,12.759139,0.9594451,0.95921254,-0.0009686947,0.0018110275,0.0027797222,-0.00023257732
3747,3748,3.4166667,11.483334,2.7,137.76012,2.4449742,2.4460683,2.446306,278.59555,279.2983,279.4512,0.80816853,0.8082535,-0.00023770332,0.0010941029,0.0013318062,8.499622e-05
3749,3750,3.3166666,7.3333335,3.9833333,137.29573,2.0258155,2.0216417,2.0214667,106.12446,105.10944,105.06709,0.89213467,0.89187557,0.00017499924,-0.0041737556,-0.004348755,-0.0002591014
3752,3753,2.3333333,7.25,4.633333,137.70984,2.0246701,2.0256424,2.0259235,105.84495,106.08217,106.150856,0.8918095,0.89183015,-0.0002810955,0.00097227097,0.0012533665,2.0623207e-05
3754,3755,4.7833333,10.1,3.45,121.26786,0.6175049,0.6230953,0.62234706,4.1448126,4.1985106,4.1912837,0.9780339,0.9779407,0.0007482171,0.0055903792,0.004842162,-9.3221664e-05
3755,3756,2.7,19.316668,3.6,131.01506,2.09326,2.0899808,2.090924,123.95386,123.02145,123.28891,0.8497179,0.85014796,-0.0009431839,-0.0032792091,-0.0023360252,0.0004300475
3768,3769,3.5833333,14.783334,2.6166666,125.38898,1.331569,1.3385724,1.3384918,21.456999,21.805819,21.801773,0.9431202,0.9425859,8.058548e-05,0.0070034266,0.006922841,-0.00053429604
3774,3775,4.6833334,13.116667,4.733333,127.63714,1.489906,1.4928812,1.4939361,30.896263,31.10865,31.184305,0.9333976,0.9333539,-0.001054883,0.0029752254,0.0040301085,-4.3690205e-05
3788,3789,1.8333334,12.883333,3.3166666,138.13388,2.5481431,2.5468214,2.5473413,353.2996,352.22595,352.64795,0.77967983,0.7798828,-0.0005199909,-0.0013217926,-0.0008018017,0.00020295382
3796,3797,1.65,16.166666,4.5333333,128.74728,1.7274722,1.7265623,1.7255642,53.391506,53.27976,53.157463,0.9072952,0.9074805,0.0009980202,-0.0009099245,-0.0019079447,0.00018525124
3802,3803,1.2333333,18.616667,2.8166666,137.0461,2.6741662,2.6753898,2.6764653,472.24374,473.57608,474.75034,0.71897167,0.71876144,-0.0010755062,0.0012235641,0.0022990704,-0.00021022558
3805,3806,3.5166667,13.133333,4.7,132.25786,1.966813,1.9678284,1.967091,92.643074,92.85994,92.70239,0.8839463,0.88404953,0.00073742867,0.0010154247,0.00027799606,0.000103235245
3811,3812,3.7,9.35,2.8,134.34425,1.9355066,1.9309858,1.9314907,86.19987,85.30723,85.40645,0.8986716,0.89837426,-0.00050485134,-0.004520774,-0.0040159225,-0.00029736757
3813,3814,1.2166667,7.6833334,2.5833333,139.2224,2.2019186,2.2061958,2.2048225,159.19102,160.7666,160.25903,0.86654174,0.8660471,0.001373291,0.0042772293,0.0029039383,-0.00049465895
3817,3818,2.8333333,16.0,3.4333334,120.96068,0.93368137,0.9248182,0.92554474,8.583835,8.41043,8.424511,0.9643417,0.9644412,-0.000726521,-0.008863151,-0.00813663,9.948015e-05
3836,3837,1.8333334,10.333333,1.1333333,137.10016,2.275995,2.2700236,2.2713594,188.79697,186.21883,186.7925,0.84704065,0.8475735,-0.0013358593,-0.0059714317,-0.0046355724,0.0005328655
3838,3839,4.5,18.65,4.05,129.62857,1.933191,1.9352901,1.9361935,85.74148,86.156906,86.33631,0.87534565,0.87549156,-0.000903368,0.0020991564,0.0030025244,0.00014591217
3839,3840,3.8166666,16.316668,4.1666665,128.39214,1.7140242,1.7166467,1.7176266,51.763565,52.077084,52.19472,0.90768117,0.90759605,-0.0009799004,0.0026224852,0.0036023855,-8.511543e-05
3842,3843,4.2,7.65,2.9,137.57289,2.1215236,2.1123357,2.113294,132.28897,129.51965,129.80574,0.87931323,0.8798076,-0.00095820427,-0.009187937,-0.0082297325,0.0004943609
3844,3845,2.9,10.35,1.0833334,123.3324,0.8411913,0.83321214,0.8347638,6.937313,6.81102,6.835398,0.97149783,0.9715774,-0.0015516877,-0.007979155,-0.006427467,7.95722e-05
3847,3848,3.7833333,13.216666,4.55,122.071655,0.9114894,0.9104413,0.90945643,8.156229,8.136568,8.118138,0.96687347,0.96689254,0.0009848475,-0.0010481477,-0.0020329952,1.9073486e-05
3848,3849,2.0333333,14.45,4.733333,139.85051,2.8082051,2.8062687,2.8062513,642.99133,640.13074,640.1051,0.69980943,0.70094764,1.7404556e-05,-0.0019364357,-0.0019538403,0.0011382103
3852,3853,4.4666667,8.733334,3.4666667,131.14351,1.5575829,1.5431559,1.545037,36.10629,34.926567,35.07818,0.93562675,0.93622094,-0.0018811226,-0.014426947,-0.012545824,0.0005941987
3859,3860,3.3666666,6.516667,2.7333333,122.91105,0.3454315,0.3473009,0.34832776,2.2152946,2.224851,2.2301176,0.9850226,0.9851317,-0.0010268688,0.0018693805,0.0028962493,0.0001090765
3869,3870,2.75,12.083333,1.9333333,129.70717,1.6358967,1.628794,1.6279689,43.241096,42.539654,42.45892,0.9235269,0.9238658,0.0008250475,-0.007102728,-0.007927775,0.000338912
3874,3875,2.1333334,10.95,5.0,137.60657,2.377719,2.37478,2.3747752,238.62665,237.01724,237.01465,0.8251892,0.8259946,4.7683716e-06,-0.0029389858,-0.0029437542,0.00080543756
3875,3876,2.9166667,18.516666,3.5,128.20001,1.7724962,1.7736205,1.7755647,59.223793,59.377308,59.643715,0.8973111,0.8973424,-0.0019441843,0.0011242628,0.003068447,3.129244e-05
3885,3886,2.6166666,13.766666,2.45,133.13506,2.0826433,2.0817683,2.0818262,120.96042,120.71696,120.73306,0.8660576,0.8658121,-5.7935715e-05,-0.0008749962,-0.00081706047,-0.00024545193
3888,3889,1.4833333,6.866667,1.15,129.22372,1.013767,1.0164655,1.0154117,10.322075,10.386413,10.361239,0.9667753,0.96656156,0.0010538101,0.0026985407,0.0016447306,-0.00021374226
3891,3892,3.2,14.983334,4.95,135.3787,2.379293,2.3818781,2.3830047,239.49307,240.92293,241.54868,0.8075364,0.8079349,-0.0011265278,0.0025851727,0.0037117004,0.00039845705
3907,3908,4.266667,8.8,2.2333333,129.39027,1.3619106,1.3614249,1.362029,23.00968,22.983963,23.015953,0.9483375,0.9482965,-0.00060403347,-0.00048565865,0.000118374825,-4.1007996e-05
3921,3922,2.5166667,6.1833334,3.25,131.89377,1.2270838,1.2304542,1.2286985,16.868784,17.000206,16.931618,0.95742816,0.95732236,0.0017557144,0.0033704042,0.0016146898,-0.000105798244
3932,3933,4.516667,9.6,3.2,125.8925,1.0644076,1.0638647,1.0640771,11.598654,11.584164,11.589831,0.9628954,0.9628135,-0.00021243095,-0.0005428791,-0.00033044815,-8.189678e-05
3949,3950,2.1333334,18.033333,1.7,135.60976,2.5161903,2.5132256,2.5152373,328.23907,326.00595,327.51962,0.7642853,0.76452035,-0.002011776,-0.002964735,-0.00095295906,0.00023502111
3950,3951,2.0,10.75,1.7166667,123.35916,0.8508661,0.8489353,0.85086215,7.09359,7.0621233,7.093526,0.9707425,0.9708374,-0.0019268394,-0.0019307733,-3.9339066e-06,9.4890594e-05
3956,3957,3.5833333,16.983334,1.3166667,132.06467,2.1195064,2.1210775,2.1223373,131.67592,132.15315,132.53706,0.85030425,0.8503049,-0.0012598038,0.0015711784,0.0028309822,6.556511e-07
3966,3967,4.3333335,9.85,4.3166666,122.441444,0.7185836,0.72032106,0.7194961,5.2309866,5.251956,5.2419887,0.97542423,0.975266,0.0008249879,0.0017374754,0.0009124875,-0.00015825033
3967,3968,3.3666666,7.4333334,2.2333333,123.68214,0.56935215,0.5752605,0.57570297,3.709814,3.7606292,3.7644625,0.9802783,0.9803699,-0.00044244528,0.00590837,0.0063508153,9.161234e-05
3972,3973,3.0333333,14.916667,3.5166667,126.26583,1.4262433,1.4293958,1.4287503,26.68353,26.877928,26.838007,0.93627506,0.9360355,0.0006455183,0.0031524897,0.0025069714,-0.00023955107
3980,3981,3.6333334,6.616667,3.8333333,123.62254,0.4508823,0.451133,0.45205668,2.8241143,2.8257453,2.8317614,0.9830669,0.98301977,-0.0009236634,0.00025072694,0.0011743903,-4.7147274e-05
3982,3983,4.05,10.783334,1.5166667,138.1312,2.4477317,2.4466577,2.448312,280.37012,279.67758,280.74503,0.81123984,0.8109383,-0.0016543865,-0.0010740757,0.0005803108,-0.0003015399
3983,3984,1.15,6.9,4.4666667,132.45422,1.3504272,1.3535546,1.3533094,22.40924,22.571198,22.558456,0.95046365,0.95041305,0.0002452135,0.0031274557,0.0028822422,-5.0604343e-05
3988,3989,1.8333334,9.25,4.6,120.37097,0.4025088,0.39576447,0.39459407,2.5264387,2.4875078,2.4808133,0.98358566,0.983536,0.0011703968,-0.006744325,-0.007914722,-4.965067e-05
4002,4003,4.65,8.083333,1.4,135.47626,1.9471478,1.9441681,1.94352,88.5417,87.93628,87.805145,0.8997343,0.89966935,0.0006481409,-0.0029797554,-0.0036278963,-6.496906e-05
4010,4011,3.15,12.083333,4.366667,135.74553,2.2733052,2.2679424,2.268575,187.63126,185.32858,185.59871,0.8403072,0.8406227,-0.0006325245,-0.005362749,-0.0047302246,0.000315547
4012,4013,1.0333333,10.95,2.5166667,121.17502,0.61756,0.61184925,0.61108047,4.145339,4.091186,4.0839505,0.97802216,0.97795755,0.0007687807,-0.0057107806,-0.0064795613,-6.4611435e-05
4015,4016,3.0833333,10.433333,3.1333334,130.55966,1.6039693,1.6137986,1.616284,40.176243,41.09591,41.331768,0.92923874,0.9282805,-0.0024853945,0.009829283,0.012314677,-0.0009582639
4016,4017,4.8,12.016666,1.5,125.00901,1.1540276,1.1527267,1.1523416,14.256982,14.214338,14.201741,0.9565661,0.95654356,0.000385046,-0.001300931,-0.001685977,-2.2530556e-05
4018,4019,4.866667,19.216667,4.7166667,134.66267,2.4779203,2.474221,2.4749577,300.55246,298.00323,298.5092,0.7684483,0.768602,-0.0007367134,-0.0036993027,-0.0029625893,0.00015372038
4020,4021,3.2166667,9.783334,1.25,132.44633,1.774318,1.7594372,1.7595544,59.472744,57.46947,57.48498,0.9153111,0.91591597,-0.00011718273,-0.014880776,-0.014763594,0.00060486794
4026,4027,3.0166667,5.116667,1.0,128.77377,0.67640215,0.677902,0.67473656,4.7468133,4.7632346,4.728643,0.97757006,0.97760344,0.0031654239,0.0014998317,-0.0016655922,3.33786e-05
4032,4033,1.4333333,6.4,3.4,133.56474,1.3940188,1.3970981,1.3958738,24.775291,24.95158,24.881342,0.94797397,0.948046,0.0012242794,0.0030792952,0.0018550158,7.2062016e-05
4036,4037,4.95,17.633333,1.1333333,134.61693,2.4151406,2.4187596,2.418788,260.10016,262.2766,262.29376,0.7886673,0.7883605,-2.8371811e-05,0.0036189556,0.0036473274,-0.0003068447
4049,4050,1.6166667,12.25,3.0666666,124.27006,1.0480781,1.0525615,1.0534093,11.17064,11.286558,11.308613,0.9617727,0.9616053,-0.00084781647,0.0044834614,0.005331278,-0.00016736984
4073,4074,4.7166667,14.816667,4.95,123.66156,1.1620624,1.1661702,1.164794,14.523203,14.661224,14.614837,0.9535298,0.9533395,0.0013762712,0.004107833,0.0027315617,-0.00019025803
4074,4075,2.8,6.1,3.2666667,134.7572,1.5342624,1.5373158,1.5357013,34.218613,34.460045,34.33217,0.9391488,0.9390765,0.0016145706,0.0030534267,0.0014388561,-7.2300434e-05
4076,4077,2.8833334,16.733334,1.75,138.0509,2.7236767,2.7266705,2.7289815,529.2693,532.9304,535.7738,0.7114458,0.7110306,-0.0023109913,0.002993822,0.0053048134,-0.00041520596
4081,4082,4.616667,13.566667,3.5166667,132.99312,2.0773418,2.074334,2.07383,119.49281,118.668076,118.53044,0.8668888,0.8672446,0.0005040169,-0.0030078888,-0.0035119057,0.00035578012
4084,4085,2.9333334,9.516666,3.6166666,129.85495,1.4581883,1.457522,1.4575967,28.720255,28.67623,28.681156,0.9414532,0.9413148,-7.4625015e-05,-0.0006662607,-0.0005916357,-0.00013840199
4090,4091,4.6666665,7.0,1.9666667,139.08057,2.1998837,2.2014296,2.2012668,158.44688,159.01189,158.95227,0.86892676,0.8688432,0.00016283989,0.0015459061,0.0013830662,-8.356571e-05
4099,4100,4.1833334,10.233334,2.6166666,127.2315,1.2517072,1.2549396,1.2551647,17.852835,17.986206,17.995535,0.9528988,0.9524808,-0.00022518635,0.00323236,0.0034575462,-0.00041800737
4100,4101,3.3,17.0,2.3333333,124.69529,1.3601013,1.3581219,1.3575398,22.914022,22.80982,22.779268,0.9389357,0.9388889,0.00058209896,-0.0019794703,-0.0025615692,-4.6789646e-05
4101,4102,4.3333335,6.383333,1.7,124.90388,0.5675546,0.56905115,0.56943274,3.694491,3.707244,3.7105026,0.9805603,0.98048925,-0.00038158894,0.0014965534,0.0018781424,-7.104874e-05
4103,4104,3.2833333,9.583333,4.4,132.17218,1.7110066,1.7145452,1.7148479,51.40515,51.82571,51.86184,0.92055964,0.9206264,-0.0003026724,0.0035386086,0.003841281,6.67572e-05
4105,4106,4.6833334,6.016667,4.1,121.612305,0.16900742,0.15628004,0.15422624,1.4757317,1.4331117,1.4263505,0.98806095,0.98789585,0.0020537972,-0.01272738,-0.014781177,-0.00016510487
4107,4108,2.0666666,16.316668,2.2,134.08263,2.2905393,2.2907224,2.2912836,195.22673,195.30905,195.56161,0.8217186,0.82146335,-0.00056123734,0.00018310547,0.0007443428,-0.0002552271
4117,4118,4.116667,6.65,1.7833333,130.91408,1.2595202,1.2578983,1.2580868,18.176916,18.109161,18.117022,0.9560139,0.9561353,-0.00018846989,-0.0016218424,-0.0014333725,0.00012135506
4135,4136,3.5666666,13.9,2.9,129.20168,1.685868,1.6894307,1.6919199,48.514107,48.913723,49.194885,0.9148686,0.9149048,-0.0024892092,0.0035626888,0.006051898,3.618002e-05
4137,4138,4.25,19.183332,1.6,125.99479,1.5749193,1.5765973,1.576801,37.57676,37.722225,37.739914,0.91749126,0.9172304,-0.00020360947,0.00167799,0.0018815994,-0.00026082993
4148,4149,1.95,5.4666667,1.8666667,122.592285,-0.0046902243,0.009421349,0.005530785,0.98925847,1.0219305,1.0128165,0.98962206,0.9896583,0.0038905637,0.014111573,0.010221009,3.6239624e-05
4149,4150,3.6,14.566667,3.3833334,129.55844,1.7698889,1.7592952,1.762388,58.8693,57.450687,57.861275,0.9056721,0.9060784,-0.0030927658,-0.010593653,-0.007500887,0.00040632486
4152,4153,2.1166666,5.383333,1.5833334,126.566315,0.43908212,0.4435004,0.44025636,2.7484138,2.7765174,2.755855,0.9827924,0.9828797,0.0032440424,0.0044182837,0.0011742413,8.7320805e-05
4154,4155,4.55,10.983334,1.1166667,124.69613,1.052728,1.0491556,1.0469737,11.290887,11.19839,11.142271,0.9624761,0.96244025,0.0021818876,-0.003572464,-0.0057543516,-3.582239e-05
4155,4156,4.1,19.95,1.2833333,130.01501,2.0137734,2.016363,2.0170302,103.222275,103.83958,103.99926,0.8604967,0.85996485,-0.0006673336,0.0025894642,0.0032567978,-0.00053185225
4156,4157,3.9666667,18.916666,1.7,135.2223,2.5182533,2.517685,2.5201383,329.80203,329.37067,331.23654,0.7591433,0.7592131,-0.0024533272,-0.0005683899,0.0018849373,6.979704e-05
4159,4160,2.5666666,10.5,3.2833333,130.0849,1.559279,1.5549339,1.5603539,36.247578,35.88673,36.337402,0.93252903,0.9328724,-0.0054199696,-0.0043450594,0.0010749102,0.00034338236
4167,4168,4.9333334,13.283334,3.3833334,123.27927,1.0576797,1.0494056,1.0490139,11.420356,11.204838,11.1947365,0.96054024,0.9606689,0.00039172173,-0.008274078,-0.0086658,0.00012868643
4176,4177,4.133333,14.0,2.8666666,132.23352,2.0209239,2.0136933,2.017629,104.935844,103.20324,104.142715,0.874661,0.87502974,-0.0039355755,-0.0072305202,-0.0032949448,0.00036871433
4180,4181,3.9333334,19.283333,2.8666666,123.59993,1.3302541,1.3302395,1.3302128,21.392134,21.391417,21.390102,0.9384004,0.9383813,2.670288e-05,-1.4543533e-05,-4.1246414e-05,-1.9073486e-05
4188,4189,4.116667,15.95,1.1333333,132.27486,2.1032672,2.1059232,2.1069841,126.8432,127.6213,127.93346,0.8556609,0.85570544,-0.0010609627,0.002655983,0.0037169456,4.452467e-05
4194,4195,4.6,18.266666,2.6666667,127.607796,1.7135121,1.7142336,1.7143399,51.70256,51.788536,51.801205,0.9043591,0.90442765,-0.00010621548,0.00072157383,0.0008277893,6.854534e-05
4200,4201,1.8833333,17.833334,3.25,138.15102,2.7658796,2.7673979,2.7690887,583.2834,585.32605,587.6094,0.6936966,0.69366115,-0.0016908646,0.0015182495,0.003209114,-3.5464764e-05
4201,4202,4.35,5.616667,2.0166667,133.15242,1.3240153,1.3278248,1.3279363,21.087023,21.27281,21.278269,0.9529531,0.95280397,-0.000111460686,0.0038095713,0.003921032,-0.00014913082
4204,4205,2.25,12.716666,4.9,132.19038,1.9163563,1.9215804,1.9228888,82.48145,83.479614,83.73148,0.89155453,0.8914535,-0.001308322,0.0052241087,0.0065324306,-0.00010102987
4218,4219,3.9166667,17.716667,4.516667,138.55443,2.8252358,2.8211427,2.8228755,668.707,662.4341,665.0825,0.67504036,0.6758465,-0.0017328262,-0.00409317,-0.002360344,0.0008061528
4219,4220,3.65,6.1666665,1.0833334,130.31685,1.1214542,1.102057,1.1008229,13.226783,12.649023,12.6131315,0.9633689,0.96347535,0.0012340546,-0.019397259,-0.020631313,0.000106453896
4220,4221,1.2666667,16.033333,1.05,127.77626,1.6140156,1.6172405,1.6199076,41.116447,41.4229,41.678074,0.91911966,0.91895026,-0.0026670694,0.003224969,0.0058920383,-0.0001693964
4226,4227,4.1666665,12.416667,3.3,133.60193,2.0718906,2.0731301,2.075037,118.002335,118.33961,118.86035,0.87089837,0.87105644,-0.0019068718,0.0012395382,0.00314641,0.00015807152
4230,4231,3.0833333,11.05,3.1,137.36082,2.367842,2.3692079,2.3688226,233.26091,233.9957,233.7882,0.8254839,0.82568127,0.00038528442,0.0013659,0.0009806156,0.00019735098
4232,4233,1.9833333,13.883333,3.9333334,124.48442,1.1796858,1.1784073,1.1789622,15.124667,15.080208,15.099488,0.9539033,0.95385,-0.00055491924,-0.0012785196,-0.0007236004,-5.3346157e-05
4240,4241,4.6833334,12.1,1.5833334,128.34572,1.5041311,1.5050174,1.5060036,31.925013,31.990232,32.06296,0.9336756,0.93375546,-0.0009862185,0.00088632107,0.0018725395,7.9870224e-05
4248,4249,4.0,11.466666,1.2166667,124.23131,1.0255874,1.028246,1.0274858,10.606875,10.672006,10.653342,0.96316475,0.9630396,0.00076019764,0.0026586056,0.0018984079,-0.00012516975
4250,4251,3.7166667,12.9,3.5333333,131.08475,1.8388855,1.8361117,1.8387026,69.00579,68.566444,68.97672,0.90084654,0.90096396,-0.0025908947,-0.002773881,-0.00018298626,0.00011742115
4266,4267,3.35,12.083333,1.2333333,120.19052,0.63484687,0.6389458,0.63839805,4.313669,4.354575,4.3490863,0.9767718,0.97678465,0.0005477667,0.004098952,0.0035511851,1.2874603e-05
4272,4273,4.7833333,13.933333,4.1833334,128.10437,1.587192,1.5854734,1.5857596,38.653786,38.501125,38.526505,0.92428017,0.92440426,-0.0002862215,-0.0017186403,-0.0014324188,0.00012409687
4273,4274,2.75,19.583334,4.95,135.12704,2.520502,2.5209885,2.520312,331.51416,331.88562,331.36914,0.7561798,0.75653905,0.0006763935,0.0004863739,-0.00019001961,0.0003592372
4280,4281,2.6,6.5333333,4.4,127.83377,0.8562509,0.857597,0.85417634,7.1820908,7.204386,7.1478653,0.97248507,0.97244817,0.003420651,0.0013461113,-0.0020745397,-3.6895275e-05
4288,4289,1.8166667,6.7833333,4.383333,129.6728,1.0597053,1.0673027,1.0647829,11.473746,11.676231,11.608681,0.96485436,0.964635,0.002519846,0.0075974464,0.0050776005,-0.0002193451
4291,4292,4.516667,8.45,2.7666667,130.42665,1.4406629,1.4388983,1.4399304,27.584356,27.47251,27.537876,0.9436698,0.9439061,-0.001032114,-0.0017645359,-0.0007324219,0.00023633242
4306,4307,1.85,18.666666,1.6166667,128.34541,1.7823937,1.7860749,1.7873745,60.58899,61.104736,61.287865,0.89613694,0.8959777,-0.0012996197,0.0036811829,0.0049808025,-0.00015926361
4335,4336,3.55,15.266666,2.9,129.55232,1.7893301,1.7892778,1.7911991,61.56447,61.55705,61.82998,0.901258,0.90138054,-0.0019212961,-5.2332878e-05,0.0018689632,0.00012254715
4337,4338,4.133333,18.933332,2.8833334,122.81957,1.239845,1.2390172,1.2389205,17.371807,17.338728,17.334864,0.94511104,0.9451093,9.679794e-05,-0.0008277893,-0.00092458725,-1.7285347e-06
4343,4344,4.866667,14.85,3.7166667,122.64305,1.0613947,1.06349,1.0625695,11.518467,11.574175,11.549667,0.95876473,0.9588292,0.00092053413,0.0020953417,0.0011748075,6.4492226e-05
4353,4354,1.5,8.716666,2.4,133.84897,1.7734513,1.7640649,1.7651323,59.354183,58.08512,58.228058,0.9174483,0.9181192,-0.0010674,-0.00938642,-0.00831902,0.0006709099
4379,4380,3.4333334,6.5,3.1,127.91802,0.88775045,0.88975567,0.8887134,7.7223673,7.7581053,7.739509,0.9715489,0.9715758,0.0010422468,0.0020052195,0.00096297264,2.6881695e-05
4380,4381,4.85,6.266667,1.5666667,139.20064,2.1129296,2.11363,2.1128364,129.6969,129.90625,129.66905,0.88329434,0.883175,0.00079369545,0.0007004738,-9.3221664e-05,-0.0001193285
4386,4387,4.483333,11.183333,1.4166666,126.34551,1.2320048,1.23459,1.2344849,17.06101,17.162874,17.15872,0.95298266,0.9529085,0.00010514259,0.0025852919,0.0024801493,-7.414818e-05
4393,4394,3.5,12.833333,2.6333334,127.17798,1.4238137,1.4172477,1.4170793,26.53467,26.136513,26.126385,0.9393138,0.9393969,0.00016832352,-0.0065660477,-0.006734371,8.3088875e-05
4401,4402,1.55,7.5,3.75,126.28494,0.8046412,0.8004594,0.79940724,6.3773637,6.3162513,6.3009677,0.97396183,0.9739441,0.0010521412,-0.0041818023,-0.0052339435,-1.770258e-05
4402,4403,2.1833334,17.166666,2.45,137.60928,2.6916418,2.690495,2.6913464,491.63388,490.3374,491.2996,0.72013235,0.7202145,-0.00085139275,-0.0011467934,-0.00029540062,8.21352e-05
4407,4408,3.3666666,15.8,3.25,139.66982,2.8586702,2.86195,2.859363,722.2212,727.69586,723.3743,0.67377716,0.6735083,0.0025868416,0.003279686,0.0006928444,-0.00026887655
4409,4410,2.3166666,9.633333,4.1,135.50226,2.0522728,2.0514333,2.0514307,112.79057,112.57276,112.57208,0.8825621,0.8826924,2.6226044e-06,-0.0008394718,-0.0008420944,0.00013029575
4419,4420,4.3,9.4,4.5333333,133.68948,1.8827848,1.8745452,1.875345,76.34574,74.910934,75.04901,0.90398186,0.90479237,-0.0007997751,-0.008239627,-0.0074398518,0.00081050396
4424,4425,1.7166667,5.5666666,4.25,128.63756,0.6956331,0.6934593,0.69357926,4.9617295,4.936956,4.93832,0.9770126,0.97700703,-0.00011998415,-0.002173841,-0.0020538568,-5.543232e-06
4427,4428,2.7,14.083333,2.2,122.296875,0.9773118,0.96884036,0.9699423,9.490995,9.307656,9.331302,0.96382946,0.96390146,-0.0011019111,-0.008471429,-0.0073695183,7.200241e-05
4433,4434,3.9833333,8.166667,4.0833335,125.33764,0.8546489,0.85908794,0.8590763,7.155647,7.2291617,7.228968,0.972098,0.9718388,1.1622906e-05,0.004439056,0.004427433,-0.0002592206
4434,4435,4.366667,11.35,3.25,132.20465,1.8646727,1.8644359,1.8634421,73.227234,73.187325,73.020035,0.900966,0.9010567,0.0009938478,-0.00023674965,-0.0012305975,9.071827e-05
4456,4457,3.6333334,18.916666,3.65,131.30968,2.1097865,2.1132326,2.1138115,128.76164,129.78743,129.96054,0.84675175,0.8466096,-0.0005788803,0.0034461021,0.0040249825,-0.00014215708
4458,4459,1.6666666,18.883333,1.5333333,139.35304,2.9259973,2.9265883,2.9237893,843.3294,844.4779,839.05273,0.63503414,0.63446856,0.0027990341,0.00059103966,-0.0022079945,-0.0005655885
4459,4460,1.45,10.933333,4.1,131.81458,1.7555137,1.7485769,1.7481672,56.952614,56.050163,55.99731,0.9147107,0.91516095,0.00040972233,-0.0069367886,-0.007346511,0.0004502535
4463,4464,1.9666667,16.3,3.8833334,131.63393,2.03723,2.034821,2.0341735,108.9507,108.34804,108.18661,0.8664919,0.8667248,0.00064754486,-0.0024089813,-0.0030565262,0.00023287535
4467,4468,4.5,15.116667,1.7166667,135.95299,2.4541984,2.45642,2.45831,284.57605,286.03552,287.283,0.78965276,0.78953356,-0.0018899441,0.0022215843,0.0041115284,-0.00011920929
4468,4469,2.1833334,19.316668,4.116667,123.45381,1.3030883,1.3056831,1.3054094,20.095013,20.215437,20.2027,0.94053197,0.94041806,0.00027370453,0.0025948286,0.002321124,-0.000113904476
4469,4470,3.4666667,11.766666,3.75,136.99358,2.38299,2.3813972,2.3816724,241.54047,240.65631,240.80882,0.8196911,0.81985486,-0.00027513504,-0.0015926361,-0.0013175011,0.00016373396
4473,4474,3.85,19.516666,4.1833334,125.20101,1.5014338,1.5020496,1.5039846,31.727354,31.772367,31.914246,0.92403406,0.9241191,-0.0019350052,0.000615716,0.0025507212,8.505583e-05
4478,4479,3.3,6.0333333,2.1,123.4765,0.309873,0.3147353,0.3146129,2.041141,2.0641217,2.06354,0.9855474,0.9856383,0.00012239814,0.0048622787,0.0047398806,9.089708e-05
4487,4488,3.2166667,10.866667,4.0,131.86761,1.7800637,1.7854096,1.7823818,60.264805,61.0112,60.587326,0.91148293,0.9110653,0.0030277967,0.0053458214,0.0023180246,-0.00041764975
4492,4493,3.3166666,16.466667,1.3166667,124.30884,1.2951357,1.2952809,1.2938771,19.730392,19.73699,19.673296,0.943973,0.9439273,0.0014038086,0.00014519691,-0.0012586117,-4.5716763e-05
4495,4496,2.4833333,13.6,2.2,136.64189,2.4391897,2.4395032,2.4410055,274.90945,275.10797,276.06125,0.80101466,0.80084425,-0.0015022755,0.00031352043,0.0018157959,-0.00017040968
4504,4505,4.9333334,6.6666665,2.75,123.10163,0.43525288,0.43388128,0.43347535,2.724287,2.7156968,2.7131596,0.98337877,0.9832897,0.00040593743,-0.0013715923,-0.0017775297,-8.904934e-05
4509,4510,3.15,19.966667,3.6833334,125.618385,1.5595615,1.5573643,1.5592667,36.271164,36.088127,36.24655,0.9183885,0.918493,-0.0019023418,-0.0021971464,-0.00029480457,0.00010448694
4512,4513,3.2166667,17.133333,4.5833335,136.40556,2.5789301,2.573164,2.5736184,379.254,374.25186,374.64368,0.7518323,0.7528356,-0.0004544258,-0.0057661533,-0.0053117275,0.0010032654
4523,4524,2.6833334,18.5,3.25,127.81217,1.7262175,1.7313987,1.7334144,53.23748,53.87642,54.127056,0.9026568,0.9024079,-0.0020157099,0.0051811934,0.007196903,-0.000248909
4527,4528,1.2833333,16.266666,3.0333333,139.37398,2.8263524,2.8290431,2.8307755,670.42834,674.5951,677.2913,0.6837949,0.6839159,-0.0017323494,0.002690792,0.0044231415,0.00012099743
4539,4540,2.7,7.633333,4.1,136.46529,1.9500743,1.9533305,1.9525219,89.14034,89.8112,89.64414,0.89964676,0.89949715,0.0008085966,0.0032562017,0.0024476051,-0.00014960766
4549,4550,2.2166667,17.05,2.9833333,121.72175,1.0389097,1.0414772,1.0417216,10.937288,11.002141,11.008334,0.9584539,0.95826304,-0.00024437904,0.0025675297,0.0028119087,-0.00019085407
4551,4552,1.1666666,15.983334,3.6666667,127.36129,1.5685186,1.5675496,1.5674824,37.027008,36.94448,36.938763,0.92358613,0.9237969,6.723404e-05,-0.0009690523,-0.0010362864,0.00021076202
4564,4565,3.7166667,12.216666,1.2166667,124.46188,1.0968276,1.0992243,1.099141,12.497629,12.566789,12.564378,0.95928144,0.9591342,8.332729e-05,0.0023967028,0.0023133755,-0.00014722347
4586,4587,4.35,15.766666,1.25,139.68178,2.87013,2.8681545,2.8668375,741.5323,738.1668,735.9317,0.67009085,0.67078656,0.0013170242,-0.0019755363,-0.0032925606,0.0006957054
4589,4590,2.9833333,7.0666666,3.8833334,120.68172,0.18080567,0.18524301,0.1867122,1.5163717,1.5319445,1.5371357,0.9876246,0.9875852,-0.0014691949,0.0044373423,0.005906537,-3.939867e-05
4592,4593,1.9,11.35,4.9333334,129.00117,1.5009854,1.4883587,1.4899795,31.694609,30.786388,30.901497,0.9361333,0.9366513,-0.0016207695,-0.012626648,-0.011005878,0.00051796436
4601,4602,3.35,9.916667,3.1,138.75746,2.4345884,2.4382334,2.4395201,272.0122,274.30478,275.11868,0.8171914,0.81685865,-0.0012867451,0.0036449432,0.0049316883,-0.00033277273
4603,4604,4.6,12.083333,3.0666666,139.29485,2.6557465,2.65254,2.6532395,452.63327,449.30368,450.02795,0.7554206,0.7560072,-0.0006995201,-0.0032064915,-0.0025069714,0.0005865693
4605,4606,3.6166666,18.816668,4.2166667,124.963356,1.4501288,1.453495,1.4551138,28.192188,28.411556,28.517653,0.929332,0.92926973,-0.001618743,0.003366232,0.004984975,-6.2286854e-05
4615,4616,5.0,17.216667,4.016667,131.19893,2.047805,2.0511353,2.050699,111.63621,112.49554,112.38258,0.86120987,0.86112857,0.000436306,0.0033302307,0.0028939247,-8.1300735e-05
4616,4617,1.85,19.816668,3.9166667,137.57477,2.7731512,2.7723005,2.7745829,593.1317,591.97107,595.0903,0.68169075,0.6823411,-0.002282381,-0.0008506775,0.0014317036,0.0006503463
4636,4637,1.6166667,15.416667,3.6666667,133.90565,2.231353,2.2284265,2.229425,170.35428,169.21017,169.59966,0.8366547,0.83699673,-0.000998497,-0.002926588,-0.001928091,0.00034201145
4641,4642,1.7166667,7.366667,1.7,137.90515,2.0380263,2.0426219,2.0412095,109.15065,110.31177,109.953606,0.8897665,0.8893829,0.0014123917,0.004595518,0.0031831264,-0.0003836155
4648,4649,3.4,16.5,3.1333334,128.62872,1.7441548,1.743221,1.7439003,55.482346,55.363182,55.44984,0.9041342,0.9041122,-0.00067925453,-0.00093376637,-0.00025451183,-2.1994114e-05
4651,4652,4.2833333,17.566668,1.8333334,123.37162,1.249972,1.2480003,1.2476751,17.781647,17.701101,17.68785,0.94577926,0.9458023,0.00032520294,-0.0019717216,-0.0022969246,2.3007393e-05
4657,4658,1.5333333,13.116667,2.5833333,121.843124,0.8416031,0.8500959,0.8491785,6.9438944,7.081022,7.066079,0.96958274,0.9694076,0.0009174347,0.008492827,0.0075753927,-0.00017511845
4669,4670,3.2,6.4166665,4.0,134.41222,1.5714213,1.5713549,1.5706594,37.275307,37.26961,37.209976,0.9365784,0.93661505,0.000695467,-6.6399574e-05,-0.00076186657,3.6656857e-05
4673,4674,4.633333,5.016667,4.733333,124.320175,0.23073553,0.2301532,0.22461511,1.7011223,1.6988429,1.6773169,0.98682916,0.9867524,0.005538091,-0.0005823225,-0.0061204135,-7.677078e-05
4677,4678,2.2166667,5.25,2.3333333,137.67038,1.6422052,1.6425785,1.647081,43.8738,43.911522,44.36914,0.93077314,0.9309719,-0.004502535,0.0003732443,0.004875779,0.00019878149
4681,4682,1.4166666,6.0666666,4.4666667,123.78444,0.25793326,0.2539376,0.2556452,1.8110617,1.7944758,1.8015453,0.9863379,0.9862033,-0.0017075837,-0.003995657,-0.0022880733,-0.00013458729
4683,4684,4.366667,15.75,3.3833334,129.88576,1.8567814,1.849647,1.8504857,71.90869,70.73707,70.873795,0.8925286,0.89294934,-0.00083863735,-0.0071343184,-0.006295681,0.0004207492
4686,4687,2.6333334,17.45,1.8833333,138.00516,2.7447944,2.7460575,2.748193,555.6411,557.2595,560.0065,0.7017378,0.70164454,-0.0021355152,0.0012631416,0.0033986568,-9.328127e-05
4687,4688,2.4166667,17.266666,1.4833333,122.454544,1.1308268,1.1268711,1.1268275,13.515336,13.392792,13.391446,0.953576,0.9537527,4.36306e-05,-0.003955722,-0.0039993525,0.00017666817
4688,4689,3.2166667,10.75,3.9333334,138.40427,2.4649022,2.4597259,2.460125,291.67697,288.22116,288.48615,0.8079445,0.80829287,-0.0003991127,-0.005176306,-0.004777193,0.00034838915
4697,4698,4.9666667,9.366667,1.75,137.90434,2.32458,2.3256369,2.3262317,211.14459,211.65906,211.94917,0.840115,0.8400367,-0.00059485435,0.0010569096,0.0016517639,-7.83205e-05
4699,4700,3.7166667,15.016666,1.95,131.55534,1.9923052,1.9864669,1.9891406,98.243805,96.93194,97.53054,0.875818,0.87648296,-0.0026737452,-0.005838275,-0.0031645298,0.0006649494
4707,4708,3.5333333,16.716667,4.65,128.70078,1.7606798,1.7629603,1.7639856,57.634144,57.937576,58.07452,0.90178484,0.9017823,-0.0010253191,0.0022804737,0.0033057928,-2.5629997e-06
4711,4712,3.6666667,15.483334,3.4666667,125.80155,1.4083598,1.4138743,1.4144613,25.607063,25.934284,25.96936,0.93680376,0.93635994,-0.00058698654,0.0055145025,0.006101489,-0.00044381618
4716,4717,2.9333334,12.866667,4.616667,131.57384,1.8470451,1.8752549,1.8746396,70.31453,75.03344,74.927216,0.89942974,0.8964351,0.00061523914,0.028209805,0.027594566,-0.0029946566
4718,4719,3.8833334,17.3,4.116667,138.68141,2.8243268,2.818748,2.8202393,667.30865,658.7915,661.05756,0.6778574,0.6785453,-0.0014913082,-0.0055787563,-0.004087448,0.0006878972
4721,4722,1.3833333,7.0,3.9,134.00066,1.5595019,1.5499864,1.548115,36.266186,35.480225,35.32767,0.9374553,0.93773913,0.0018713474,-0.009515524,-0.011386871,0.00028383732
4723,4724,2.95,17.766666,4.2166667,121.38495,1.0428059,1.0425228,1.0421857,11.035853,11.028661,11.020103,0.9577671,0.9576862,0.00033712387,-0.00028312206,-0.00062024593,-8.094311e-05
4725,4726,1.9833333,10.066667,1.75,127.23442,1.2120018,1.2011585,1.2046655,16.293028,15.891267,16.020111,0.955906,0.9561522,-0.003507018,-0.010843277,-0.007336259,0.0002462268
4733,4734,2.6833334,11.05,1.3333334,123.92081,0.9458469,0.94661194,0.94953793,8.827687,8.843251,8.903032,0.96693283,0.96697116,-0.002925992,0.0007650256,0.0036910176,3.8325787e-05
4746,4747,2.3833334,5.6,1.4166666,138.8518,1.8638709,1.866603,1.8707236,73.09217,73.553444,74.25464,0.91154724,0.91152513,-0.0041205883,0.0027321577,0.006852746,-2.2113323e-05
4747,4748,3.3333333,18.383333,4.7,134.05226,2.376265,2.3753705,2.3755736,237.82913,237.33977,237.4508,0.7957065,0.796305,-0.00020313263,-0.0008945465,-0.0006914139,0.00059849024
4748,4749,4.5833335,16.866667,4.866667,134.82037,2.4036188,2.4093432,2.410017,253.29045,256.65115,257.04965,0.79396176,0.7936541,-0.0006737709,0.00572443,0.006398201,-0.00030767918
4750,4751,3.0333333,12.533334,4.75,122.897354,0.94473815,0.94624317,0.9458378,8.805179,8.835745,8.827501,0.9659299,0.9659772,0.0004053712,0.0015050173,0.0010996461,4.7266483e-05
4767,4768,2.1666667,15.75,4.1833334,139.70929,2.8527548,2.851765,2.8527992,712.45074,710.8287,712.5235,0.677897,0.67855567,-0.0010342598,-0.0009899139,4.4345856e-05,0.00065869093
4769,4770,3.3833334,18.65,1.9833333,127.46422,1.6904212,1.7053202,1.7054307,49.02541,50.73647,50.749382,0.9067088,0.9049224,-0.00011050701,0.014899015,0.015009522,-0.0017863512
4775,4776,4.9333334,12.45,1.65,126.7148,1.3647346,1.3578441,1.3583033,23.159792,22.795237,22.819351,0.9437308,0.9439557,-0.00045919418,-0.0068905354,-0.006431341,0.00022494793
4777,4778,1.3,19.783333,1.1666666,135.42387,2.547153,2.5474167,2.5474067,352.49503,352.7091,352.701,0.74964565,0.74938804,1.001358e-05,0.00026369095,0.00025367737,-0.00025761127
4791,4792,1.5166667,7.25,1.7666667,126.00189,0.72562534,0.7282718,0.726049,5.3164945,5.34899,5.3216834,0.97624797,0.9760912,0.0022227764,0.0026464462,0.00042366982,-0.00015676022
4800,4801,3.65,17.7,4.8333335,130.4413,1.9815181,1.9808296,1.9817051,95.83368,95.68186,95.87494,0.87082136,0.8710825,-0.000875473,-0.00068855286,0.00018692017,0.00026112795
4802,4803,3.7833333,16.533333,3.1666667,126.68908,1.5453401,1.5496527,1.5505021,35.102665,35.452976,35.52238,0.92409086,0.9237373,-0.0008493662,0.0043126345,0.0051620007,-0.00035357475
4813,4814,3.9166667,14.95,2.0166667,137.51645,2.6127462,2.6069994,2.6081543,409.96448,404.57532,405.65262,0.752631,0.7532032,-0.0011548996,-0.0057468414,-0.004591942,0.0005722046
4820,4821,3.3166666,8.266666,4.5333333,139.004,2.322745,2.3113604,2.3117073,210.2544,204.81435,204.978,0.8464822,0.84699243,-0.00034689903,-0.011384726,-0.011037827,0.00051021576
4829,4830,2.3,9.416667,4.4333334,124.10954,0.818433,0.81820273,0.81616247,6.5831385,6.579649,6.548811,0.97258574,0.972668,0.002040267,-0.00023025274,-0.0022705197,8.225441e-05
4835,4836,2.0833333,6.616667,1.15,125.340866,0.57554203,0.57828104,0.57639104,3.7630677,3.7868757,3.7704315,0.98019767,0.98011404,0.0018900037,0.0027390122,0.00084900856,-8.362532e-05
4845,4846,4.6666665,12.1,1.8666667,120.23596,0.65066886,0.6598431,0.6605115,4.4737206,4.5692306,4.576268,0.9761712,0.9760982,-0.0006684065,0.009174228,0.009842634,-7.301569e-05
4849,4850,4.016667,18.683332,3.6166666,124.649796,1.4170618,1.4183705,1.4196115,26.125332,26.204174,26.279158,0.93225145,0.9322909,-0.0012409687,0.0013086796,0.0025496483,3.9458275e-05
4859,4860,2.1166666,14.1,3.2666667,131.4839,1.9253317,1.9197289,1.9210174,84.203804,83.12447,83.37146,0.8880508,0.8879113,-0.0012885332,-0.0056028366,-0.0043143034,-0.00013947487
4874,4875,1.35,12.35,2.0666666,133.95702,2.0694802,2.069556,2.0686316,117.34921,117.369705,117.120155,0.8727994,0.87303245,0.00092434883,7.581711e-05,-0.0008485317,0.00023305416
4879,4880,1.4333333,9.566667,2.7833333,137.12984,2.2040167,2.1966684,2.1977746,159.96194,157.27814,157.67928,0.86164933,0.8625861,-0.0011062622,-0.007348299,-0.006242037,0.0009367466
4883,4884,4.4666667,16.133333,3.05,130.32603,1.9159137,1.9126441,1.9129683,82.39743,81.77944,81.8405,0.88359606,0.8840021,-0.00032413006,-0.0032695532,-0.0029454231,0.00040602684
4888,4889,1.8166667,7.75,2.4333334,139.95157,2.3141289,2.315486,2.3149853,206.12415,206.76926,206.531,0.84868574,0.8489216,0.000500679,0.0013570786,0.00085639954,0.00023585558
4901,4902,4.866667,10.383333,1.4166666,121.250114,0.6390934,0.64477825,0.6441055,4.3560553,4.4134502,4.406619,0.9772934,0.9772001,0.0006727576,0.0056848526,0.005012095,-9.328127e-05
4902,4903,4.1833334,18.866667,1.6333333,134.56842,2.450167,2.4503622,2.4526317,281.94666,282.07346,283.55136,0.77622366,0.77639186,-0.0022695065,0.00019526482,0.0024647713,0.00016820431
4904,4905,3.3833334,16.316668,4.9333334,138.89975,2.7987378,2.8023162,2.803201,629.12616,634.33136,635.62494,0.6902254,0.69039303,-0.00088477135,0.0035784245,0.004463196,0.00016760826
4910,4911,4.366667,13.75,2.25,135.29358,2.3222196,2.3245752,2.3260837,210.00015,211.14227,211.87692,0.8236077,0.82346684,-0.0015084743,0.0023555756,0.00386405,-0.00014084578
4914,4915,2.4666667,16.733334,2.6666667,139.69934,2.8956318,2.8956347,2.8957121,786.3788,786.384,786.5243,0.6576852,0.6581864,-7.748604e-05,2.861023e-06,8.034706e-05,0.00050115585
4917,4918,4.95,7.8333335,3.65,127.02116,1.0108628,1.0141672,1.013725,10.25328,10.331591,10.321077,0.96644485,0.966342,0.00044214725,0.0033043623,0.002862215,-0.00010287762
4924,4925,3.1333334,8.033334,4.4166665,124.60972,0.7432802,0.7453045,0.74382466,5.537072,5.562942,5.5440183,0.97561914,0.9755136,0.0014798641,0.0020243526,0.00054448843,-0.000105559826
4941,4942,1.7833333,15.55,1.3,120.36417,0.82999647,0.8327739,0.8332413,6.760775,6.8041506,6.8114767,0.9687357,0.9687891,-0.00046736002,0.0027774572,0.0032448173,5.340576e-05
4945,4946,3.1666667,17.816668,4.5833335,121.09321,1.0173448,1.0165439,1.0156889,10.407462,10.388286,10.367854,0.9590143,0.9589976,0.000854969,-0.0008009672,-0.0016559362,-1.66893e-05
4947,4948,1.2166667,8.233334,1.05,132.72528,1.5816935,1.5799367,1.5800048,38.167484,38.0134,38.01936,0.93426627,0.93413365,-6.8068504e-05,-0.0017567873,-0.0016887188,-0.00013262033
4952,4953,4.266667,10.066667,3.5833333,123.46276,0.8423074,0.8443182,0.8442088,6.9551644,6.987442,6.9856815,0.97126675,0.9712152,0.00010943413,0.0020108223,0.0019013882,-5.1558018e-05
4961,4962,3.4666667,16.616667,1.8,133.28699,2.2317293,2.2336535,2.2358963,170.50192,171.25906,172.14577,0.8313743,0.8312909,-0.0022428036,0.0019242764,0.00416708,-8.33869e-05
4962,4963,3.0333333,6.016667,4.25,136.53021,1.7405913,1.723645,1.725418,55.028957,52.92306,53.13956,0.92434084,0.92451644,-0.0017729998,-0.016946316,-0.015173316,0.00017559528
4968,4969,1.1833333,5.5333333,1.6333333,135.28362,1.378465,1.3741348,1.3783027,23.903696,23.666542,23.894762,0.9486759,0.9487212,-0.0041679144,-0.0043302774,-0.00016236305,4.529953e-05
4972,4973,4.3166666,11.25,2.2,128.0025,1.4149623,1.4121213,1.4122468,25.999338,25.829815,25.837282,0.94180053,0.94153005,-0.00012552738,-0.0028409958,-0.0027154684,-0.00027048588
4981,4982,4.05,8.216666,3.65,135.27437,1.9286029,1.9247978,1.9248724,84.84045,84.10035,84.1148,0.9028952,0.90177727,-7.4625015e-05,-0.0038051605,-0.0037305355,-0.0011179447
4985,4986,4.1666665,11.366667,1.4666667,136.70625,2.335711,2.33812,2.3385901,216.62622,217.83115,218.06711,0.8304042,0.83013415,-0.00047016144,0.0024089813,0.0028791428,-0.00027006865
4995,4996,2.55,13.583333,2.5833333,122.41053,0.9544788,0.95217186,0.9526355,9.004898,8.957191,8.96676,0.96499324,0.9649656,-0.00046366453,-0.0023069382,-0.0018432736,-2.7656555e-05
5000,5001,3.0833333,11.416667,3.0333333,125.51843,1.1448206,1.1418374,1.1355228,13.957916,13.862366,13.66227,0.9575966,0.95807505,0.006314516,-0.0029832125,-0.009297729,0.00047844648
5007,5008,4.866667,7.05,2.6833334,136.8005,1.9571891,1.968206,1.9690111,90.6127,92.94072,93.11316,0.89975834,0.89934546,-0.00080502033,0.011016965,0.011821985,-0.00041288137
5016,5017,3.0,7.8333335,1.9833333,128.08395,1.085003,1.0873228,1.0867542,12.161945,12.227082,12.211084,0.96336275,0.9634425,0.0005686283,0.0023198128,0.0017511845,7.9751015e-05
5017,5018,3.2166667,6.0666666,3.8833334,130.64787,1.1025943,1.101618,1.1002445,12.664681,12.636246,12.596344,0.9635089,0.9634707,0.0013735294,-0.0009762049,-0.0023497343,-3.8206577e-05
5029,5030,4.85,5.5833335,2.0333333,134.42696,1.4698462,1.474438,1.4765188,29.501646,29.815216,29.95841,0.9443154,0.944134,-0.0020807981,0.0045917034,0.0066725016,-0.00018137693
5038,5039,3.8333333,8.166667,1.1833333,121.14219,0.4028929,0.4014554,0.39709097,2.5286741,2.5203183,2.4951172,0.9836851,0.9836737,0.004364431,-0.0014374852,-0.005801916,-1.1384487e-05
5045,5046,3.5833333,6.633333,2.6,136.1391,1.8202882,1.8081474,1.8074067,66.1132,64.290596,64.18103,0.9165369,0.9167005,0.0007407665,-0.012140751,-0.012881517,0.00016355515
5046,5047,1.0166667,6.8166666,2.05,125.21446,0.55142444,0.53622687,0.5344342,3.5597906,3.4373746,3.4232152,0.9808831,0.9807684,0.0017926693,-0.015197575,-0.016990244,-0.00011473894
5052,5053,2.0666666,17.783333,4.7,123.371796,1.2394576,1.239979,1.2399302,17.356318,17.377169,17.375214,0.94642854,0.946475,4.887581e-05,0.00052142143,0.00047254562,4.6491623e-05
5053,5054,2.8833334,7.1833334,3.8833334,123.33985,0.51073116,0.48486495,0.48534,3.241389,3.0539713,3.0573137,0.98206186,0.98231333,-0.00047504902,-0.02586621,-0.025391161,0.000251472
5058,5059,2.5666666,10.2,1.2666667,130.80658,1.6073928,1.6098768,1.6085571,40.494194,40.726467,40.6029,0.9288999,0.92880386,0.0013196468,0.002483964,0.0011643171,-9.602308e-05
5063,5064,3.5333333,7.5666666,4.983333,121.7716,0.38573858,0.3905034,0.39023805,2.4307404,2.4575558,2.4560547,0.9841432,0.98389107,0.00026535988,0.004764825,0.004499465,-0.00025212765
5065,5066,2.7166667,13.333333,3.95,122.3607,0.9374707,0.9338157,0.93462753,8.659059,8.586491,8.602556,0.9658914,0.96600324,-0.00081181526,-0.0036549568,-0.0028431416,0.00011181831
5067,5068,2.7666667,15.783334,4.733333,123.593254,1.1862956,1.1870346,1.186754,15.35662,15.382772,15.372836,0.951473,0.95148253,0.00028061867,0.0007389784,0.00045835972,9.536743e-06
5070,5071,3.1666667,5.9,2.6,120.32936,-0.066333905,-0.06252241,-0.06394261,0.8583533,0.86591965,0.8630926,0.9907259,0.9907665,0.0014201999,0.0038114935,0.0023912936,4.0650368e-05
5079,5080,4.016667,9.45,4.7166667,128.22374,1.2925704,1.2946417,1.2949541,19.61419,19.707962,19.722141,0.9516141,0.95152164,-0.00031232834,0.0020713806,0.002383709,-9.2446804e-05
5080,5081,1.95,9.366667,2.3833334,123.2393,0.7146702,0.71041614,0.7107672,5.1840615,5.13353,5.1376815,0.9758486,0.97600186,-0.00035107136,-0.004254043,-0.0039029717,0.00015324354
5083,5084,2.6166666,10.133333,1.6166667,135.22229,2.0695012,2.0711749,2.0713885,117.35488,117.80802,117.86598,0.87857467,0.87856764,-0.00021362305,0.0016736984,0.0018873215,-7.033348e-06
5093,5094,3.0833333,8.666667,3.7833333,128.1111,1.1917789,1.1891047,1.1896853,15.551737,15.456269,15.476949,0.95801497,0.9580908,-0.00058066845,-0.002674222,-0.0020935535,7.581711e-05
5103,5104,4.1666665,6.0833335,1.5333333,122.87197,0.28331614,0.28804588,0.2880043,1.9200659,1.941091,1.9409051,0.98608416,0.9859679,4.157424e-05,0.004729748,0.0046881735,-0.00011628866
5119,5120,3.7833333,8.283334,3.0166667,129.07646,1.2626761,1.2664995,1.2683803,18.309484,18.471386,18.551552,0.9544638,0.95418316,-0.001880765,0.0038233995,0.0057041645,-0.00028061867
5120,5121,1.9333333,17.333334,1.8666667,122.170616,1.1036958,1.0951811,1.0952121,12.696843,12.450337,12.451225,0.9552628,0.9554614,-3.0994415e-05,-0.008514643,-0.008483648,0.00019860268
5138,5139,1.3666667,14.1,3.9166667,128.49542,1.6009246,1.5979737,1.5965915,39.89556,39.625404,39.49949,0.9236207,0.9237672,0.0013822317,-0.0029509068,-0.0043331385,0.00014650822
5150,5151,3.9833333,13.033334,1.8833333,135.12935,2.266827,2.2681522,2.270469,184.85326,185.41814,186.40988,0.8369407,0.8370284,-0.0023167133,0.0013251305,0.0036418438,8.767843e-05
5156,5157,2.2333333,14.266666,3.0666666,139.66583,2.7794256,2.782867,2.7817945,601.7632,606.5505,605.05457,0.708671,0.70876694,0.0010724068,0.0034413338,0.002368927,9.596348e-05
5158,5159,1.15,13.483334,3.2333333,125.86774,1.2908252,1.2856147,1.2852783,19.535532,19.302551,19.287605,0.94800186,0.94802564,0.00033640862,-0.005210519,-0.0055469275,2.3782253e-05
5164,5165,2.9333334,17.15,1.4166666,123.34846,1.217697,1.2195978,1.2188392,16.508097,16.580507,16.551569,0.9482249,0.9482561,0.0007586479,0.0019007921,0.0011421442,3.117323e-05
5165,5166,1.5833334,6.0833335,4.5666666,139.3375,1.9742044,1.971642,1.9758135,94.23331,93.67895,94.58309,0.89922136,0.89985543,-0.0041714907,-0.0025624037,0.001609087,0.0006340742
5169,5170,3.9666667,17.2,4.3166666,138.68326,2.8134456,2.8156655,2.817337,650.797,654.1321,656.65466,0.6802577,0.6802991,-0.0016715527,0.0022199154,0.003891468,4.1425228e-05
5170,5171,1.2166667,17.133333,2.4333334,135.90958,2.5045009,2.5035357,2.5039546,319.52206,318.81277,319.12045,0.7718177,0.7718111,-0.00041890144,-0.0009651184,-0.00054621696,-6.556511e-06
5173,5174,4.8333335,16.15,4.0833335,124.36045,1.3043227,1.298276,1.2977952,20.15221,19.873571,19.851583,0.9437475,0.94399023,0.00048077106,-0.006046772,-0.006527543,0.00024271011
5185,5186,1.3833333,13.083333,4.05,124.42667,1.1133207,1.1140387,1.1139929,12.981376,13.002854,13.001484,0.9580666,0.9581353,4.5776367e-05,0.00071799755,0.0006722212,6.8724155e-05
5190,5191,2.0333333,18.216667,4.4,138.06943,2.7739122,2.7728271,2.7739997,594.172,592.68933,594.2917,0.6895088,0.69025326,-0.0011725426,-0.001085043,8.749962e-05,0.000744462
5193,5194,4.35,15.883333,3.6666667,136.32826,2.5273836,2.5232618,2.5241792,336.80893,333.62747,334.33298,0.76947546,0.76975495,-0.0009174347,-0.0041217804,-0.0032043457,0.00027948618
5195,5196,2.7666667,18.266666,1.2333333,125.578476,1.490271,1.4928304,1.4923087,30.922241,31.105013,31.067673,0.9268176,0.9267261,0.00052165985,0.0025594234,0.0020377636,-9.149313e-05
5198,5199,4.9166665,7.4333334,4.983333,139.29623,2.2833586,2.2779639,2.2739327,192.02536,189.65482,187.90256,0.8547086,0.85579735,0.0040311813,-0.005394697,-0.0094258785,0.0010887384
5206,5207,3.6333334,8.916667,4.016667,128.10542,1.2328043,1.2277789,1.2283233,17.09245,16.895805,16.917,0.9558781,0.95578474,-0.0005444288,-0.005025387,-0.004480958,-9.3340874e-05
5207,5208,3.5333333,15.2,2.1,126.81265,1.4993778,1.5030466,1.5027422,31.577507,31.845394,31.823076,0.9299258,0.92979103,0.00030446053,0.003668785,0.0033643246,-0.0001347661
5213,5214,2.1666667,9.2,2.3833334,124.32281,0.81604725,0.81415206,0.8144161,6.547074,6.5185657,6.5225306,0.9727328,0.97293806,-0.00026404858,-0.0018951893,-0.0016311407,0.0002052784
5237,5238,3.4666667,17.416666,4.483333,122.510216,1.1491842,1.1484329,1.1478046,14.098867,14.074496,14.054152,0.95218295,0.95217097,0.00062823296,-0.00075137615,-0.0013796091,-1.1980534e-05
5243,5244,2.7,16.166666,2.9333334,130.30855,1.8989089,1.8979328,1.9008465,79.2335,79.05562,79.58779,0.8860293,0.8859717,-0.0029137135,-0.00097608566,0.0019376278,-5.7578087e-05
5264,5265,4.4166665,8.9,2.4666667,133.99974,1.8798711,1.8629173,1.8643329,75.83525,72.93186,73.169975,0.90613633,0.907195,-0.0014156103,-0.016953826,-0.015538216,0.0010586381
5266,5267,1.3166667,15.45,3.15,126.041214,1.4087542,1.4093709,1.4096707,25.630331,25.666752,25.684477,0.93742466,0.9372925,-0.00029981136,0.00061666965,0.000916481,-0.0001321435
5268,5269,4.133333,19.183332,4.6833334,127.76087,1.7559136,1.7569044,1.7591803,57.00509,57.13528,57.435486,0.89782465,0.8978868,-0.0022759438,0.0009907484,0.0032666922,6.2167645e-05
5273,5274,1.8166667,15.65,4.15,130.5384,1.9006952,1.8920386,1.8903252,79.560074,77.98994,77.68285,0.8880643,0.88859785,0.0017133951,-0.008656621,-0.010370016,0.0005335212
5286,5287,3.35,9.95,2.7,123.86672,0.8704385,0.8632854,0.8587076,7.4205914,7.299371,7.2228336,0.9705878,0.970861,0.0045778155,-0.007153094,-0.011730909,0.0002732277
5305,5306,4.516667,19.316668,3.6666667,122.07092,1.1832478,1.177482,1.1777298,15.249227,15.048112,15.056702,0.94859046,0.9486798,-0.0002478361,-0.0057657957,-0.0055179596,8.934736e-05
5310,5311,3.5666666,9.683333,4.883333,125.01272,0.9658068,0.9634063,0.96351886,9.242868,9.191921,9.1943035,0.9670586,0.96702987,-0.00011253357,-0.0024004579,-0.0022879243,-2.8729439e-05
5314,5315,3.9166667,19.683332,4.7833333,125.2588,1.5131663,1.5128382,1.5144458,32.59615,32.571537,32.69232,0.9227834,0.9227759,-0.0016075373,-0.00032806396,0.0012794733,-7.4505806e-06
5319,5320,1.1833333,16.833334,3.8666666,120.95536,0.9435895,0.94375396,0.9446204,8.78192,8.785247,8.802791,0.9634559,0.963438,-0.0008664131,0.00016444921,0.0010308623,-1.7940998e-05
5334,5335,1.65,13.483334,4.9166665,133.33414,2.0723462,2.0755434,2.0760362,118.1262,118.99902,119.13413,0.86848545,0.86871344,-0.0004928112,0.0031971931,0.0036900043,0.00022798777
5335,5336,2.3333333,15.75,3.3833334,120.18786,0.83341146,0.82956177,0.83041793,6.8141465,6.754011,6.767339,0.9685617,0.9685912,-0.0008561611,-0.0038496852,-0.002993524,2.95043e-05
5343,5344,1.4666667,13.083333,4.016667,126.98111,1.3816756,1.3848516,1.3844081,24.08106,24.25781,24.233053,0.942764,0.9420241,0.00044345856,0.003175974,0.0027325153,-0.00073987246
5346,5347,1.6166667,9.683333,2.9,127.02654,1.1375425,1.1377288,1.1406631,13.725952,13.731843,13.824937,0.9597008,0.9595947,-0.0029343367,0.00018632412,0.0031206608,-0.00010609627
5353,5354,3.4333334,11.583333,2.9,125.31475,1.145479,1.1408625,1.1370955,13.979093,13.831284,13.711831,0.9578843,0.9576631,0.0037670135,-0.004616499,-0.0083835125,-0.00022119284
5365,5366,2.55,7.5,1.0666667,133.52596,1.6196061,1.6206388,1.6185497,41.64915,41.748306,41.547962,0.9321063,0.9319815,0.0020891428,0.0010327101,-0.0010564327,-0.00012481213
5369,5370,2.15,12.633333,1.2,123.41841,0.9910033,0.9955344,0.9968755,9.794973,9.897703,9.928314,0.96395135,0.9638568,-0.0013411045,0.004531145,0.0058722496,-9.453297e-05
5382,5383,1.7833333,6.7833333,2.2166667,138.84196,2.0577533,2.0575035,2.057071,114.22294,114.15724,114.04362,0.88876826,0.8885843,0.0004324913,-0.00024986267,-0.000682354,-0.00018393993
5390,5391,4.983333,16.4,3.35,130.89107,1.9858582,1.9869611,1.9862146,96.79618,97.04231,96.875656,0.8729257,0.8730098,0.0007464886,0.0011029243,0.00035643578,8.4102154e-05
5411,5412,4.8166666,19.183332,4.266667,126.170975,1.5923274,1.5968713,1.5986106,39.11356,39.52494,39.68356,0.9155213,0.91531557,-0.0017393827,0.0045439005,0.0062832832,-0.00020575523
5414,5415,3.6166666,8.616667,1.2166667,132.73924,1.6953037,1.6895337,1.6891716,49.579674,48.925327,48.884544,0.92439365,0.92454576,0.00036215782,-0.005769968,-0.006132126,0.00015211105
5416,5417,3.6166666,8.083333,1.9166666,121.95659,0.48379847,0.47666216,0.47389442,3.0464811,2.9968305,2.9777925,0.9821705,0.9823277,0.0027677417,-0.007136315,-0.009904057,0.00015717745
5420,5421,2.4666667,19.9,1.3,125.49468,1.5338477,1.5382689,1.5381345,34.18595,34.53575,34.52506,0.92073417,0.9204481,0.00013446808,0.004421234,0.004286766,-0.0002860427
5421,5422,2.9166667,11.366667,1.85,131.78134,1.802046,1.801644,1.8003193,63.393677,63.33503,63.142143,0.90803415,0.9077662,0.0013246536,-0.00040197372,-0.0017266273,-0.00026792288
5424,5425,2.6666667,6.75,2.5166667,122.52215,0.31232283,0.3179598,0.31879026,2.0526874,2.079504,2.0834844,0.9854785,0.98558575,-0.0008304715,0.0056369603,0.006467432,0.000107228756
5425,5426,4.7833333,18.05,4.5666666,120.300095,0.9499277,0.957731,0.95606303,8.911026,9.072584,9.0378065,0.9618245,0.9615914,0.0016679764,0.007803321,0.0061353445,-0.00023305416
5427,5428,4.3166666,6.383333,2.7166667,126.26687,0.71222925,0.71898556,0.71789885,5.155007,5.2358303,5.2227454,0.97688323,0.97679025,0.0010867119,0.0067563057,0.005669594,-9.2983246e-05
5435,5436,3.5333333,8.8,2.9666667,136.62375,2.121031,2.1193216,2.119463,132.139,131.6199,131.66277,0.87525666,0.8755885,-0.00014138222,-0.0017094612,-0.001568079,0.00033181906
5438,5439,3.7166667,10.466666,1.1666666,137.63812,2.36599,2.3695176,2.3702571,232.2683,234.16261,234.56172,0.82841825,0.828129,-0.00073957443,0.0035276413,0.0042672157,-0.00028926134
5443,5444,1.1,10.2,1.3666667,139.7128,2.5173287,2.510824,2.5133045,329.10065,324.20816,326.06522,0.8005294,0.800471,-0.002480507,-0.006504774,-0.004024267,-5.8412552e-05
5453,5454,4.5833335,7.55,4.516667,121.26819,0.3592817,0.35848057,0.35727674,2.2870817,2.2828667,2.2765477,0.98470014,0.98449117,0.001203835,-0.0008011162,-0.0020049512,-0.00020897388
5474,5475,3.75,5.2,3.7166667,138.9662,1.8501322,1.852179,1.8509822,70.81614,71.15068,70.954865,0.9133685,0.9132625,0.0011968613,0.0020468235,0.00084996223,-0.00010603666
5482,5483,2.6666667,12.2,4.25,124.1419,1.0515469,1.0509006,1.0510013,11.2602215,11.243476,11.246084,0.96163136,0.9617752,-0.00010073185,-0.00064635277,-0.0005456209,0.00014382601
5495,5496,2.2333333,18.8,2.65,130.50406,2.0154123,2.0152583,2.015731,103.61254,103.575806,103.68862,0.8635493,0.86361015,-0.00047278404,-0.0001540184,0.00031876564,6.0856342e-05
5505,5506,4.6,10.183333,3.0166667,124.99653,1.0197996,1.0192991,1.0186948,10.4664545,10.454401,10.439862,0.9644411,0.9642987,0.0006043911,-0.0005004406,-0.0011048317,-0.0001423955
5509,5510,3.4,6.25,4.266667,133.57729,1.4585646,1.4603336,1.4599087,28.745153,28.862476,28.834255,0.9445767,0.94448584,0.0004248619,0.0017689466,0.0013440847,-9.083748e-05
5510,5511,2.0333333,10.783334,3.1166666,122.36844,0.7473995,0.7513685,0.7520956,5.589842,5.6411614,5.6506133,0.974088,0.974177,-0.00072705746,0.0039690137,0.004696071,8.8989735e-05
5516,5517,4.1,15.75,4.116667,122.93991,1.1281399,1.1291853,1.1279932,13.431974,13.464348,13.42744,0.9546495,0.95465,0.0011920929,0.0010454655,-0.00014662743,4.7683716e-07
5518,5519,1.5333333,13.366667,3.5333333,129.61641,1.6850206,1.6790786,1.6776243,48.419533,47.76157,47.60191,0.9172161,0.91712654,0.0014542341,-0.005941987,-0.007396221,-8.958578e-05
5520,5521,4.516667,5.766667,4.9,120.20838,-0.054224335,-0.045415998,-0.05099736,0.88262385,0.90070796,0.8892065,0.99067503,0.9904032,0.005581364,0.008808337,0.003226973,-0.00027185678
5523,5524,2.9,7.75,3.8,127.87549,1.0452846,1.0516806,1.0517524,11.09902,11.263687,11.265552,0.9650219,0.965008,-7.18832e-05,0.006395936,0.006467819,-1.3887882e-05
5538,5539,1.65,5.983333,2.8,128.88515,0.8119265,0.8145004,0.8148583,6.4852467,6.523796,6.5291753,0.9736044,0.9735951,-0.0003579259,0.0025739074,0.0029318333,-9.298325e-06
5539,5540,4.6666665,16.55,4.733333,126.39682,1.5201997,1.5233939,1.5245607,33.128338,33.372894,33.462677,0.92607063,0.9260503,-0.0011668205,0.003194213,0.0043610334,-2.0325184e-05
5543,5544,2.55,10.566667,1.95,124.2083,0.93093383,0.9356283,0.9374374,8.529701,8.622402,8.658395,0.9677216,0.96781665,-0.0018091202,0.004694462,0.006503582,9.506941e-05
5551,5552,1.1666666,8.75,3.5166667,131.32045,1.4861149,1.4868734,1.4881026,30.627733,30.681274,30.768232,0.940479,0.9406239,-0.001229167,0.0007585287,0.0019876957,0.00014489889
5554,5555,2.3333333,18.85,3.2166667,137.45366,2.7335665,2.733327,2.7349777,541.46014,541.1615,543.2224,0.69837534,0.6986608,-0.0016508102,-0.00023961067,0.0014111996,0.00028544664
5566,5567,2.25,7.383333,1.4,133.71509,1.6117257,1.615321,1.6132184,40.900223,41.240227,41.041046,0.9326985,0.9325282,0.0021026134,0.0035953522,0.0014927387,-0.00017029047
5567,5568,3.2833333,18.616667,3.7,131.62956,2.1336012,2.133744,2.1346414,136.0195,136.06424,136.34569,0.84379166,0.8438729,-0.00089740753,0.00014281273,0.0010402203,8.124113e-05
5601,5602,2.35,14.183333,3.55,127.23356,1.4842459,1.4856079,1.486358,30.496212,30.592,30.644888,0.9329099,0.93277276,-0.00075018406,0.0013619661,0.0021121502,-0.00013715029
5608,5609,4.1833334,8.15,3.5833333,139.46223,2.3668036,2.3659081,2.3674545,232.70389,232.22456,233.05292,0.8379917,0.83808166,-0.0015463829,-0.0008955002,0.0006508827,8.994341e-05
5615,5616,2.9166667,13.183333,3.6166666,120.1776,0.7009202,0.7013421,0.70343125,5.022503,5.0273843,5.0516267,0.9743754,0.9744897,-0.0020891428,0.00042188168,0.0025110245,0.000114262104
5617,5618,3.8166666,10.0,3.8833334,133.10495,1.850785,1.8557725,1.8540374,70.92266,71.74184,71.45579,0.9054009,0.90545386,0.0017350912,0.0049874783,0.003252387,5.298853e-05
5622,5623,3.9166667,9.25,3.1,120.47537,0.44999823,0.45105398,0.45132616,2.8183715,2.825231,2.8270023,0.98241204,0.98249704,-0.0002721846,0.0010557473,0.0013279319,8.499622e-05
5630,5631,2.9,10.1,1.5666667,138.09502,2.3805025,2.3782206,2.379872,240.161,238.90242,239.81265,0.8281646,0.82829934,-0.0016515255,-0.0022819042,-0.0006303787,0.0001347661
5647,5648,4.733333,15.183333,4.9166665,130.36787,1.8792815,1.8797139,1.8809425,75.73236,75.8078,76.02255,0.89033717,0.89040595,-0.0012285709,0.0004323721,0.001660943,6.878376e-05
5655,5656,2.7333333,9.6,1.3166667,133.5105,1.8534005,1.8475882,1.84721,71.35107,70.40252,70.34125,0.90706134,0.90736514,0.00037813187,-0.0058122873,-0.006190419,0.00030380487
5656,5657,3.5833333,6.2166667,4.5666666,128.89018,0.95029575,0.95224017,0.9511628,8.918581,8.958601,8.936404,0.96945965,0.9693597,0.001077354,0.0019444227,0.00086706877,-9.995699e-05
5675,5676,4.4166665,13.266666,4.0,138.70251,2.6619892,2.6525917,2.6533964,459.1866,449.3572,450.19055,0.7481452,0.7494539,-0.0008046627,-0.009397507,-0.008592844,0.0013086796
5680,5681,1.7,15.733334,4.2166667,128.96414,1.7330235,1.731307,1.7296437,54.07836,53.865047,53.659138,0.9074725,0.90768766,0.0016633272,-0.0017164946,-0.0033798218,0.00021517277
5683,5684,1.8833333,16.15,3.25,129.18094,1.769586,1.7729421,1.7730954,58.828255,59.284622,59.305553,0.9030772,0.90192723,-0.00015330315,0.0033560991,0.0035094023,-0.0011499524
5688,5689,4.65,16.066668,4.5,126.653244,1.5282336,1.5307195,1.5316147,33.74688,33.940598,34.010628,0.9261188,0.9261504,-0.00089514256,0.0024858713,0.0033810139,3.159046e-05
5698,5699,3.2,6.2,1.2,128.14134,0.8612776,0.8560525,0.85361505,7.2657022,7.178811,7.138633,0.9726091,0.97263056,0.0024374723,-0.0052250624,-0.0076625347,2.1457672e-05
5700,5701,2.2166667,8.933333,2.25,138.60742,2.3153462,2.3157034,2.3172176,206.70274,206.8728,207.59534,0.84434885,0.84476024,-0.0015141964,0.00035715103,0.0018713474,0.00041139126
5701,5702,2.0833333,9.383333,2.75,122.212105,0.6033357,0.6076849,0.60778856,4.011767,4.0521445,4.0531116,0.9787364,0.97884905,-0.00010365248,0.0043492317,0.004452884,0.00011265278
5705,5706,3.6166666,12.2,1.9333333,132.96507,1.9986148,1.9900179,1.9917389,99.68155,97.72775,98.1158,0.8828929,0.88332015,-0.0017210245,-0.008596897,-0.0068758726,0.0004272461
5706,5707,1.2,10.616667,4.15,122.55955,0.73553836,0.7345072,0.7339629,5.439242,5.4263425,5.4195457,0.9746734,0.9747389,0.0005443096,-0.0010311604,-0.00157547,6.5505505e-05
5708,5709,3.9666667,11.916667,1.0833334,128.60388,1.5176672,1.5170456,1.5174701,32.935722,32.88862,32.92078,0.9332276,0.933112,-0.00042450428,-0.00062155724,-0.00019705296,-0.000115573406
5712,5713,3.7833333,17.95,2.4166667,129.56026,1.8985319,1.8996519,1.8993446,79.16476,79.36918,79.313034,0.8818959,0.8819783,0.00030732155,0.0011199713,0.0008126497,8.237362e-05
5718,5719,4.0833335,12.283334,2.3,124.13914,1.0739948,1.0734186,1.0743628,11.857545,11.841825,11.867597,0.960385,0.96021444,-0.0009441376,-0.0005761385,0.00036799908,-0.0001705885
5722,5723,1.8333334,11.833333,3.5833333,134.77118,2.1328921,2.1298547,2.130764,135.7976,134.85115,135.1338,0.8646927,0.8650297,-0.00090932846,-0.0030374527,-0.0021281242,0.00033700466
5723,5724,2.6666667,18.2,2.4833333,139.0216,2.8756561,2.8801353,2.8818724,751.028,758.81396,761.85516,0.654908,0.6545881,-0.0017371178,0.00447917,0.0062162876,-0.00031989813
5730,5731,3.7333333,10.05,2.5333333,133.97194,1.9548712,1.9519407,1.9530523,90.13038,89.52425,89.753685,0.8938167,0.8940045,-0.0011116266,-0.002930522,-0.0018188953,0.00018781424
5743,5744,1.9666667,17.216667,3.8833334,121.193054,0.9894259,0.99261135,0.99269444,9.759462,9.831308,9.83319,0.96081156,0.9607072,-8.3088875e-05,0.003185451,0.00326854,-0.00010436773
5746,5747,4.15,15.783334,4.6833334,127.651764,1.6161872,1.6198212,1.6210616,41.32256,41.66978,41.788963,0.9184362,0.91842276,-0.0012403727,0.003633976,0.0048743486,-1.347065e-05
5749,5750,4.366667,16.833334,3.8333333,120.59697,0.93379205,0.9355733,0.9347005,8.586022,8.62131,8.604001,0.96347016,0.9634746,0.0008727908,0.0017812252,0.0009084344,4.4107437e-06
5751,5752,4.8333335,11.166667,2.85,124.9971,1.0926408,1.0950555,1.0945656,12.377723,12.446735,12.432705,0.960188,0.960098,0.00048983097,0.0024147034,0.0019248724,-8.994341e-05
5752,5753,3.2166667,8.6,1.6,125.11332,0.8591856,0.8647869,0.8622355,7.2307873,7.324651,7.2817454,0.97157073,0.97158885,0.0025514364,0.0056013465,0.00304991,1.8119812e-05
5754,5755,2.3666666,18.833334,2.3833334,132.89587,2.2636478,2.2645268,2.2642112,183.50496,183.87675,183.74315,0.81877726,0.81866467,0.0003156662,0.0008790493,0.0005633831,-0.000112593174
5756,5757,2.6166666,19.45,3.6833334,127.86934,1.7701635,1.7704496,1.7722948,58.906544,58.945362,59.196327,0.8962538,0.8963862,-0.0018451214,0.0002861023,0.0021312237,0.00013238192
5757,5758,4.15,9.95,1.65,125.091774,0.9985754,1.0035936,1.0035968,9.967251,10.083088,10.083162,0.96533,0.96526206,-3.2186508e-06,0.0050181746,0.0050213933,-6.7949295e-05
5758,5759,3.0333333,10.116667,4.8166666,134.69107,2.0178707,2.0211508,2.022913,104.20071,104.9907,105.417564,0.88538927,0.88537365,-0.0017621517,0.0032801628,0.0050423145,-1.5616417e-05
5763,5764,3.3833334,13.216666,3.6166666,128.93004,1.6215265,1.622165,1.6223454,41.83372,41.895267,41.91268,0.9223554,0.92257935,-0.00018048286,0.00063848495,0.0008189678,0.00022393465
5770,5771,3.7166667,16.0,4.9166665,135.14383,2.4121501,2.40366,2.4046412,258.3153,253.3145,253.8874,0.7975601,0.79887515,-0.0009810925,-0.008490086,-0.007508993,0.0013150573
5781,5782,3.0166667,12.2,4.983333,135.93805,2.2917302,2.295986,2.297586,195.7628,197.69057,198.42024,0.8355924,0.8356361,-0.0016000271,0.0042557716,0.0058557987,4.3690205e-05
5790,5791,2.0833333,8.766666,2.9833333,129.62668,1.3565706,1.3388734,1.3433019,22.72849,21.820936,22.044584,0.9496343,0.9496066,-0.004428506,-0.017697215,-0.013268709,-2.771616e-05
5797,5798,1.5666667,10.95,2.1333334,132.85265,1.8620089,1.8629838,1.8623582,72.77948,72.94303,72.838036,0.9028496,0.9030974,0.00062561035,0.00097489357,0.00034928322,0.0002477765
5809,5810,4.7166667,8.633333,3.05,129.0824,1.3102802,1.3175343,1.3182275,20.430555,20.77468,20.807865,0.95126235,0.9511278,-0.000693202,0.0072541237,0.007947326,-0.00013452768
5813,5814,2.3,18.383333,4.983333,138.6041,2.8391066,2.835394,2.8334396,690.4092,684.5323,681.4588,0.6675448,0.6685298,0.001954317,-0.003712654,-0.005666971,0.0009850264
5814,5815,4.5833335,10.066667,1.3166667,120.75607,0.5712797,0.56323206,0.5621364,3.7263162,3.657902,3.6486855,0.9794517,0.9794758,0.0010956526,-0.00804764,-0.009143293,2.4080276e-05
5819,5820,1.4666667,18.033333,2.9833333,133.82716,2.3297591,2.3234284,2.3247046,213.67766,210.58546,211.20522,0.80903584,0.80975723,-0.0012762547,-0.0063307285,-0.005054474,0.000721395
5828,5829,2.25,16.566668,4.9,120.03342,0.84244365,0.8536392,0.854659,6.957347,7.1390295,7.1558137,0.9675127,0.96733356,-0.0010198355,0.01119554,0.012215376,-0.00017917156
5829,5830,3.7,6.25,1.9833333,126.69286,0.7319885,0.7222607,0.72202504,5.3949633,5.2754645,5.2726026,0.9766116,0.9767412,0.00023567677,-0.009727776,-0.009963453,0.0001295805
5830,5831,3.45,14.416667,1.7333333,138.47873,2.6741204,2.6798158,2.6813705,472.19397,478.4271,480.14288,0.73742145,0.7364147,-0.0015547276,0.005695343,0.0072500706,-0.001006782
5833,5834,3.1333334,18.183332,2.0333333,139.53795,2.9323268,2.9368157,2.9389014,855.7104,864.601,868.76324,0.6348041,0.6343213,-0.0020856857,0.004488945,0.0065746307,-0.00048285723
5835,5836,2.2166667,19.6,4.116667,130.42316,2.0332172,2.0359519,2.0357566,107.94865,108.63052,108.58169,0.8587945,0.8589071,0.00019526482,0.002734661,0.0025393963,0.000112593174
5838,5839,3.8833334,17.05,3.55,136.91371,2.633356,2.626318,2.625736,429.88876,422.97818,422.41174,0.73690397,0.73761696,0.00058197975,-0.0070381165,-0.007620096,0.00071299076
5842,5843,3.95,13.033334,1.8,127.574814,1.4736981,1.4750959,1.4764291,29.76447,29.860416,29.952227,0.9349526,0.9347352,-0.0013332367,0.0013977289,0.0027309656,-0.00021743774
5849,5850,2.3,5.5666666,3.05,139.43747,1.9159307,1.9122024,1.9176648,82.400665,81.69629,82.73033,0.9057898,0.90635294,-0.005462408,-0.0037283897,0.0017340183,0.0005631447
5861,5862,3.0333333,17.066668,3.05,138.51413,2.7933855,2.7890992,2.786209,621.42035,615.3174,611.23627,0.6895845,0.69026506,0.00289011,-0.004286289,-0.007176399,0.00068056583
5867,5868,1.1,13.716666,2.1,126.95447,1.4171396,1.4104868,1.4103708,26.130014,25.732786,25.725914,0.93930155,0.93938357,0.00011599064,-0.006652832,-0.0067688227,8.201599e-05
5874,5875,3.8833334,14.95,3.1166666,129.61095,1.7804745,1.7839283,1.7865618,60.321835,60.80346,61.17329,0.9026079,0.9024029,-0.0026335716,0.0034537315,0.006087303,-0.00020503998
5881,5882,4.4333334,5.9666667,4.133333,130.06721,1.0570298,1.060349,1.0591344,11.403281,11.490766,11.4586735,0.96546614,0.96536404,0.0012146235,0.0033191442,0.0021045208,-0.00010210276
5893,5894,1.5833334,19.566668,3.75,133.42078,2.3367944,2.3366425,2.3376596,217.16728,217.09134,217.60036,0.80165225,0.8019935,-0.0010170937,-0.00015187263,0.000865221,0.0003412366
5902,5903,1.85,13.816667,2.4,123.40176,1.0572687,1.05933,1.0593178,11.409555,11.463837,11.463515,0.9601446,0.95995206,1.21593475e-05,0.0020612478,0.0020490885,-0.000192523
5905,5906,1.7166667,17.383333,1.6,134.04167,2.3240983,2.3250856,2.3254058,210.91057,211.39058,211.5465,0.811202,0.8111712,-0.00032019615,0.0009872913,0.0013074875,-3.08156e-05
5909,5910,3.8166666,17.616667,2.4166667,127.62414,1.6839473,1.6871595,1.6871367,48.300022,48.658592,48.65603,0.9085673,0.9085692,2.2888184e-05,0.0032122135,0.0031893253,1.9073486e-06
5930,5931,2.5,13.833333,4.6666665,121.50618,0.8703406,0.87146133,0.8715511,7.418918,7.4380884,7.4396257,0.96819776,0.96823543,-8.9764595e-05,0.0011207461,0.0012105107,3.7670135e-05
5936,5937,3.65,14.783334,4.0666666,123.42167,1.130854,1.1319127,1.1314178,13.516182,13.5491705,13.533738,0.9554557,0.95531166,0.00049495697,0.0010586977,0.00056374073,-0.00014406443
5937,5938,2.4666667,12.366667,2.1333334,131.74652,1.8521597,1.8580271,1.8576303,71.147514,72.11525,72.049385,0.9000987,0.89953476,0.00039684772,0.005867362,0.0054705143,-0.00056391954
5939,5940,3.0,12.75,4.616667,123.60428,1.0298405,1.0330112,1.0324825,10.711258,10.789745,10.776619,0.9620424,0.96205735,0.0005286932,0.0031707287,0.0026420355,1.4960766e-05
5943,5944,2.95,18.166666,3.5166667,127.13514,1.6491777,1.6522765,1.6541635,44.583862,44.903122,45.098644,0.9117265,0.91152024,-0.0018869638,0.0030988455,0.0049858093,-0.00020623207
5958,5959,2.45,13.45,4.7,137.51567,2.5217657,2.521997,2.522344,332.48016,332.65726,332.92325,0.7828337,0.78327936,-0.00034713745,0.00023126602,0.0005784035,0.00044566393
5966,5967,4.5833335,14.75,3.35,133.88683,2.2265177,2.224837,2.225798,168.46811,167.81743,168.18912,0.8384429,0.8385081,-0.0009608269,-0.0016806126,-0.0007197857,6.520748e-05
5972,5973,4.0833335,5.9,3.0833333,132.75221,1.3244221,1.330543,1.3289887,21.106787,21.406372,21.329893,0.95259804,0.95256406,0.0015543699,0.00612092,0.0045665503,-3.3974648e-05
5982,5983,2.0333333,5.45,2.6666667,129.67982,0.7958608,0.7996878,0.8022777,6.249724,6.3050394,6.3427515,0.97401303,0.97399104,-0.0025898814,0.0038269758,0.0064168572,-2.1994114e-05
6003,6004,4.5666666,12.416667,4.35,122.82782,0.950565,0.9504446,0.9490003,8.924111,8.921638,8.892017,0.9657582,0.96569556,0.0014442801,-0.00012040138,-0.0015646815,-6.264448e-05
6008,6009,3.5833333,5.5833335,3.0833333,131.07024,1.0570109,1.0658965,1.0645839,11.402783,11.638487,11.603363,0.96516556,0.96504307,0.0013126135,0.008885622,0.0075730085,-0.00012248755
6011,6012,4.633333,19.5,4.4333334,138.28928,2.8517165,2.85434,2.8554487,710.74945,715.056,716.8837,0.6545373,0.65440315,-0.0011086464,0.002623558,0.0037322044,-0.00013417006
6027,6028,3.95,11.233334,1.6833333,128.24294,1.4304118,1.4314725,1.4329531,26.940884,27.006763,27.098991,0.94051677,0.9403487,-0.0014805794,0.0010607243,0.0025413036,-0.0001680851
6038,6039,4.2,5.0333333,2.3166666,133.69252,1.2551867,1.255069,1.2526827,17.996443,17.991568,17.89298,0.95664376,0.9565756,0.0023863316,-0.00011765957,-0.0025039911,-6.818771e-05
6040,6041,3.2333333,11.183333,2.45,125.18867,1.1064631,1.0982345,1.0950195,12.778006,12.538181,12.4457035,0.9600879,0.96017265,0.0032150745,-0.00822854,-0.011443615,8.4757805e-05
6046,6047,2.1333334,15.033334,1.8833333,134.99968,2.3351736,2.3319519,2.3326895,216.35832,214.75923,215.12433,0.81753045,0.8176681,-0.0007376671,-0.0032217503,-0.0024840832,0.00013762712
6047,6048,1.5833334,12.2,1.9833333,136.1031,2.293268,2.2904897,2.2903802,196.45721,195.20444,195.15526,0.83681107,0.8370819,0.00010943413,-0.0027782917,-0.0028877258,0.0002708435
6051,6052,3.5833333,16.7,1.6333333,122.06392,1.0646305,1.0735981,1.0731081,11.604609,11.846721,11.833361,0.9576363,0.956915,0.0004900694,0.008967638,0.008477569,-0.0007212758
6060,6061,2.3833334,14.95,1.9833333,130.63393,1.8752457,1.8736755,1.8740319,75.03185,74.76106,74.82244,0.8917963,0.892035,-0.00035643578,-0.0015702248,-0.001213789,0.0002387166
6077,6078,1.9,19.8,4.7833333,128.26382,1.8120387,1.8174992,1.8162882,64.86922,65.68999,65.50708,0.8902817,0.88993716,0.001210928,0.0054605007,0.0042495728,-0.00034451485
6088,6089,1.8833333,6.5833335,4.233333,127.495735,0.7915995,0.79777026,0.7944092,6.188701,6.277262,6.2288694,0.97435033,0.9742157,0.0033610463,0.0061707497,0.0028097034,-0.00013464689
6092,6093,3.0666666,19.633333,1.5333333,124.32182,1.4122559,1.4113213,1.4106709,25.83782,25.782278,25.743694,0.9318558,0.9318202,0.0006504059,-0.00093460083,-0.0015850067,-3.5583973e-05
6094,6095,1.95,18.633333,1.15,126.570946,1.6012782,1.602738,1.6035051,39.928055,40.062496,40.133324,0.9163121,0.9161824,-0.0007671118,0.001459837,0.0022269487,-0.0001296997
6104,6105,2.45,8.25,3.9833333,137.6608,2.142287,2.1476417,2.1473012,138.76726,140.48878,140.3787,0.87335753,0.8730015,0.00034046173,0.005354643,0.005014181,-0.00035601854
6114,6115,4.3,6.633333,2.2666667,138.31554,2.059312,2.0620387,2.0619178,114.633644,115.3556,115.323494,0.88904583,0.8887244,0.00012087822,0.0027265549,0.0026056767,-0.00032144785
6120,6121,2.9833333,15.166667,2.9833333,133.97949,2.2402859,2.2446413,2.2429972,173.89452,175.64723,174.98354,0.8348144,0.8346835,0.0016441345,0.0043554306,0.002711296,-0.0001309514
6132,6133,4.133333,13.066667,3.0666666,137.52127,2.5227737,2.5176122,2.5176404,333.25275,329.31552,329.33685,0.7837456,0.7842157,-2.8133392e-05,-0.005161524,-0.0051333904,0.00047010183
6136,6137,4.8333335,7.45,1.7666667,123.06159,0.54298675,0.54078543,0.5421108,3.4912968,3.473645,3.484262,0.98100805,0.9808873,-0.0013253689,-0.0022013187,-0.00087594986,-0.00012075901
6141,6142,3.6833334,5.616667,3.9166667,130.49582,1.0062144,1.0141643,1.0129402,10.144119,10.331522,10.302442,0.96722186,0.9670942,0.0012241602,0.007949948,0.006725788,-0.00012767315
6147,6148,3.7,15.7,1.95,136.26036,2.5048325,2.5072923,2.5098135,319.76614,321.5824,323.45474,0.7755917,0.775515,-0.0025212765,0.0024597645,0.004981041,-7.665157e-05
6153,6154,2.9833333,12.583333,3.9,127.57559,1.4387391,1.4382457,1.437206,27.462437,27.431253,27.365667,0.938335,0.938648,0.0010396242,-0.00049340725,-0.0015330315,0.000312984
6169,6170,3.4166667,6.7166667,1.1,133.45642,1.5438256,1.5266027,1.5251154,34.98047,33.620388,33.505444,0.9395041,0.9397062,0.0014873743,-0.017222881,-0.018710256,0.00020211935
6176,6177,1.55,15.033334,4.883333,123.72949,1.1509658,1.1494191,1.1502817,14.156823,14.106494,14.13454,0.95444745,0.954592,-0.0008625984,-0.0015467405,-0.0006841421,0.00014454126
6183,6184,3.6833334,12.6,3.2166667,129.91798,1.6936759,1.698327,1.7033962,49.39419,49.926018,50.51219,0.9166295,0.9164186,-0.005069256,0.0046510696,0.0097203255,-0.00021088123
6191,6192,3.0,6.866667,3.4166667,132.0475,1.3814747,1.3804523,1.3792206,24.069925,24.013325,23.945318,0.94901186,0.9489939,0.0012316704,-0.0010224581,-0.0022541285,-1.7940998e-05
6197,6198,3.6333334,11.533334,4.55,131.80742,1.824476,1.8274683,1.825687,66.7538,67.21532,66.9402,0.90494543,0.90501446,0.0017812252,0.0029922724,0.0012110472,6.902218e-05
6202,6203,3.45,5.3,2.8333333,128.88821,0.7539715,0.7561923,0.75602144,5.6750736,5.7041683,5.7019243,0.9755724,0.9756083,0.00017088652,0.0022208095,0.002049923,3.5881996e-05
6205,6206,2.1166666,5.05,2.2333333,130.82805,0.826809,0.82761705,0.8302824,6.711336,6.723835,6.7652273,0.9728236,0.9730259,-0.002665341,0.00080806017,0.003473401,0.00020229816
6213,6214,4.5,19.05,2.1166666,136.01613,2.6070826,2.6071823,2.6093943,404.65286,404.74573,406.81253,0.7341996,0.734274,-0.0022120476,9.9658966e-05,0.0023117065,7.44462e-05
6229,6230,3.6666667,12.316667,3.6666667,121.93132,0.82943356,0.83898187,0.8394956,6.7520175,6.90211,6.9102793,0.9702991,0.970214,-0.00051373243,0.009548306,0.010062039,-8.511543e-05
6230,6231,1.4666667,14.466666,4.983333,125.70126,1.3304586,1.3228223,1.3237661,21.402212,21.02918,21.07493,0.9441257,0.94464606,-0.00094377995,-0.0076363087,-0.0066925287,0.00052034855
6236,6237,4.05,15.383333,4.8166666,125.856636,1.4148111,1.4151173,1.4156928,25.99029,26.008617,26.043108,0.9365479,0.93650264,-0.00057554245,0.00030612946,0.0008816719,-4.5239925e-05
6248,6249,3.5333333,11.2,3.1,135.38953,2.184417,2.1790395,2.1791859,152.90335,151.02173,151.07265,0.85838646,0.8588452,-0.00014638901,-0.005377531,-0.005231142,0.00045871735
6249,6250,1.9333333,6.883333,4.8,120.31598,0.061290063,0.07531023,0.07610499,1.1515692,1.1893514,1.19153,0.98916274,0.9889038,-0.0007947609,0.014020167,0.014814928,-0.00025892258
6251,6252,3.7833333,6.7833333,1.0333333,130.80504,1.2560203,1.2606071,1.2598822,18.031021,18.222464,18.192074,0.9560071,0.95578545,0.0007249117,0.004586816,0.0038619041,-0.00022166967
6254,6255,2.6833334,7.733333,4.6833334,136.02885,1.9283195,1.9210005,1.9212848,84.78509,83.36821,83.422806,0.9028576,0.90314513,-0.00028431416,-0.0073189735,-0.0070346594,0.0002875328
6262,6263,1.9666667,12.25,4.5666666,121.59017,0.7765868,0.7763206,0.7766759,5.978425,5.974762,5.979652,0.972535,0.9726394,-0.0003553033,-0.00026619434,8.9108944e-05,0.00010436773
6264,6265,4.95,7.016667,3.0833333,120.427,0.18919884,0.2019701,0.20031191,1.5459621,1.5920991,1.5860319,0.98748034,0.98722863,0.0016581863,0.012771264,0.011113077,-0.00025171041
6270,6271,2.9666667,17.783333,4.4,138.20988,2.7789447,2.7807426,2.781852,601.0972,603.5908,605.1346,0.6888985,0.6891696,-0.0011093616,0.0017979145,0.0029072762,0.00027108192
6273,6274,2.7333333,16.366667,4.8166666,125.029045,1.3580703,1.360828,1.3610986,22.80711,22.952396,22.966702,0.9396453,0.9395396,-0.0002706051,0.0027577877,0.0030283928,-0.000105679035
6275,6276,3.2,18.616667,3.7833333,128.59207,1.8209406,1.8194424,1.8215599,66.21259,65.98457,66.30708,0.8913172,0.8914596,-0.0021175146,-0.0014982224,0.00061929226,0.0001423955
6280,6281,2.3833334,9.5,3.3666666,135.60487,2.0576875,2.049622,2.04908,114.205635,112.10425,111.964386,0.88243574,0.88321775,0.00054216385,-0.008065462,-0.008607626,0.00078201294
6289,6290,2.1333334,8.383333,3.8166666,129.33238,1.2652493,1.2656611,1.2672557,18.418287,18.435762,18.503574,0.9546383,0.9542724,-0.0015945435,0.0004118681,0.0020064116,-0.0003659129
6302,6303,4.6666665,11.433333,2.6833334,124.250984,1.0304514,1.0343479,1.0341184,10.7263365,10.823007,10.817289,0.9628761,0.9626976,0.00022947788,0.0038964748,0.003666997,-0.0001784563
6307,6308,3.9333334,9.55,1.95,132.52478,1.7576225,1.7576516,1.7593501,57.229836,57.233665,57.457943,0.91633856,0.91637415,-0.001698494,2.9087067e-05,0.001727581,3.5583973e-05
6309,6310,3.3,17.3,4.1666665,131.0904,2.028767,2.030478,2.0309215,106.848175,107.26993,107.37952,0.86443794,0.86434007,-0.00044345856,0.0017108917,0.0021543503,-9.787083e-05
6318,6319,4.4666667,12.75,1.65,132.2466,1.9635936,1.9518518,1.9529,91.95886,89.505936,89.72223,0.8858569,0.8868439,-0.0010482073,-0.011741757,-0.01069355,0.0009869933
6328,6329,4.733333,15.95,4.6666665,120.41954,0.8796197,0.8868755,0.8843377,7.5791364,7.7068253,7.661922,0.9662531,0.9661257,0.002537787,0.0072557926,0.0047180057,-0.00012737513
6331,6332,1.8,19.85,3.4666667,139.12881,2.934833,2.9349198,2.937943,860.66284,860.83484,866.8481,0.6261132,0.62637424,-0.0030231476,8.678436e-05,0.003109932,0.00026106834
6333,6334,4.883333,7.1666665,3.1666667,135.41646,1.8268727,1.8342428,1.8346878,67.12321,68.272026,68.34202,0.91367084,0.91354614,-0.00044500828,0.0073701143,0.007815123,-0.00012469292
6335,6336,3.4166667,8.9,2.2333333,120.25711,0.3794898,0.3817284,0.3820353,2.3960164,2.4083989,2.4101012,0.98390144,0.9840581,-0.0003068745,0.0022386014,0.002545476,0.000156641
6344,6345,4.1,18.583334,3.2166667,125.42208,1.4936074,1.4959058,1.4969417,31.160713,31.32606,31.40087,0.9258548,0.9258526,-0.0010359287,0.002298355,0.0033342838,-2.2053719e-06
6345,6346,3.9166667,13.183333,3.9833333,132.70108,2.0244045,2.0184631,2.0184336,105.780235,104.34296,104.33585,0.8763665,0.87658954,2.9563904e-05,-0.005941391,-0.005970955,0.00022304058
6363,6364,4.866667,12.766666,1.8,129.21619,1.6404908,1.6365112,1.6376653,43.70094,43.302326,43.417545,0.9211077,0.92153794,-0.0011540651,-0.0039795637,-0.0028254986,0.00043022633
6364,6365,2.4166667,5.4,3.1166666,123.87935,0.16300741,0.16501105,0.16224584,1.4554839,1.4622144,1.4529338,0.9875744,0.98770344,0.0027652085,0.00200364,-0.00076156855,0.00012904406
6369,6370,4.2,9.266666,2.95,125.68756,1.0032669,1.0083835,1.0076153,10.075507,10.194912,10.176895,0.9656538,0.9654825,0.00076818466,0.005116582,0.0043483973,-0.00017130375
6375,6376,1.8,18.85,2.15,124.02648,1.3434001,1.3418092,1.3420129,22.04957,21.968943,21.97925,0.9381969,0.93838394,-0.00020372868,-0.0015909672,-0.0013872385,0.00018703938
6379,6380,3.6,13.033334,2.0,121.543274,0.8399927,0.84137243,0.8427406,6.9181933,6.940207,6.9621058,0.969655,0.96970326,-0.001368165,0.0013797283,0.0027478933,4.8279762e-05
6382,6383,2.6333334,18.633333,2.9833333,123.80084,1.3181956,1.3204104,1.3208075,20.806335,20.912714,20.931843,0.94004345,0.93985844,-0.00039708614,0.0022147894,0.0026118755,-0.00018501282
6392,6393,4.0333333,8.466666,3.7166667,128.60645,1.2421691,1.2412364,1.2439152,17.465023,17.427553,17.535381,0.9554864,0.95545137,-0.002678752,-0.0009326935,0.0017460585,-3.504753e-05
6404,6405,3.5333333,11.283334,1.3,126.08347,1.198833,1.2047238,1.2067614,15.8064,16.022263,16.097609,0.95478565,0.9545419,-0.0020375252,0.0058908463,0.007928371,-0.00024372339
6406,6407,1.0333333,8.666667,2.2166667,126.3828,0.93930584,0.93965316,0.9394977,8.695725,8.7026825,8.699568,0.9688077,0.9686572,0.00015544891,0.00034731627,0.00019186735,-0.00015050173
6421,6422,4.4333334,8.3,4.6666665,128.03232,1.1672034,1.1666301,1.1672655,14.696145,14.676759,14.698247,0.9594414,0.9593274,-0.0006353855,-0.0005732775,6.210804e-05,-0.000114023685
6427,6428,1.0166667,9.45,2.7833333,130.65889,1.4944792,1.4836112,1.4854944,31.223328,30.451677,30.584007,0.9396253,0.94001484,-0.0018831491,-0.010867953,-0.008984804,0.00038951635
6446,6447,1.9666667,18.433332,2.5833333,130.2752,1.9773359,1.9760208,1.9770906,94.91524,94.62825,94.86163,0.8703129,0.87063205,-0.0010697842,-0.0013151169,-0.00024533272,0.00031912327
6449,6450,1.05,9.616667,4.1666665,139.65172,2.4577928,2.4562078,2.4572525,286.9411,285.89578,286.58438,0.81577635,0.815375,-0.0010447502,-0.0015850067,-0.0005402565,-0.00040137768
6453,6454,2.3,11.0,3.1166666,136.98262,2.3124447,2.3133657,2.3134866,205.32635,205.76225,205.81953,0.838016,0.8367772,-0.00012087822,0.000921011,0.0010418892,-0.0012387633
6457,6458,2.5166667,15.866667,1.3333334,135.41756,2.414749,2.415168,2.4168074,259.86566,260.11658,261.1003,0.79664576,0.79661244,-0.0016393661,0.00041913986,0.002058506,-3.3318996e-05
6459,6460,4.5,9.166667,2.4833333,121.355705,0.53799754,0.54344106,0.54208666,3.451418,3.4949508,3.4840684,0.98035103,0.98035973,0.0013543963,0.0054435134,0.004089117,8.702278e-06
6462,6463,1.9166666,13.683333,2.2333333,132.55275,2.0093281,2.0076365,2.006233,102.17111,101.77393,101.44554,0.8774563,0.87719834,0.0014035702,-0.0016915798,-0.00309515,-0.0002579689
6465,6466,3.6333334,13.116667,4.95,125.425354,1.2513133,1.2525979,1.2531407,17.836653,17.889488,17.91186,0.95011544,0.9500122,-0.0005427599,0.0012845993,0.0018273592,-0.000103235245
6484,6485,4.6,19.616667,3.1333334,133.53262,2.3686535,2.3722458,2.3716958,233.69722,235.63824,235.34001,0.7926538,0.7923409,0.00055003166,0.0035922527,0.003042221,-0.00031292439
6499,6500,2.8,12.016666,4.1833334,124.22424,1.0470178,1.04914,1.0488513,11.143402,11.197988,11.190545,0.9618902,0.9619927,0.0002887249,0.0021221638,0.0018334389,0.000102460384
6512,6513,4.7,6.9166665,1.8333334,121.55689,0.29422754,0.30130827,0.30213687,1.9689176,2.001282,2.0051038,0.9858548,0.98567396,-0.00082859397,0.007080734,0.007909328,-0.00018084049
6530,6531,4.7166667,5.9333334,4.2,137.88612,1.9040858,1.9126266,1.9131479,80.18363,81.77614,81.87436,0.90773445,0.9072109,-0.0005213022,0.008540869,0.009062171,-0.0005235672
6536,6537,3.75,14.766666,4.0,129.22313,1.7324184,1.7353692,1.7348309,54.003067,54.37124,54.30388,0.908501,0.9082086,0.00053834915,0.0029507875,0.0024124384,-0.0002924204
6547,6548,3.95,15.983334,3.4666667,130.1475,1.8867443,1.8837619,1.8858942,77.04496,76.51769,76.8943,0.8879783,0.8880219,-0.0021322966,-0.002982378,-0.00085008144,4.3570995e-05
6551,6552,4.75,9.55,3.1,126.84864,1.1648903,1.1633524,1.1626691,14.618078,14.566404,14.543505,0.95815665,0.9582337,0.00068330765,-0.001537919,-0.0022212267,7.7068806e-05
6553,6554,3.0166667,11.166667,1.4833333,123.73861,0.94918865,0.9405456,0.943307,8.895875,8.720585,8.77621,0.96695256,0.96712106,-0.002761364,-0.008643031,-0.005881667,0.00016850233
6559,6560,2.7666667,6.15,2.65,133.34703,1.3908348,1.3949915,1.3943241,24.59432,24.830847,24.792713,0.94855833,0.9484734,0.0006674528,0.0041567087,0.003489256,-8.493662e-05
6561,6562,3.6666667,17.983334,3.95,126.80526,1.6151744,1.6154855,1.617579,41.226303,41.255848,41.455196,0.915489,0.9155362,-0.0020934343,0.00031113625,0.0024045706,4.720688e-05
6563,6564,2.0666666,8.066667,3.7,124.09777,0.6727274,0.6633427,0.66215146,4.7068176,4.606199,4.5935817,0.9777976,0.97786134,0.0011912584,-0.009384692,-0.01057595,6.3717365e-05
6565,6566,1.1166667,19.183332,4.9666667,122.78571,1.2253995,1.2258377,1.2274508,16.80349,16.820454,16.883047,0.94648457,0.94630116,-0.0016131401,0.00043821335,0.0020513535,-0.00018340349
6567,6568,4.8166666,10.55,4.45,136.87247,2.302136,2.3073206,2.3078113,200.50996,202.91801,203.1474,0.83934087,0.83904237,-0.00049066544,0.0051846504,0.005675316,-0.00029850006
6570,6571,1.45,11.0,4.9166665,120.28355,0.53366464,0.5393187,0.5409591,3.4171548,3.4619331,3.4750345,0.97989976,0.97988826,-0.001640439,0.005654037,0.007294476,-1.1503696e-05
6571,6572,1.45,18.733334,2.3833334,124.72318,1.4065703,1.4057691,1.4064112,25.50177,25.454765,25.492426,0.9335403,0.93369675,-0.00064206123,-0.00080120564,-0.0001591444,0.00015646219
6573,6574,2.8166666,7.7166667,1.5333333,133.42635,1.6399255,1.6437721,1.6430837,43.644093,44.032375,43.96263,0.9299232,0.9298326,0.00068843365,0.0038466454,0.0031582117,-9.059906e-05
6586,6587,2.7833333,9.933333,3.6333334,122.98255,0.7606916,0.7566884,0.75595516,5.76357,5.7106876,5.701054,0.9741752,0.97452456,0.00073325634,-0.004003167,-0.0047364235,0.00034934282
6589,6590,2.4666667,17.683332,3.3,134.18959,2.3589609,2.3587813,2.3605285,228.53929,228.44484,229.36569,0.8024421,0.80284977,-0.0017471313,-0.00017952919,0.0015676022,0.00040769577
6600,6601,1.4666667,5.2833333,1.0666667,125.56592,0.23264961,0.24940598,0.25441968,1.7086363,1.7758487,1.7964689,0.98609453,0.98613966,-0.0050137043,0.01675637,0.021770075,4.5120716e-05
6603,6604,3.9333334,9.683333,2.9666667,134.1296,1.9371034,1.9399792,1.9403154,86.51739,87.092186,87.15963,0.8964631,0.8964919,-0.0003361702,0.002875805,0.003211975,2.8789043e-05
6604,6605,4.8333335,6.266667,2.35,137.72108,1.9529538,1.9530523,1.9544039,89.73334,89.753685,90.03345,0.90268534,0.9024245,-0.0013515949,9.846687e-05,0.0014500618,-0.00026082993
6611,6612,2.3666666,16.583334,1.0666667,133.59491,2.254785,2.2546854,2.2548327,179.79808,179.75684,179.81783,0.82758176,0.8278429,-0.00014734268,-9.9658966e-05,4.7683716e-05,0.00026112795
6618,6619,1.7166667,5.3333335,1.6,136.63852,1.5176795,1.5168718,1.5214906,32.936653,32.875458,33.22696,0.9400318,0.94001704,-0.004618764,-0.00080764294,0.003811121,-1.4781952e-05
6626,6627,3.2833333,13.683333,4.866667,137.10568,2.507106,2.5004208,2.5019212,321.44455,316.5343,317.62973,0.7856601,0.786787,-0.0015003681,-0.006685257,-0.005184889,0.0011268854
6644,6645,1.8333334,11.333333,3.2,126.61219,1.2542409,1.2400417,1.2436157,17.957293,17.379677,17.523294,0.95269114,0.9528375,-0.0035740137,-0.014199138,-0.010625124,0.00014638901
6653,6654,4.0833335,10.433333,1.4833333,130.59943,1.6229538,1.6262367,1.625207,41.97143,42.2899,42.18975,0.9276442,0.9266615,0.0010297298,0.0032829046,0.0022531748,-0.0009827018
6658,6659,4.8,8.766666,1.7333333,130.56659,1.4863604,1.4899752,1.4906387,30.645056,30.90119,30.948439,0.9399174,0.9400453,-0.0006635189,0.0036147833,0.004278302,0.00012791157
6672,6673,3.2833333,13.066667,3.15,130.55563,1.7824684,1.7844807,1.7812911,60.599415,60.880848,60.435364,0.90655786,0.90753406,0.0031895638,0.0020122528,-0.001177311,0.0009762049
6674,6675,1.4,8.583333,1.8,138.60733,2.2588968,2.255771,2.2557824,181.50844,180.2067,180.21144,0.8559715,0.85574484,-1.1444092e-05,-0.003125906,-0.003114462,-0.00022667646
6689,6690,2.2166667,13.383333,3.6666667,124.24348,1.1283082,1.1283267,1.1297053,13.437181,13.437753,13.480479,0.95693654,0.95695555,-0.0013786554,1.847744e-05,0.0013971329,1.9013882e-05
6702,6703,3.3333333,5.9,3.2333333,123.23653,0.27060506,0.2618606,0.2612995,1.8646832,1.8275136,1.825154,0.9863525,0.98647994,0.0005611181,-0.008744448,-0.009305567,0.00012743473
6715,6716,4.383333,19.683332,4.016667,132.56137,2.2659948,2.2710547,2.2711697,184.49933,186.6615,186.71089,0.81435555,0.8140513,-0.000114917755,0.0050599575,0.0051748753,-0.0003042817
6716,6717,3.9666667,19.15,2.7666667,129.25655,1.9136246,1.9122775,1.9118024,81.96428,81.71042,81.62109,0.8776815,0.8778169,0.00047504902,-0.0013471842,-0.0018222332,0.00013542175
6717,6718,4.4166665,14.766666,1.3333334,130.25635,1.8447748,1.8452579,1.847077,69.94793,70.02577,70.3197,0.89544606,0.895538,-0.0018191338,0.00048303604,0.0023021698,9.191036e-05
6724,6725,1.0,17.166666,4.5666666,121.152534,0.9797411,0.97845894,0.9818391,9.544234,9.516098,9.590453,0.9617284,0.9617121,-0.0033801794,-0.0012821555,0.002098024,-1.6272068e-05
6726,6727,3.85,7.5333333,2.0,125.12787,0.7470321,0.7558376,0.7561802,5.585115,5.699511,5.704009,0.97556543,0.9755096,-0.0003426075,0.008805513,0.009148121,-5.5849552e-05
6729,6730,2.4166667,11.0,3.5333333,122.109665,0.7550816,0.747757,0.7486398,5.689598,5.594445,5.605829,0.973982,0.9742312,-0.0008828044,-0.0073245764,-0.006441772,0.00024920702
6735,6736,2.1833334,15.983334,4.733333,124.01471,1.2344233,1.232724,1.232589,17.156286,17.089287,17.083977,0.9485013,0.9486687,0.00013494492,-0.0016993284,-0.0018342733,0.00016742945
6742,6743,2.5666666,8.7,3.6166666,122.97151,0.623626,0.6277601,0.6271863,4.2036443,4.2438507,4.238247,0.9785156,0.97865945,0.0005738139,0.0041341186,0.0035603046,0.00014382601
6743,6744,1.5666667,12.616667,1.2,127.651306,1.4320785,1.4313021,1.4336615,27.044472,26.996164,27.143227,0.93944305,0.9392641,-0.0023593903,-0.0007764101,0.0015829802,-0.00017893314
6757,6758,4.7,18.466667,3.3333333,123.23354,1.27127,1.2692217,1.2692829,18.675404,18.587528,18.59015,0.9434495,0.9435289,-6.1273575e-05,-0.0020483732,-0.0019870996,7.939339e-05
6758,6759,2.5666666,11.083333,1.1666666,122.431496,0.80419606,0.790328,0.79193413,6.3708305,6.170609,6.1934714,0.9724316,0.9726452,-0.0016061068,-0.013868034,-0.012261927,0.00021362305
6764,6765,4.45,12.616667,2.45,123.795746,1.0583184,1.0606031,1.0609648,11.437164,11.497493,11.5070715,0.96070874,0.9605698,-0.00036168098,0.0022847652,0.0026464462,-0.00013893843
6766,6767,1.95,18.566668,1.8833333,128.3841,1.7824361,1.7867571,1.7882421,60.59491,61.2008,61.410423,0.89616907,0.8960469,-0.0014849901,0.004320979,0.0058059692,-0.00012218952
6767,6768,3.85,17.716667,1.8166667,129.77728,1.9122572,1.9137646,1.9145511,81.706604,81.9907,82.13932,0.88050354,0.8804579,-0.0007865429,0.0015074015,0.0022939444,-4.5657158e-05
6771,6772,2.8666666,14.65,4.883333,136.0164,2.4327888,2.4298587,2.4309878,270.88742,269.0659,269.7664,0.79834634,0.799004,-0.0011291504,-0.0029301643,-0.001801014,0.00065767765
6774,6775,2.6166666,11.2,3.55,137.11684,2.352549,2.3461185,2.3461099,225.18999,221.88016,221.87576,0.8289911,0.82949233,8.583069e-06,-0.006430626,-0.006439209,0.00050121546
6776,6777,3.9,12.183333,3.8666666,126.00376,1.2633204,1.2630366,1.2632912,18.336668,18.324688,18.335436,0.9504871,0.95026386,-0.00025463104,-0.00028383732,-2.9206276e-05,-0.0002232194
6782,6783,2.0666666,7.4666667,3.3333333,138.84315,2.1727424,2.1676002,2.1668963,148.84778,147.09575,146.85756,0.8720408,0.8724356,0.00070381165,-0.005142212,-0.0058460236,0.00039482117
6788,6789,3.4333334,12.716666,4.633333,126.53939,1.341348,1.3465908,1.3462199,21.945631,22.212158,22.1932,0.9448937,0.9445921,0.0003708601,0.0052427053,0.0048718452,-0.0003015995
6794,6795,4.616667,12.4,4.65,136.14514,2.3398094,2.3449023,2.344864,218.68018,221.25969,221.24013,0.82488346,0.8247655,3.838539e-05,0.0050928593,0.005054474,-0.00011795759
6796,6797,3.7,9.733334,3.4,127.293686,1.2197121,1.2122322,1.2124455,16.584873,16.301676,16.309683,0.955567,0.9556021,-0.00021326542,-0.007479906,-0.0072666407,3.5107136e-05
6802,6803,4.6833334,7.0833335,4.2,133.48172,1.6179265,1.6114495,1.6114564,41.48838,40.874218,40.87487,0.93319607,0.93328583,-6.914139e-06,-0.0064769983,-0.006470084,8.9764595e-05
6803,6804,3.3666666,19.5,1.2,122.024864,1.1693034,1.1719514,1.1721798,14.767379,14.857695,14.86551,0.9490493,0.9489911,-0.000228405,0.002647996,0.002876401,-5.8174133e-05
6808,6809,4.983333,19.516666,1.7,126.68651,1.6603467,1.6636517,1.6651367,45.745327,46.094776,46.25266,0.9080218,0.9074746,-0.0014849901,0.0033049583,0.0047899485,-0.00054723024
6815,6816,1.9666667,18.833334,2.75,120.56657,0.98788863,0.98917043,0.988571,9.7249775,9.753723,9.74027,0.95978934,0.9598082,0.0005994439,0.0012817979,0.000682354,1.8835068e-05
6818,6819,1.8333334,6.6666665,2.3166666,121.93897,0.20071688,0.20128608,0.20188896,1.5875115,1.5895935,1.5918016,0.9872541,0.9872301,-0.0006028861,0.00056919456,0.0011720806,-2.3961067e-05
6826,6827,2.8333333,8.716666,4.116667,120.624535,0.3870046,0.38933158,0.38878083,2.4378366,2.4509337,2.4478276,0.98383254,0.9838706,0.0005507469,0.0023269653,0.0017762184,3.8087368e-05
6829,6830,1.4833333,19.55,1.7166667,139.56131,2.9583204,2.967569,2.964203,908.4905,928.04517,920.87964,0.61972106,0.61587864,0.003366232,0.0092487335,0.0058825016,-0.0038424134
6831,6832,4.733333,16.783333,2.1833334,130.88594,1.9963611,2.0003757,2.0006878,99.16562,100.086555,100.15851,0.8701558,0.870182,-0.00031208992,0.0040146112,0.004326701,2.6166439e-05
6834,6835,2.35,16.05,4.5333333,134.73894,2.3612118,2.3513055,2.351757,229.72687,224.54608,224.77968,0.80922145,0.8104561,-0.0004515648,-0.009906292,-0.009454727,0.0012346506
6838,6839,4.15,12.35,1.2,122.342865,0.8865503,0.8892863,0.88765526,7.7010565,7.749725,7.7206745,0.968248,0.96820796,0.0016310215,0.0027359724,0.0011049509,-4.005432e-05
6839,6840,2.0333333,18.783333,3.5333333,138.1462,2.7997775,2.800457,2.8030639,630.63416,631.62164,635.4244,0.6777185,0.6780416,-0.0026068687,0.00067949295,0.0032863617,0.00032305717
6840,6841,1.2,6.65,2.9333334,120.830444,0.03153748,0.042205095,0.04550879,1.0753194,1.1020596,1.1104751,0.98945636,0.9892363,-0.0033036955,0.010667615,0.01397131,-0.00022006035
6854,6855,1.5166667,19.783333,1.4,135.74812,2.5810587,2.5824747,2.5828722,381.11737,382.362,382.71207,0.7399435,0.7397495,-0.00039744377,0.0014159679,0.0018134117,-0.00019401312
6855,6856,4.75,9.75,2.95,129.04286,1.4220347,1.4157181,1.4141768,26.4262,26.044622,25.952358,0.9436006,0.94360584,0.0015412569,-0.006316662,-0.007857919,5.2452087e-06
6868,6869,3.5,13.4,4.9166665,127.68426,1.5040781,1.5044136,1.5052607,31.921122,31.945787,32.00816,0.9322403,0.93217766,-0.0008471012,0.00033545494,0.0011825562,-6.264448e-05
6872,6873,2.1666667,11.616667,2.9666667,128.21498,1.429666,1.4332182,1.4390165,26.894659,27.11554,27.479984,0.9403802,0.9403935,-0.0057982206,0.0035521984,0.009350419,1.3291836e-05
6877,6878,1.8833333,13.5,3.2833333,123.97015,1.1029308,1.102252,1.103285,12.674499,12.654704,12.684839,0.9583137,0.95814145,-0.0010329485,-0.0006787777,0.0003541708,-0.00017225742
6883,6884,2.7666667,16.233334,3.7833333,121.59514,0.9967202,1.0000389,1.0003691,9.924764,10.000895,10.008501,0.9610592,0.96087337,-0.00033020973,0.0033186674,0.0036488771,-0.00018584728
6888,6889,1.3333334,19.333334,4.5833335,128.89018,1.8585997,1.8612654,1.860378,72.21039,72.65498,72.50668,0.8855278,0.8853898,0.00088739395,0.0026657581,0.0017783642,-0.00013798475
6895,6896,1.95,10.55,1.5833334,123.35514,0.8290901,0.8303021,0.83200604,6.7466803,6.765535,6.792131,0.9715342,0.9715803,-0.001703918,0.0012120008,0.0029159188,4.6133995e-05
6904,6905,4.0,17.166666,1.6666666,139.98819,2.9543395,2.951611,2.9518692,900.20105,894.56323,895.0953,0.6336381,0.63387233,-0.00025820732,-0.0027284622,-0.002470255,0.00023424625
6909,6910,4.1,10.35,4.733333,134.3503,2.018494,2.018612,2.0188546,104.35034,104.37871,104.43706,0.88459903,0.8849439,-0.00024271011,0.0001180172,0.0003607273,0.00034487247
6913,6914,1.6333333,12.516666,4.65,136.77765,2.378793,2.3821027,2.381895,239.21753,241.04756,240.93233,0.81842124,0.81859356,0.00020766258,0.0033097267,0.0031020641,0.00017231703
6920,6921,1.35,10.133333,2.8333333,138.29749,2.3686278,2.368142,2.3698936,233.68336,233.42206,234.36543,0.8306129,0.8310516,-0.0017516613,-0.00048589706,0.0012657642,0.0004386902
6923,6924,4.5666666,15.483334,4.8,139.72305,2.8637435,2.860324,2.860072,730.70746,724.97644,724.5559,0.6744062,0.67544496,0.00025200844,-0.0034196377,-0.0036716461,0.0010387897
6924,6925,4.616667,15.2,1.3166667,137.62837,2.6326058,2.6346884,2.6348858,429.1467,431.20956,431.4056,0.74456286,0.74413204,-0.00019741058,0.0020825863,0.0022799969,-0.00043082237
6930,6931,2.0,15.916667,1.8166667,122.628876,1.0832993,1.0832397,1.0833102,12.114327,12.112664,12.114633,0.9571022,0.95717305,-7.05719e-05,-5.9604645e-05,1.0967255e-05,7.086992e-05
6932,6933,2.8166666,15.8,3.45,138.39407,2.7258277,2.7237687,2.7210062,531.8972,529.3815,526.0247,0.716637,0.716723,0.002762556,-0.0020589828,-0.004821539,8.60095e-05
6933,6934,2.5,15.116667,1.4833333,121.84422,0.97012395,0.97105384,0.9714382,9.335206,9.355216,9.3635,0.9631154,0.9631917,-0.00038439035,0.00092989206,0.0013142824,7.6293945e-05
6939,6940,2.2166667,17.583334,3.9833333,121.84577,1.0749198,1.0765005,1.0763793,11.882829,11.926158,11.922829,0.9562228,0.9561267,0.00012123585,0.0015807152,0.0014594793,-9.608269e-05
6941,6942,4.0666666,9.2,2.2666667,126.21599,1.0553567,1.0568256,1.0547483,11.359435,11.397921,11.343532,0.96413106,0.9635416,0.002077341,0.0014688969,-0.0006084442,-0.00058943033
6943,6944,3.7666667,11.833333,3.95,128.74696,1.5218371,1.5288687,1.5275244,33.253483,33.79626,33.69181,0.9328426,0.9324051,0.0013443232,0.00703156,0.005687237,-0.0004374981
6951,6952,1.2666667,9.216666,2.1,121.59311,0.4963485,0.49594963,0.49570534,3.135801,3.1329224,3.1311605,0.98138773,0.9813339,0.00024428964,-0.00039887428,-0.0006431639,-5.3822994e-05
6952,6953,3.1,5.233333,3.7833333,129.04762,0.7312097,0.7389326,0.7375742,5.385298,5.481919,5.4647994,0.9760004,0.97593987,0.0013583899,0.007722914,0.0063645244,-6.055832e-05
6953,6954,1.2666667,9.466666,4.4,132.41003,1.6869881,1.6816188,1.6831404,48.639393,48.04175,48.210365,0.9238368,0.92429304,-0.0015215874,-0.0053693056,-0.0038477182,0.00045621395
6959,6960,1.55,14.433333,4.4,125.302086,1.2884959,1.2839088,1.2835345,19.431032,19.226881,19.210316,0.94698435,0.9472063,0.00037431717,-0.0045870543,-0.0049613714,0.0002219677
6960,6961,4.5333333,8.683333,4.116667,130.71016,1.502621,1.4936861,1.4954501,31.814203,31.166359,31.293211,0.93963647,0.9399205,-0.0017640591,-0.008934975,-0.0071709156,0.00028401613
6966,6967,4.0666666,11.483334,2.75,135.59457,2.2283587,2.226723,2.22751,169.18379,168.54776,168.85347,0.8506081,0.8498969,-0.00078701973,-0.0016357899,-0.00084877014,-0.0007112026
6970,6971,2.0166667,14.916667,4.4,137.9919,2.6383495,2.636757,2.6369176,434.86008,433.26828,433.42862,0.746747,0.7473263,-0.00016069412,-0.0015926361,-0.001431942,0.00057929754
6975,6976,2.7833333,20.0,3.6333334,138.3075,2.8596995,2.8621829,2.8661404,723.9349,728.0863,734.7513,0.65120566,0.6504444,-0.00395751,0.002483368,0.006440878,-0.0007612705
6977,6978,1.35,15.583333,3.3166666,135.20021,2.366447,2.3671503,2.3687656,232.51286,232.88971,233.75752,0.8090199,0.8091901,-0.0016152859,0.0007033348,0.0023186207,0.00017017126
6985,6986,4.2833333,15.933333,2.15,134.29774,2.3191783,2.3185534,2.320375,208.5347,208.23486,209.11008,0.81677544,0.81688684,-0.001821518,-0.0006248951,0.0011966228,0.00011140108
6987,6988,4.1833334,6.366667,2.6666667,139.35844,2.1348524,2.1299887,2.1296377,136.41194,134.89276,134.7838,0.88025343,0.88044345,0.00035095215,-0.004863739,-0.005214691,0.00019001961
6993,6994,2.7166667,5.983333,3.85,138.58437,1.9311104,1.9245602,1.9277092,85.3317,84.05435,84.66604,0.90464574,0.9048324,-0.0031490326,-0.006550193,-0.0034011602,0.00018668175
6998,6999,3.4333334,16.833334,4.45,129.77657,1.8793751,1.8778319,1.878243,75.74868,75.48,75.551476,0.8871672,0.88734734,-0.00041103363,-0.0015431643,-0.0011321306,0.00018012524
7001,7002,2.75,5.983333,2.0333333,123.389885,0.29854015,0.26900434,0.26729965,1.9885666,1.857823,1.850545,0.98606145,0.986326,0.0017046928,-0.0295358,-0.031240493,0.0002645254
7011,7012,2.05,14.683333,3.3,122.44315,1.0047655,1.007649,1.0085349,10.110333,10.177683,10.198467,0.9618871,0.9617176,-0.00088596344,0.0028834343,0.0037693977,-0.00016951561
7013,7014,1.8,18.1,3.5666666,139.56403,2.9240925,2.9225926,2.9252944,839.63885,836.7441,841.9657,0.6400949,0.64091456,-0.0027017593,-0.0014998913,0.001201868,0.0008196831
7025,7026,2.0333333,9.383333,2.7,136.7737,2.1580086,2.1571012,2.1579905,143.8827,143.58238,143.8767,0.86818314,0.8688483,-0.0008893013,-0.0009074211,-1.8119812e-05,0.00066518784
7039,7040,4.766667,18.0,4.233333,121.04922,1.0244193,1.0307449,1.0295206,10.578383,10.733588,10.703373,0.95821106,0.9580655,0.0012242794,0.0063256025,0.005101323,-0.00014555454
7047,7048,2.05,17.966667,3.3833334,127.261185,1.6468737,1.6505364,1.6517364,44.347965,44.723564,44.84731,0.91248065,0.9123567,-0.0011999607,0.0036627054,0.004862666,-0.00012397766
7051,7052,2.95,15.533334,1.6333333,127.95242,1.6301203,1.6298555,1.6297104,42.66977,42.643764,42.62952,0.9179034,0.9181145,0.0001450777,-0.00026476383,-0.00040984154,0.00021106005
7059,7060,4.6,18.05,4.2166667,127.15942,1.655075,1.6587323,1.6605529,45.193394,45.57559,45.767044,0.9108493,0.9108618,-0.0018205643,0.003657341,0.0054779053,1.2516975e-05
7066,7067,4.4166665,7.766667,3.3833334,138.76968,2.2573388,2.2567697,2.2580469,180.85843,180.6216,181.15355,0.8579929,0.8580532,-0.0012772083,-0.00056910515,0.0007081032,6.03199e-05
7067,7068,1.65,18.583334,4.3166666,136.00908,2.576844,2.5700455,2.5704885,377.43655,371.57413,371.95334,0.7472682,0.7482533,-0.00044298172,-0.006798506,-0.006355524,0.000985086
7069,7070,4.0,10.216666,3.1,121.54745,0.64891255,0.6518368,0.6520767,4.455665,4.4857683,4.488247,0.9771951,0.97723866,-0.0002399087,0.0029242635,0.0031641722,4.3570995e-05
7087,7088,4.25,17.083334,2.0333333,125.09866,1.4081912,1.4081951,1.4076596,25.597126,25.597357,25.565815,0.93486917,0.9349052,0.0005354881,3.9339066e-06,-0.0005315542,3.6001205e-05
7101,7102,1.25,10.45,3.15,129.34465,1.4442552,1.442114,1.442619,27.813475,27.676682,27.70888,0.94119847,0.94128114,-0.00050497055,-0.0021412373,-0.0016362667,8.267164e-05
7102,7103,3.8666666,18.466667,2.6,132.57469,2.2376142,2.233624,2.2319918,172.82802,171.2474,170.60501,0.8255427,0.82578003,0.0016322136,-0.0039901733,-0.005622387,0.0002373457
7111,7112,3.05,6.6833334,3.2166667,126.131935,0.70875126,0.7115831,0.7102835,5.1138883,5.1473427,5.131963,0.9768714,0.977008,0.0012995601,0.0028318167,0.0015322566,0.00013661385
7123,7124,1.0,9.5,4.0,138.33133,2.3048668,2.3070233,2.3081644,201.77473,202.77914,203.31262,0.8448293,0.8442238,-0.0011410713,0.002156496,0.0032975674,-0.0006055236
7127,7128,2.05,9.566667,2.5333333,132.17865,1.6922439,1.6897932,1.6910515,49.231598,48.95457,49.09661,0.9229919,0.9228472,-0.001258254,-0.0024507046,-0.0011924505,-0.00014466047
7132,7133,2.2833333,5.3,4.116667,133.38939,1.1851422,1.1870393,1.1892176,15.315887,15.3829365,15.460287,0.959051,0.95925385,-0.0021783113,0.0018970966,0.004075408,0.0002028346
7136,7137,2.3833334,13.316667,3.65,123.86147,1.0984763,1.0859704,1.087008,12.545162,12.189066,12.218222,0.9588441,0.95914686,-0.0010375977,-0.012505889,-0.011468291,0.000302732
7141,7142,1.3666667,14.6,4.2833333,132.57281,2.0488372,2.0486126,2.047942,111.90183,111.84398,111.671394,0.86929184,0.86965513,0.00067067146,-0.0002245903,-0.00089526176,0.0003632903
7142,7143,4.633333,5.95,2.1833334,137.96461,1.9295876,1.9230967,1.9236443,85.03302,83.771576,83.87727,0.906038,0.9060732,-0.0005476475,-0.006490946,-0.0059432983,3.5226345e-05
7145,7146,3.8,17.266666,2.35,136.86926,2.6359212,2.631657,2.6317644,432.4354,428.21008,428.3161,0.7353635,0.7359013,-0.00010752678,-0.0042643547,-0.004156828,0.0005378127
7148,7149,2.3,10.883333,2.3666666,131.02368,1.6758624,1.6821744,1.6823764,47.40918,48.103252,48.125626,0.921622,0.9209537,-0.00020194054,0.0063120127,0.006513953,-0.0006682873
7162,7163,1.4833333,7.116667,1.2166667,136.45326,1.8334049,1.8367536,1.8362685,68.140434,68.66787,68.59122,0.9131568,0.91269094,0.0004850626,0.0033487082,0.0028636456,-0.0004658699
7167,7168,1.1166667,16.116667,1.2333333,131.44193,1.999346,1.9984595,2.0007825,99.849525,99.645905,100.180336,0.8732634,0.8732332,-0.0023230314,-0.0008865595,0.0014364719,-3.0219555e-05
7170,7171,4.6,7.383333,2.65,135.12106,1.8282566,1.8243802,1.8245037,67.33744,66.739075,66.75805,0.91405475,0.9142021,-0.00012350082,-0.0038764477,-0.0037529469,0.00014734268
7171,7172,4.9,11.783334,2.4166667,127.18955,1.3677204,1.3659618,1.3659261,23.319561,23.225325,23.223417,0.94403946,0.9441534,3.5643578e-05,-0.0017585754,-0.001794219,0.00011396408
7177,7178,4.9666667,10.55,3.5,125.44546,1.1024691,1.0979564,1.0980347,12.661032,12.530154,12.532414,0.96044534,0.96050096,-7.83205e-05,-0.0045126677,-0.004434347,5.5611134e-05
7178,7179,1.2666667,12.633333,1.2833333,125.14822,1.1621393,1.1598788,1.1610664,14.525775,14.450366,14.489934,0.9560836,0.95595723,-0.001187563,-0.0022604465,-0.0010728836,-0.00012636185
7179,7180,4.45,12.183333,4.9166665,136.3719,2.3490136,2.355226,2.3561625,223.3642,226.58234,227.07146,0.8239609,0.82370967,-0.0009365082,0.006212473,0.007148981,-0.00025123358
7180,7181,1.4333333,18.066668,3.9333334,133.69922,2.315546,2.3122745,2.3130429,206.79785,205.24588,205.60936,0.8116106,0.8121719,-0.0007684231,-0.0032715797,-0.0025031567,0.00056129694
7182,7183,3.4833333,8.816667,1.4666667,121.56278,0.506976,0.51061404,0.5099804,3.213483,3.240515,3.2357905,0.98120904,0.9812986,0.000633657,0.003638029,0.0030043721,8.958578e-05
7183,7184,4.9666667,19.183332,3.0166667,120.65808,1.02569,1.0337003,1.0353593,10.609379,10.806881,10.84824,0.9572562,0.9569141,-0.0016589165,0.008010387,0.009669304,-0.00034207106
7185,7186,3.4333334,18.366667,3.0666666,138.28386,2.809338,2.813836,2.8139617,644.6709,651.3825,651.571,0.6755422,0.67497414,-0.00012564659,0.004498005,0.0046236515,-0.00056803226
7187,7188,4.883333,18.15,3.1166666,138.78075,2.8583622,2.8647482,2.8665109,721.7091,732.39984,735.37836,0.66062456,0.6586452,-0.0017626286,0.0063860416,0.00814867,-0.001979351
7195,7196,1.95,14.133333,1.6833333,127.01942,1.4563025,1.457466,1.4577918,28.595818,28.67253,28.694048,0.9353004,0.935329,-0.000325799,0.0011634827,0.0014892817,2.861023e-05
7200,7201,2.2166667,14.2,2.2,133.41571,2.1253502,2.1281886,2.1278853,133.45973,134.33482,134.24104,0.8578006,0.85722196,0.00030326843,0.0028383732,0.0025351048,-0.0005786419
7202,7203,1.2333333,14.416667,1.5666667,134.78429,2.2663891,2.2690387,2.2686608,184.66693,185.79698,185.63539,0.8334196,0.83318704,0.00037789345,0.0026495457,0.0022716522,-0.00023257732
7217,7218,2.4833333,19.816668,4.9,123.08592,1.2833354,1.2868037,1.2863858,19.201511,19.355469,19.336851,0.94136274,0.941188,0.00041794777,0.003468275,0.0030503273,-0.00017476082
7219,7220,4.35,8.983334,3.2666667,120.48931,0.44085765,0.43306768,0.43237966,2.759673,2.710614,2.7063234,0.9828121,0.9828567,0.0006880164,-0.0077899694,-0.008477986,4.4584274e-05
7227,7228,1.05,5.516667,3.1666667,139.17201,1.7913024,1.7936903,1.7921549,61.844692,62.18567,61.966206,0.91736096,0.91692114,0.0015354156,0.0023878813,0.00085246563,-0.00043982267
7230,7231,2.25,16.333334,2.1333334,128.2465,1.6930401,1.6876388,1.6886513,49.32194,48.712315,48.826023,0.9107472,0.9110863,-0.0010125637,-0.005401373,-0.004388809,0.00033915043
7232,7233,2.8833334,18.9,3.8166666,124.96089,1.4513533,1.452797,1.4540288,28.271791,28.365932,28.4465,0.93006223,0.92928237,-0.0012317896,0.0014437437,0.0026755333,-0.0007798672
7236,7237,4.516667,15.116667,4.1,126.985954,1.5200176,1.5245141,1.5251268,33.114456,33.459084,33.506325,0.9281133,0.9280492,-0.00061273575,0.004496455,0.005109191,-6.407499e-05
7245,7246,2.05,11.016666,4.3166666,130.00214,1.5690058,1.5761529,1.5765337,37.06857,37.683643,37.716698,0.93049186,0.93015164,-0.00038075447,0.0071470737,0.007527828,-0.0003402233
7265,7266,4.2166667,6.2166667,1.9833333,138.69737,2.0352275,2.03722,2.037043,108.4495,108.94819,108.90382,0.89291036,0.8925481,0.00017690659,0.001992464,0.0018155575,-0.00036227703
7269,7270,2.15,8.15,2.8166666,134.12645,1.7529591,1.7498097,1.7498156,56.618603,56.209503,56.21026,0.919677,0.92004603,-5.841255e-06,-0.0031493902,-0.003143549,0.00036901236
7270,7271,2.5,16.733334,1.9333333,132.44742,2.141103,2.141541,2.1414971,138.38947,138.52908,138.5151,0.8476788,0.8474863,4.386902e-05,0.00043797493,0.0003941059,-0.0001924634
7276,7277,3.4333334,18.033333,3.8666666,120.33058,0.95394045,0.94807976,0.9477918,8.993743,8.87319,8.867309,0.9620709,0.9620865,0.00028795004,-0.0058606863,-0.0061486363,1.5616417e-05
7292,7293,3.1,8.633333,2.65,125.33059,0.89404136,0.89011824,0.88334686,7.8350425,7.764585,7.6444607,0.9706317,0.970781,0.0067713857,-0.003923118,-0.010694504,0.00014930964
7307,7308,4.516667,14.383333,2.0,123.962975,1.1700141,1.1739457,1.1738077,14.791566,14.926077,14.921337,0.9533639,0.95326877,0.00013792515,0.0039315224,0.0037935972,-9.512901e-05
7309,7310,4.2833333,16.166666,1.0333333,125.12137,1.3771476,1.3730702,1.3714294,23.831291,23.6086,23.519573,0.9384977,0.93848836,0.0016407967,-0.0040773153,-0.005718112,-9.357929e-06
7316,7317,2.9333334,11.316667,1.7166667,126.48974,1.24601,1.2398217,1.2428017,17.620165,17.370872,17.490479,0.9525816,0.9527664,-0.0029799938,-0.0061882734,-0.0032082796,0.000184834
7317,7318,4.6666665,14.916667,4.65,126.06636,1.4273018,1.41995,1.4203354,26.748644,26.299652,26.323002,0.9364076,0.93666065,-0.00038540363,-0.007351756,-0.0069663525,0.00025302172
7319,7320,1.2333333,9.233334,2.3333333,128.72481,1.2599487,1.2634044,1.2641197,18.19486,18.340212,18.370447,0.95388865,0.95374143,-0.00071537495,0.003455639,0.004171014,-0.00014722347
7337,7338,4.1,11.633333,4.5833335,133.86203,2.05684,2.055239,2.0537748,113.98296,113.56355,113.18134,0.8760051,0.8762189,0.0014641285,-0.0016009808,-0.0030651093,0.00021380186
7340,7341,2.6333334,19.916666,3.2333333,133.87614,2.4088562,2.4019966,2.4023566,256.36346,252.34612,252.55537,0.78395677,0.7850991,-0.00036001205,-0.006859541,-0.006499529,0.001142323
7349,7350,1.9833333,7.2833333,2.75,128.92334,1.069815,1.0703018,1.0714004,11.743973,11.757142,11.7869215,0.9651251,0.9642677,-0.0010986328,0.00048673153,0.0015853643,-0.0008574128
7366,7367,2.45,7.7166667,1.0,124.96475,0.7257055,0.72597474,0.72659105,5.317476,5.320773,5.3283296,0.9762585,0.9761845,-0.000616312,0.00026923418,0.0008855462,-7.402897e-05
7386,7387,4.3333335,10.583333,2.85,128.27966,1.3981323,1.3946964,1.3961322,25.011072,24.813976,24.896152,0.94378865,0.94346493,-0.0014358759,-0.0034359694,-0.0020000935,-0.00032371283
7389,7390,1.4,17.066668,4.266667,135.60535,2.4725242,2.4715867,2.4720752,296.8412,296.2011,296.5345,0.7797091,0.7799761,-0.00048851967,-0.00093746185,-0.00044894218,0.0002670288
7391,7392,1.0833334,17.866667,3.3666666,134.02658,2.336986,2.3351223,2.3366668,217.26315,216.3328,217.1035,0.80793744,0.8083081,-0.0015444756,-0.001863718,-0.00031924248,0.0003706813
7395,7396,4.7833333,19.383333,3.2333333,131.88385,2.1919978,2.197069,2.1958628,155.59576,157.42326,156.98666,0.8303483,0.82992697,0.0012061596,0.005071163,0.0038650036,-0.00042134523
7407,7408,2.8833334,8.15,2.65,130.83691,1.4257753,1.4194859,1.4194683,26.65479,26.271564,26.270496,0.945426,0.9452517,1.7642975e-05,-0.006289363,-0.006307006,-0.00017428398
7410,7411,1.5666667,6.5666666,1.2166667,136.79163,1.7833529,1.7854648,1.7870401,60.72295,61.018955,61.240696,0.9184688,0.9181863,-0.0015753508,0.0021119118,0.0036872625,-0.0002824664
7419,7420,3.2666667,12.05,2.7333333,136.12671,2.313055,2.3076053,2.3081524,205.61511,203.05106,203.30705,0.8331488,0.8337762,-0.00054717064,-0.005449772,-0.0049026012,0.0006273985
7421,7422,1.7833333,9.283334,3.1833334,120.02445,0.3475477,0.35937726,0.35938892,2.2261157,2.287585,2.2876463,0.9843584,0.98429894,-1.1652708e-05,0.011829555,0.011841208,-5.942583e-05
7432,7433,4.95,10.65,4.65,139.80856,2.616699,2.616198,2.6168885,413.71283,413.2359,413.89343,0.7718612,0.77297723,-0.0006904602,-0.00050091743,0.00018954277,0.0011160374
7435,7436,3.0666666,6.4,1.05,120.11668,0.027572572,0.010898352,0.009277893,1.0655469,1.0254118,1.021593,0.98986727,0.98984164,0.0016204584,-0.01667422,-0.018294679,-2.5629997e-05
7438,7439,3.7833333,12.5,2.1333334,135.60333,2.2951338,2.2868524,2.2889047,197.30307,193.57639,194.49332,0.83486265,0.83565223,-0.0020523071,-0.008281469,-0.006229162,0.00078958273
7455,7456,4.7833333,12.166667,3.1833334,136.7045,2.3931415,2.3905823,2.390421,247.25296,245.80025,245.70891,0.8161123,0.816176,0.00016140938,-0.002559185,-0.0027205944,6.3717365e-05
7465,7466,1.7666667,9.833333,3.05,139.35263,2.4636278,2.4638839,2.465037,290.8224,290.9939,291.7676,0.81269103,0.81329364,-0.0011532307,0.00025606155,0.0014092922,0.00060260296
7478,7479,4.9333334,11.05,3.8666666,120.379906,0.61193883,0.6091875,0.6087402,4.09203,4.0661883,4.0620027,0.9779674,0.9779177,0.00044727325,-0.0027513504,-0.0031986237,-4.9710274e-05
7482,7483,1.0166667,18.5,4.1666665,137.70586,2.7333906,2.7365582,2.7384539,541.24084,545.20294,547.5879,0.7015348,0.70083743,-0.0018956661,0.0031676292,0.0050632954,-0.00069737434
7489,7490,2.2166667,9.133333,2.7166667,136.79727,2.138463,2.140421,2.141424,137.55077,138.17227,138.49176,0.87153876,0.8719624,-0.001003027,0.0019578934,0.0029609203,0.00042366982
7490,7491,2.35,13.75,3.0833333,134.67398,2.2424762,2.2366219,2.238494,174.77376,172.4336,173.17848,0.84002906,0.8405854,-0.0018720627,-0.005854368,-0.0039823055,0.00055634975
7507,7508,3.6666667,19.416666,2.45,130.8954,2.0839415,2.0899749,2.0884807,121.32253,123.01976,122.597244,0.8500553,0.8494862,0.0014941692,0.0060334206,0.0045392513,-0.00056910515
7518,7519,3.4,5.883333,2.8166666,131.61687,1.1775101,1.1798289,1.1792529,15.049087,15.12965,15.109596,0.9601491,0.96006256,0.0005760193,0.00231874,0.0017427206,-8.6545944e-05
7521,7522,3.0,18.4,3.4166667,127.0119,1.6522332,1.6481571,1.6499773,44.898647,44.479218,44.666027,0.9115253,0.9115955,-0.0018202066,-0.0040761232,-0.0022559166,7.021427e-05
7523,7524,3.7666667,18.2,4.483333,124.32369,1.3672417,1.3665414,1.3671364,23.293875,23.25634,23.288223,0.93688256,0.93691546,-0.00059497356,-0.0007003546,-0.00010538101,3.2901764e-05
7529,7530,2.75,14.416667,3.1666667,136.17583,2.4383929,2.4333851,2.434715,274.40552,271.2596,272.09152,0.7980808,0.79926884,-0.0013298988,-0.005007744,-0.003677845,0.0011880398
7540,7541,2.8333333,17.183332,2.3333333,138.28741,2.773029,2.768428,2.7686167,592.965,586.7162,586.971,0.69560754,0.6964312,-0.0001885891,-0.0046010017,-0.0044124126,0.0008236766
7542,7543,1.6666666,9.866667,3.7333333,126.40403,1.0904422,1.0899796,1.0908226,12.315221,12.302112,12.326013,0.9618132,0.961802,-0.0008429289,-0.00046253204,0.00038039684,-1.1205673e-05
7548,7549,3.8333333,13.35,4.0833335,133.61633,2.1270943,2.1220849,2.1224244,133.99675,132.46004,132.56363,0.8603561,0.8606633,-0.00033950806,-0.0050094128,-0.0046699047,0.00030720234
7568,7569,4.55,15.35,4.4166665,139.55899,2.8384593,2.8378634,2.8384652,689.3809,688.4358,689.3904,0.68284345,0.6836581,-0.0006017685,-0.00059580803,5.9604645e-06,0.0008146763
7571,7572,2.9666667,16.533333,1.45,126.1115,1.4781632,1.4832476,1.4824762,30.072065,30.426195,30.3722,0.92998403,0.92983407,0.0007714033,0.0050843954,0.004312992,-0.00014996529
7572,7573,4.8,11.9,3.2166667,134.96034,2.197658,2.1918774,2.191274,157.63696,155.55263,155.33664,0.8534925,0.8540276,0.0006034374,-0.005780697,-0.0063841343,0.0005351305
7578,7579,1.3833333,6.9666667,2.85,124.917465,0.5881314,0.55710196,0.55743384,3.8737485,3.6066332,3.6093903,0.9802676,0.98044133,-0.00033187866,-0.031029463,-0.030697584,0.00017374754
7580,7581,1.8,12.333333,4.6,122.57628,0.8898113,0.8804678,0.8803029,7.7590985,7.5939507,7.5910683,0.96866894,0.9689075,0.00016486645,-0.009343505,-0.009508371,0.00023853779
7581,7582,2.8666666,7.8166666,3.35,129.55305,1.2364367,1.2386475,1.2393957,17.23601,17.32397,17.353846,0.9562488,0.95614725,-0.0007482767,0.0022107363,0.002959013,-0.000101566315
7583,7584,1.5333333,12.383333,1.4,124.60228,1.0996714,1.091958,1.0930845,12.579731,12.35828,12.390375,0.95955414,0.9596013,-0.0011264086,-0.007713318,-0.0065869093,4.7147274e-05
7585,7586,3.7833333,18.616667,1.6166667,134.83725,2.4681027,2.4669876,2.4696145,293.8344,293.08096,294.85907,0.7728286,0.77330005,-0.002626896,-0.0011150837,0.0015118122,0.00047147274
7590,7591,1.7333333,11.133333,2.55,122.46349,0.7795122,0.78226244,0.7822115,6.018832,6.0570683,6.0563574,0.97296655,0.97291696,5.096197e-05,0.002750218,0.002699256,-4.9591064e-05
7596,7597,4.6,16.3,4.116667,120.11021,0.8628282,0.8672619,0.865773,7.29169,7.366512,7.341301,0.9667954,0.96674347,0.0014888644,0.0044336915,0.002944827,-5.1915646e-05
7601,7602,4.8,11.483334,3.7833333,124.34765,1.0462008,1.0497687,1.0498042,11.1224575,11.2142105,11.215127,0.9621254,0.96199256,-3.552437e-05,0.003567934,0.0036034584,-0.00013285875
7602,7603,1.1166667,17.4,4.5666666,138.87282,2.8222456,2.81606,2.817309,664.1185,654.7267,656.6121,0.68035567,0.68093324,-0.0012488365,-0.0061855316,-0.004936695,0.000577569
7604,7605,3.6833334,6.05,3.0,128.62764,0.8897826,0.89645326,0.89524037,7.7585864,7.8786764,7.8567038,0.9714436,0.9714077,0.0012128949,0.006670654,0.005457759,-3.5881996e-05
7612,7613,1.2,5.766667,3.1833334,130.45615,0.8965087,0.9023219,0.9047915,7.879682,7.985863,8.0314045,0.9705433,0.9705648,-0.0024695992,0.0058131814,0.008282781,2.1457672e-05
7627,7628,1.2333333,12.75,1.1666666,128.42186,1.5130275,1.5120053,1.5151349,32.585735,32.50913,32.74424,0.93312436,0.9330291,-0.0031296015,-0.0010222197,0.0021073818,-9.524822e-05
7630,7631,1.3166667,12.35,1.1166667,132.00455,1.8595891,1.8638111,1.8653374,72.37509,73.082115,73.3394,0.89978147,0.8997605,-0.0015262365,0.0042220354,0.005748272,-2.0980835e-05
7631,7632,3.6666667,10.233334,2.85,125.97517,1.1166987,1.1139549,1.1109194,13.082741,13.000345,12.909795,0.9600822,0.9600037,0.0030355453,-0.0027438402,-0.0057793856,-7.849932e-05
7635,7636,4.3166666,18.683332,1.8666667,135.6757,2.557021,2.5588336,2.5611844,360.596,362.10422,364.06958,0.7490688,0.7491786,-0.0023508072,0.0018126965,0.0041635036,0.000109791756
7657,7658,3.8166666,6.7,4.483333,126.89019,0.8162941,0.82313854,0.8225453,6.550796,6.654854,6.6457696,0.9740423,0.9735388,0.00059324503,0.006844461,0.006251216,-0.00050348043
7661,7662,4.5333333,6.55,3.8833334,135.84615,1.7833669,1.7884,1.7877982,60.724915,61.432762,61.347683,0.919018,0.91873187,0.0006018877,0.0050331354,0.0044312477,-0.0002861023
7668,7669,1.0166667,12.866667,3.3,123.67744,1.0154778,1.013246,1.0132916,10.362815,10.3097,10.3107815,0.96294826,0.9630043,-4.553795e-05,-0.002231717,-0.0021861792,5.6028366e-05
7675,7676,4.6833334,15.116667,4.5333333,134.87846,2.3434544,2.3461385,2.34583,220.52324,221.89038,221.73282,0.8138994,0.8138585,0.00030851364,0.0026841164,0.0023756027,-4.0888786e-05
7681,7682,3.6333334,14.033334,3.2833333,127.55664,1.5267222,1.524767,1.5252559,33.629635,33.47858,33.51629,0.9295731,0.9294425,-0.0004888773,-0.0019551516,-0.0014662743,-0.00013059378
7690,7691,4.9166665,15.733334,3.0666666,123.34574,1.1788775,1.1760037,1.1755126,15.096541,14.996976,14.980025,0.9519022,0.95200175,0.0004911423,-0.0028737783,-0.0033649206,9.953976e-05
7692,7693,3.4166667,16.95,4.616667,134.15498,2.339292,2.3355072,2.336141,218.41983,216.52455,216.84085,0.80933964,0.81000715,-0.000633955,-0.003784895,-0.00315094,0.0006675124
7696,7697,4.9166665,8.066667,3.15,139.75229,2.393926,2.3993056,2.400868,247.69994,250.78732,251.69115,0.8320903,0.8325247,-0.001562357,0.005379677,0.006942034,0.00043439865
7701,7702,2.6666667,9.166667,4.866667,126.903015,1.1012082,1.1017425,1.0999068,12.624326,12.639867,12.586553,0.9618123,0.96172744,0.0018357038,0.00053429604,-0.0013014078,-8.4877014e-05
7708,7709,2.7333333,17.083334,1.75,127.3637,1.6287954,1.6320629,1.6323029,42.539795,42.86106,42.88475,0.91541636,0.91548467,-0.0002399683,0.0032675266,0.003507495,6.830692e-05
7711,7712,1.7833333,5.3333335,3.5333333,126.448586,0.397078,0.39073265,0.38912755,2.4950428,2.4588535,2.4497826,0.98363215,0.98373586,0.0016050935,-0.0063453615,-0.007950455,0.00010371208
7714,7715,4.233333,15.066667,4.6666665,139.89233,2.8660681,2.858286,2.858835,734.6291,721.58234,722.49524,0.6771057,0.67880756,-0.000549078,-0.007782221,-0.007233143,0.0017018318
7715,7716,1.9,11.083333,1.8833333,132.30362,1.819892,1.8224705,1.8205651,66.052925,66.44626,66.15537,0.90718204,0.9069362,0.0019054413,0.002578497,0.00067305565,-0.00024580956
7721,7722,2.75,6.4333334,4.6666665,120.44389,0.03847267,0.04407704,0.045477703,1.0926288,1.1068201,1.1103956,0.9895761,0.98936415,-0.0014006644,0.0056043677,0.007005032,-0.00021195412
7727,7728,4.05,12.616667,2.4166667,123.97423,1.0747049,1.0766001,1.0772855,11.876949,11.928891,11.947734,0.95999724,0.95978385,-0.0006854534,0.0018951893,0.0025806427,-0.00021338463
7730,7731,3.9833333,15.6,4.45,133.91905,2.2592704,2.2607718,2.2609935,181.66464,182.29373,182.38683,0.82921344,0.8292588,-0.00022172928,0.0015013218,0.0017230511,4.5359135e-05
7733,7734,3.0333333,15.566667,2.45,138.317,2.7058427,2.7100716,2.7084172,507.97546,512.9459,510.9956,0.72262424,0.72273344,0.0016543865,0.0042288303,0.0025744438,0.00010919571
7743,7744,4.0666666,11.383333,3.0166667,128.70193,1.4923929,1.496205,1.4987663,31.073694,31.347649,31.533073,0.9359821,0.935085,-0.0025613308,0.0038120747,0.0063734055,-0.0008971095
7745,7746,4.5,5.4666667,2.25,123.52677,0.2513512,0.24553442,0.24331181,1.7838207,1.7600882,1.7511035,0.9866797,0.9866324,0.0022226125,-0.0058167875,-0.0080394,-4.7266483e-05
7754,7755,4.116667,5.7166667,2.7833333,125.40723,0.48808822,0.49462676,0.4933483,3.076722,3.123394,3.114213,0.9822644,0.9821852,0.00127846,0.00653854,0.00526008,-7.921457e-05
7759,7760,3.4166667,16.116667,3.5666666,137.6616,2.6722977,2.6651914,2.662932,470.21634,462.58487,460.18442,0.7307675,0.7315646,0.0022594929,-0.007106304,-0.009365797,0.0007970929
7765,7766,2.8833334,16.5,3.5166667,120.11899,0.85384774,0.8607866,0.8615368,7.142459,7.257493,7.27004,0.96743226,0.96685547,-0.00075018406,0.0069388747,0.007689059,-0.00057679415
7768,7769,4.45,12.75,4.9,132.93117,2.023735,2.026817,2.026548,105.617294,106.36949,106.30358,0.8769538,0.87696934,0.00026917458,0.003082037,0.0028128624,1.5556812e-05
7775,7776,1.4,17.7,2.1666667,137.58714,2.6980221,2.700138,2.700156,498.9099,501.34662,501.36725,0.7157678,0.71554166,-1.7881393e-05,0.002115965,0.0021338463,-0.00022614002
7779,7780,4.4166665,16.8,2.0,120.576866,0.9267056,0.9317482,0.9330875,8.44706,8.545711,8.572105,0.9636801,0.96363217,-0.0013393164,0.0050426126,0.006381929,-4.7922134e-05
7780,7781,2.2,9.966666,2.9666667,130.36105,1.5438544,1.5392674,1.5422716,34.982784,34.615246,34.855522,0.93512994,0.9345735,-0.0030041933,-0.004586935,-0.0015827417,-0.00055646896
7792,7793,4.1833334,19.066668,3.15,131.33635,2.1239707,2.1261878,2.1248944,133.03648,133.71736,133.31972,0.8441661,0.84399754,0.0012934208,0.0022170544,0.0009236336,-0.00016856194
7793,7794,3.0166667,10.25,1.0166667,121.37277,0.61675966,0.6197578,0.61951756,4.1377063,4.1663694,4.164066,0.9780564,0.97807753,0.00024020672,0.0029981136,0.002757907,2.1159649e-05
7809,7810,4.7166667,18.75,1.8,122.75565,1.2367171,1.2310765,1.2325765,17.247139,17.024582,17.083485,0.94563586,0.9456399,-0.0015000105,-0.005640626,-0.0041406155,4.053116e-06
7821,7822,1.4166666,5.733333,4.4666667,123.101875,0.0882953,0.09948647,0.102009684,1.2254491,1.2574376,1.2647645,0.98851764,0.98841184,-0.0025232136,0.011191167,0.013714381,-0.000105798244
7827,7828,2.8333333,6.0833335,3.0833333,139.19337,2.0319486,2.0170732,2.0189679,107.63377,104.00954,104.464294,0.8940452,0.894472,-0.0018947124,-0.014875412,-0.0129807,0.00042682886
7833,7834,2.3666666,18.366667,1.1,120.90164,1.0102353,1.0100989,1.0111625,10.238476,10.235261,10.260358,0.95902014,0.95919627,-0.0010635853,-0.00013637543,0.00092720985,0.00017613173
7839,7840,2.0833333,14.15,4.633333,126.66865,1.426142,1.4208399,1.4204494,26.677307,26.353598,26.32991,0.93779904,0.93799084,0.00039052963,-0.0053020716,-0.005692601,0.00019180775
7842,7843,1.4833333,12.866667,2.7833333,131.49814,1.842769,1.8460238,1.8431643,69.62561,70.149376,69.68901,0.9005937,0.9003899,0.0028594732,0.0032547712,0.000395298,-0.00020378828
7845,7846,3.0333333,15.633333,1.45,132.88268,2.1439538,2.146078,2.1468842,139.30086,139.9839,140.24397,0.8500305,0.8498237,-0.0008060932,0.0021243095,0.0029304028,-0.00020676851
7848,7849,1.4166666,8.85,4.4166665,128.41302,1.1907635,1.1962085,1.1947516,15.515418,15.711168,15.658553,0.9581656,0.95763385,0.0014568567,0.0054450035,0.003988147,-0.00053173304
7859,7860,2.95,8.2,2.1333334,125.91033,0.9006315,0.89909315,0.89821535,7.9548407,7.9267135,7.910708,0.97052073,0.97067386,0.0008777976,-0.0015383363,-0.0024161339,0.00015312433
7860,7861,3.3,8.4,1.8666667,135.51149,1.9506464,1.9567786,1.9576508,89.25784,90.52711,90.70908,0.89773697,0.897713,-0.00087213516,0.006132245,0.00700438,-2.3961067e-05
7865,7866,4.1,6.7,4.4333334,135.10106,1.7230556,1.7197126,1.7192079,52.85129,52.44603,52.385113,0.92483747,0.92472756,0.00050473213,-0.003342986,-0.0038477182,-0.000109910965
7869,7870,1.1833333,15.766666,3.9666667,120.222404,0.8139079,0.82232857,0.8241077,6.5149026,6.642454,6.6697216,0.96923435,0.9691132,-0.001779139,0.008420646,0.010199785,-0.00012117624
7883,7884,1.05,12.05,2.9333334,130.10693,1.6421391,1.6373345,1.635781,43.867115,43.384487,43.229584,0.92342025,0.9236801,0.0015534163,-0.004804611,-0.0063580275,0.00025987625
7885,7886,4.75,19.9,2.8333333,125.76598,1.5769581,1.5796969,1.5799724,37.75357,37.992413,38.01652,0.9162075,0.915985,-0.00027549267,0.0027388334,0.003014326,-0.00022250414
7890,7891,4.4166665,9.833333,2.2,138.00313,2.3645167,2.368575,2.3701608,231.48174,233.65501,234.5097,0.8309901,0.8306477,-0.001585722,0.004058361,0.005644083,-0.00034236908
7891,7892,2.1666667,12.683333,1.8333334,124.44746,1.1028306,1.1069746,1.1086538,12.6715765,12.793065,12.842625,0.9587201,0.958615,-0.001679182,0.0041439533,0.0058231354,-0.00010508299
7903,7904,3.4833333,15.433333,1.7,131.07028,1.9578413,1.9515795,1.9536188,90.74888,89.449814,89.870834,0.8799127,0.88035667,-0.0020393133,-0.0062618256,-0.0042225122,0.000443995
7910,7911,2.15,7.8333335,4.116667,129.20657,1.188925,1.1857723,1.1853553,15.449877,15.338126,15.323406,0.9589665,0.95883614,0.0004169941,-0.003152728,-0.0035697222,-0.00013035536
7911,7912,4.4166665,5.75,4.016667,126.50965,0.6275816,0.62976706,0.62930894,4.2421064,4.2635074,4.2590127,0.97917193,0.9790123,0.0004581213,0.002185464,0.0017273426,-0.00015962124
7915,7916,2.1833334,10.416667,4.1833334,122.55086,0.7530035,0.7425754,0.74222636,5.662438,5.528094,5.5236526,0.9743673,0.97464186,0.0003490448,-0.010428071,-0.010777116,0.000274539
7917,7918,3.7,9.716666,1.1833333,132.22371,1.735673,1.7382535,1.7381757,54.40928,54.733532,54.72374,0.9180677,0.9180755,7.772446e-05,0.0025805235,0.002502799,7.8082085e-06
7934,7935,4.75,15.4,2.5,139.94547,2.8794343,2.881424,2.880933,757.5902,761.0689,760.2091,0.66822743,0.6687817,0.00049090385,0.001989603,0.0014986992,0.0005542636
7936,7937,1.4666667,15.066667,2.2333333,137.17932,2.5543015,2.552335,2.5518537,358.34512,356.72623,356.33105,0.76853675,0.7684707,0.0004813671,-0.0019664764,-0.0024478436,-6.604195e-05
7937,7938,2.9333334,19.366667,3.7333333,133.04195,2.301192,2.301114,2.3017015,200.07465,200.03873,200.3095,0.8089397,0.80938107,-0.0005874634,-7.7962875e-05,0.0005095005,0.0004413724
7941,7942,1.6666666,6.2833333,3.9166667,130.36456,1.0482688,1.0411531,1.0391463,11.175548,10.993933,10.94325,0.96558255,0.96569633,0.0020067692,-0.0071157217,-0.009122491,0.00011378527
7942,7943,4.1,14.7,1.4166666,128.98065,1.7039598,1.7072923,1.7086186,50.577785,50.96738,51.123272,0.91141385,0.91127706,-0.0013263226,0.0033324957,0.0046588182,-0.00013679266
7945,7946,3.0333333,15.683333,4.366667,136.80574,2.564318,2.5560498,2.5567183,366.70593,359.79062,360.34488,0.76255274,0.7636873,-0.0006685257,-0.008268118,-0.007599592,0.0011345744
7949,7950,1.8833333,14.983334,1.65,131.84193,1.9958856,1.9976282,1.9967097,99.0571,99.45536,99.24525,0.8755954,0.87550724,0.0009185076,0.0017426014,0.0008240938,-8.815527e-05
7954,7955,3.5833333,14.6,2.55,130.49834,1.8592298,1.8582916,1.8610748,72.31524,72.15919,72.62311,0.89439946,0.894694,-0.0027831793,-0.0009381771,0.0018450022,0.00029450655
7963,7964,2.15,12.166667,1.35,128.82674,1.5298637,1.5353624,1.5367738,33.873783,34.30539,34.41706,0.93202835,0.931823,-0.001411438,0.0054986477,0.0069100857,-0.000205338
7970,7971,1.5333333,13.433333,2.5833333,135.9121,2.3387203,2.3404055,2.340649,218.13248,218.98051,219.10329,0.82294977,0.82281226,-0.00024342537,0.0016851425,0.0019285679,-0.00013750792
7971,7972,2.7166667,7.45,4.5,123.52153,0.5450573,0.5398176,0.5384329,3.5079815,3.4659123,3.4548795,0.9809874,0.98093617,0.0013846755,-0.005239725,-0.0066244006,-5.1259995e-05
7975,7976,2.5333333,6.633333,1.5,131.31346,1.253992,1.2522889,1.249926,17.947004,17.876766,17.779764,0.9563552,0.9562751,0.0023629665,-0.0017030239,-0.0040659904,-8.010864e-05
7987,7988,4.8166666,16.0,2.3333333,133.92188,2.2810457,2.2859144,2.286408,191.00542,193.15877,193.3784,0.8232985,0.8230557,-0.00049352646,0.004868746,0.0053622723,-0.00024282932
7988,7989,2.05,16.666666,3.2,138.2273,2.735101,2.7335777,2.733828,543.37665,541.4741,541.7863,0.7096275,0.709879,-0.0002503395,-0.0015232563,-0.0012729168,0.000251472
7993,7994,4.05,8.8,1.4333333,134.77605,1.9452479,1.9318174,1.9318364,88.15519,85.47073,85.474464,0.89891434,0.8995752,-1.8954277e-05,-0.013430476,-0.013411522,0.0006608367
7994,7995,1.0666667,8.2,4.15,122.13111,0.42313296,0.42599142,0.42414096,2.649311,2.666806,2.6554675,0.98348314,0.9830309,0.001850456,0.00285846,0.001008004,-0.00045222044
7997,7998,4.2,8.216666,3.8666666,137.5467,2.1735814,2.1706545,2.1712468,149.1356,148.13393,148.33606,0.86975366,0.8696918,-0.00059223175,-0.0029268265,-0.0023345947,-6.186962e-05
8007,8008,4.1666665,7.8166666,3.8833334,138.82451,2.2643344,2.2622392,2.2630227,183.79532,182.91074,183.241,0.85665536,0.8568078,-0.00078344345,-0.0020952225,-0.001311779,0.00015246868
8013,8014,1.6,19.05,2.6166666,139.14497,2.9100044,2.9095786,2.9116259,812.8387,812.0421,815.8792,0.63980764,0.6404413,-0.0020473003,-0.00042581558,0.0016214848,0.000633657
8025,8026,1.3666667,6.75,2.4,133.6253,1.465206,1.4658949,1.4646075,29.188114,29.234451,29.147915,0.9436359,0.9437046,0.0012874603,0.0006889105,-0.00059854984,6.8724155e-05
8030,8031,2.95,9.333333,3.9,128.57468,1.3106288,1.3035955,1.3024927,20.44696,20.118496,20.067474,0.9512472,0.95129085,0.0011028051,-0.007033229,-0.008136034,4.36306e-05
8033,8034,3.9833333,8.766666,2.0833333,126.051994,0.9940606,1.0006287,0.997549,9.86417,10.014486,9.943722,0.96656716,0.9663549,0.0030797124,0.006568134,0.0034884214,-0.00021225214
8042,8043,4.233333,8.05,4.5666666,120.07832,0.2720542,0.28907263,0.28765014,1.8709157,1.9456855,1.939323,0.98594165,0.9856333,0.0014224946,0.017018437,0.015595943,-0.00030833483
8055,8056,4.6833334,11.916667,3.8333333,136.06117,2.3085904,2.3078592,2.3073127,203.51218,203.16982,202.91434,0.83327544,0.8334648,0.0005464554,-0.0007312298,-0.0012776852,0.00018936396
8062,8063,2.0,6.9166665,4.5833335,124.008514,0.48570096,0.4806615,0.47902444,3.059856,3.0245552,3.0131757,0.98228246,0.98220783,0.0016370714,-0.0050394535,-0.006676525,-7.4625015e-05
8063,8064,1.6333333,14.166667,4.133333,128.44633,1.5990697,1.6011579,1.5995419,39.72553,39.917,39.768745,0.9233101,0.923245,0.0016160011,0.0020881891,0.000472188,-6.508827e-05
8078,8079,1.8166667,10.716666,3.1166666,138.75931,2.4736786,2.4729476,2.4739728,297.6313,297.13074,297.83298,0.80634195,0.80720365,-0.0010251999,-0.00073099136,0.00029420853,0.00086170435
8092,8093,1.5833334,6.7833333,2.5166667,138.63062,2.0185063,2.0242183,2.023949,104.353325,105.734886,105.66932,0.8929381,0.89258546,0.000269413,0.0057120323,0.0054426193,-0.00035262108
8096,8097,1.2333333,12.666667,3.0666666,136.54681,2.3601668,2.3585582,2.3596268,229.17476,228.32748,228.88997,0.82226294,0.8226535,-0.0010685921,-0.0016086102,-0.0005400181,0.00039052963
8100,8101,4.733333,16.833334,1.5833334,134.54971,2.3801823,2.3816047,2.3834043,239.984,240.77127,241.77103,0.79994273,0.7998439,-0.0017995834,0.0014224052,0.0032219887,-9.88245e-05
8101,8102,2.4,7.9666667,1.8666667,131.11653,1.4239011,1.4133382,1.4134777,26.54001,25.90229,25.910612,0.9458976,0.9461447,-0.00013947487,-0.010562897,-0.010423422,0.00024712086
8110,8111,3.7166667,11.1,1.8333334,120.541756,0.6276363,0.6107958,0.6115198,4.242641,4.0812745,4.088084,0.9777107,0.9780066,-0.0007240176,-0.016840518,-0.0161165,0.00029587746
8126,8127,2.0,18.3,4.633333,131.83173,2.139522,2.1345992,2.133353,137.8866,136.33243,135.94179,0.8446462,0.8453824,0.0012462139,-0.004922867,-0.0061690807,0.00073617697
8129,8130,3.8166666,9.783334,4.8333335,121.31214,0.5802927,0.58862805,0.58812827,3.8044572,3.8781807,3.8737204,0.9791195,0.97891766,0.00049978495,0.008335352,0.007835567,-0.00020182133
8130,8131,2.5,10.95,1.8833333,133.4007,1.9411285,1.939231,1.938814,87.32297,86.94228,86.85884,0.8934217,0.89337724,0.0004169941,-0.0018974543,-0.0023144484,-4.4465065e-05
8137,8138,2.25,10.6,1.5,130.93,1.6458085,1.6452365,1.6444845,44.239323,44.1811,44.104664,0.9251049,0.92496586,0.0007519722,-0.0005719662,-0.0013239384,-0.00013905764
8154,8155,3.3666666,14.166667,1.2,128.33516,1.6094278,1.610451,1.610307,40.684387,40.780354,40.76683,0.92225033,0.92186296,0.00014400482,0.0010231733,0.0008791685,-0.0003873706
8163,8164,2.5333333,10.133333,1.9833333,126.18992,1.112377,1.1077505,1.109933,12.953199,12.815942,12.880508,0.96052045,0.96076626,-0.0021824837,-0.0046265125,-0.0024440289,0.00024580956
8164,8165,2.6666667,12.166667,3.5666666,134.7253,2.172472,2.1565425,2.1578684,148.75514,143.39781,143.83626,0.85793144,0.8591288,-0.0013258457,-0.01592946,-0.014603615,0.0011973381
8184,8185,2.9666667,12.516666,2.8166666,135.44281,2.257749,2.2584898,2.258666,181.02939,181.33842,181.412,0.8405973,0.8411292,-0.00017619133,0.0007407665,0.00091695786,0.00053191185
8189,8190,4.616667,5.0333333,4.8166666,128.50742,0.69471705,0.6947542,0.69266635,4.951275,4.9516983,4.9279504,0.9772974,0.97738874,0.0020878315,3.7133694e-05,-0.0020506978,9.1314316e-05
8190,8191,1.6166667,18.233334,2.35,137.45988,2.7056632,2.7074823,2.708503,507.7655,509.89685,511.09662,0.7105899,0.7104748,-0.0010206699,0.0018191338,0.0028398037,-0.00011509657
8192,8193,2.95,9.4,4.2166667,132.33456,1.712952,1.709031,1.7091706,51.635933,51.171833,51.188286,0.9212047,0.92142653,-0.00013959408,-0.003921032,-0.0037814379,0.00022184849
8193,8194,1.55,16.316668,2.7666667,131.87222,2.053129,2.054514,2.0541563,113.013145,113.37412,113.2808,0.8637146,0.8638771,0.00035762787,0.0013849735,0.0010273457,0.00016254187
8200,8201,4.133333,11.233334,3.4666667,130.29128,1.6486162,1.6538218,1.6547323,44.526257,45.06318,45.157757,0.92304397,0.92254335,-0.00091052055,0.0052056313,0.006116152,-0.0005006194
8208,8209,1.8,9.0,3.8,122.526474,0.5924737,0.59297544,0.5915759,3.9126742,3.9171972,3.9045944,0.9792205,0.97929907,0.0013995171,0.0005017519,-0.00089776516,7.855892e-05
8217,8218,2.7,6.7833333,4.0333333,124.47269,0.544294,0.5371953,0.53587,3.5018215,3.4450483,3.4345515,0.98109275,0.98116577,0.0013253093,-0.007098675,-0.008423984,7.301569e-05
8219,8220,1.6333333,18.683332,3.7166667,134.51302,2.4186862,2.4187152,2.4202676,262.23227,262.24985,263.1889,0.7855677,0.7860021,-0.0015523434,2.9087067e-05,0.0015814304,0.00043439865
8223,8224,2.6333334,8.666667,4.9666667,139.60338,2.3992488,2.3987234,2.3971932,250.75456,250.45134,249.57047,0.8297258,0.83032155,0.0015301704,-0.00052547455,-0.002055645,0.0005957484
8231,8232,4.65,18.3,1.2,131.26932,2.0938294,2.0938277,2.094979,124.11646,124.11599,124.44546,0.8513423,0.85122544,-0.0011513233,-1.66893e-06,0.0011496544,-0.00011688471
8238,8239,4.5333333,8.783334,2.5,139.62433,2.4530096,2.450113,2.4527936,283.7982,281.91168,283.65707,0.8187332,0.8195173,-0.00268054,-0.0028965473,-0.00021600723,0.0007840991
8239,8240,1.8833333,19.483334,2.7333333,138.25554,2.834061,2.8338275,2.8368297,682.4344,682.06775,686.799,0.66335064,0.66386485,-0.0030021667,-0.00023341179,0.002768755,0.00051420927
8241,8242,1.2,8.1,2.8166666,132.04002,1.4917583,1.4872224,1.4876168,31.028326,30.705942,30.733837,0.9409987,0.94138825,-0.00039434433,-0.0045359135,-0.004141569,0.00038957596
8247,8248,3.3166666,5.9166665,3.6166666,131.70207,1.186085,1.1909664,1.1893543,15.349174,15.522668,15.465156,0.9594138,0.9594557,0.0016120672,0.004881382,0.0032693148,4.1902065e-05
8252,8253,2.35,11.116667,2.1333334,130.44818,1.6324432,1.6377846,1.6370887,42.89861,43.429478,43.35994,0.92493284,0.92463124,0.00069594383,0.0053414106,0.004645467,-0.0003015995
8257,8258,4.866667,10.333333,1.0666667,122.91308,0.81435716,0.8167951,0.81456715,6.521645,6.5583577,6.5247993,0.97207665,0.9719377,0.002227962,0.0024379492,0.00020998716,-0.00013893843
8261,8262,2.8166666,5.366667,1.4333333,130.79018,0.9451088,0.9525351,0.95056087,8.8126955,8.964686,8.9240265,0.9692341,0.96920085,0.001974225,0.0074263215,0.0054520965,-3.325939e-05
8266,8267,3.1666667,16.95,3.3166666,128.15956,1.7159079,1.7119368,1.7128717,51.98858,51.51537,51.62638,0.90685815,0.9068596,-0.00093483925,-0.0039711,-0.0030362606,1.4305115e-06
8269,8270,2.7333333,5.516667,4.65,135.35709,1.4806337,1.4810449,1.4853321,30.243618,30.272263,30.572582,0.9429212,0.9431536,-0.004287243,0.00041115284,0.0046983957,0.00023239851
8278,8279,3.7333333,8.4,1.8333334,129.58543,1.3292266,1.3311384,1.3318896,21.341583,21.435736,21.472847,0.95059234,0.95058304,-0.00075125694,0.0019117594,0.0026630163,-9.298325e-06
8280,8281,2.4833333,14.616667,3.3333333,134.83322,2.307801,2.2986765,2.3019845,203.1426,198.9191,200.44006,0.8250341,0.82611763,-0.0033080578,-0.009124517,-0.0058164597,0.0010835528
8281,8282,2.7333333,6.866667,1.7333333,126.155106,0.7352708,0.73502076,0.7331808,5.4358916,5.432763,5.4097953,0.9761578,0.9762547,0.0018399358,-0.00025004148,-0.0020899773,9.691715e-05
8286,8287,1.1666666,13.9,4.116667,121.92045,0.8940648,0.896238,0.8972981,7.835465,7.8747725,7.8940177,0.96727675,0.96735114,-0.0010600686,0.002173245,0.0032333136,7.43866e-05
8288,8289,2.1666667,16.766666,1.4333333,139.07198,2.82363,2.8278546,2.8274276,666.2391,672.75146,672.09033,0.6807845,0.6799638,0.00042700768,0.004224539,0.0037975311,-0.00082069635
8289,8290,1.4833333,9.25,4.633333,133.70921,1.80468,1.806112,1.807177,63.779335,63.98999,64.14709,0.9127114,0.91283524,-0.0010648966,0.0014320612,0.0024969578,0.00012385845
8304,8305,3.25,7.7833333,3.9166667,124.241325,0.6777148,0.6776107,0.67765975,4.7611823,4.7600408,4.7605786,0.97753155,0.9776079,-4.9054623e-05,-0.000104129314,-5.507469e-05,7.635355e-05
8305,8306,2.95,17.916666,4.3333335,130.1176,1.9477209,1.9508779,1.9509524,88.65861,89.305435,89.32076,0.87516797,0.87515795,-7.4505806e-05,0.0031570196,0.0032315254,-1.001358e-05
8318,8319,2.6166666,15.033334,2.7833333,125.53319,1.3489814,1.3564718,1.3555721,22.334764,22.72332,22.676294,0.9417432,0.94128734,0.0008996725,0.0074903965,0.006590724,-0.00045585632
8327,8328,2.65,12.483334,4.116667,130.41066,1.7387542,1.7279112,1.7266327,54.79667,53.44551,53.288403,0.91336304,0.9135416,0.0012785196,-0.010842919,-0.012121439,0.00017857552
8341,8342,1.4833333,13.583333,1.55,127.765594,1.4917123,1.4978999,1.498785,31.025038,31.470228,31.534431,0.93319523,0.9329606,-0.000885129,0.006187558,0.007072687,-0.00023460388
8348,8349,3.3666666,13.066667,4.7166667,123.89269,1.0878799,1.0872183,1.0866137,12.242776,12.224139,12.207132,0.9592102,0.9591352,0.0006046295,-0.00066161156,-0.0012662411,-7.504225e-05
8353,8354,3.2166667,8.316667,4.75,124.956635,0.8280856,0.81712735,0.81471545,6.7310934,6.563377,6.5270276,0.9732079,0.973117,0.002411902,-0.010958254,-0.013370156,-9.089708e-05
8362,8363,1.65,12.5,4.55,133.51227,2.0368419,2.0382128,2.0383146,108.85337,109.197525,109.22312,0.87660325,0.876938,-0.00010180473,0.0013709068,0.0014727116,0.00033473969
8369,8370,4.766667,10.766666,1.5166667,124.997246,1.0661263,1.065522,1.0644908,11.644648,11.628453,11.600876,0.96185523,0.9618857,0.0010311604,-0.0006043911,-0.0016355515,3.0457973e-05
8376,8377,3.2833333,5.7166667,1.2,121.91804,0.085267805,0.074726224,0.07234267,1.2169361,1.1877532,1.1812522,0.9890103,0.98903733,0.0023835525,-0.010541581,-0.012925133,2.7060509e-05
8385,8386,4.8333335,8.25,2.3666666,136.39319,2.054705,2.0621843,2.063083,113.42399,115.394295,115.6333,0.88515675,0.8848765,-0.0008985996,0.0074794292,0.008378029,-0.00028026104
8398,8399,4.1666665,5.483333,3.35,132.7256,1.2482756,1.2475317,1.245589,17.712328,17.68201,17.603094,0.957048,0.9569439,0.0019426346,-0.0007439852,-0.0026866198,-0.00010406971
8406,8407,2.6,5.0833335,4.75,138.44698,1.7208333,1.7109091,1.7143757,52.58154,51.393612,51.805485,0.9253148,0.9260927,-0.0034666061,-0.009924173,-0.006457567,0.0007779002
8407,8408,2.1666667,10.033334,4.766667,123.77556,0.8395303,0.8367361,0.83499396,6.9108315,6.8665104,6.839021,0.97155607,0.97169334,0.0017421246,-0.0027942061,-0.0045363307,0.0001372695
8412,8413,4.95,14.533334,3.9166667,124.209984,1.2207006,1.2109935,1.2103225,16.622663,16.255245,16.230148,0.95079136,0.9510705,0.0006710291,-0.009707093,-0.010378122,0.00027912855
8417,8418,4.25,19.516666,1.1666666,123.60798,1.3401357,1.341089,1.3417085,21.884453,21.932545,21.963854,0.9373379,0.9370688,-0.0006195307,0.0009533167,0.0015728474,-0.00026905537
8420,8421,3.9,12.033334,1.4,134.00493,2.1022098,2.09291,2.0936086,126.534744,123.854004,124.05338,0.86876947,0.8695063,-0.00069856644,-0.009299755,-0.008601189,0.0007368326
8427,8428,4.2166667,11.033334,1.3,138.96599,2.558817,2.5512378,2.552901,362.0903,355.8261,357.19144,0.7859312,0.7865197,-0.001663208,-0.007579088,-0.00591588,0.00058847666
8428,8429,1.2666667,8.5,3.4166667,128.71953,1.1788036,1.1839755,1.1852571,15.093973,15.274797,15.319941,0.95936245,0.9584388,-0.0012816191,0.005171895,0.006453514,-0.0009236336
8435,8436,1.65,11.316667,3.3,120.949455,0.6325569,0.63699484,0.6374774,4.290984,4.3350573,4.3398767,0.97725946,0.9772775,-0.0004825592,0.0044379234,0.0049204826,1.8060207e-05
8438,8439,2.9,6.55,3.4833333,138.63728,2.0452745,2.0390763,2.040019,110.98761,109.41486,109.652626,0.89097893,0.89109635,-0.00094270706,-0.006198168,-0.0052554607,0.00011742115
8452,8453,4.6,13.7,2.2666667,121.18104,0.85264254,0.850959,0.851691,7.1226654,7.095108,7.1070766,0.9688221,0.9688931,-0.00073200464,-0.0016835332,-0.00095152855,7.098913e-05
8458,8459,4.55,6.0333333,1.15,134.35837,1.5345123,1.543851,1.5455372,34.238304,34.982513,35.118603,0.9395179,0.9391121,-0.0016862154,0.0093387365,0.011024952,-0.00040578842
8465,8466,4.5666666,13.466666,1.7666667,124.650024,1.1962148,1.1979737,1.1980581,15.711396,15.775158,15.778224,0.9533147,0.95273286,-8.440018e-05,0.0017589331,0.0018433332,-0.00058186054
8469,8470,2.3,7.75,4.3,133.471,1.6390839,1.6368458,1.6364268,43.559597,43.3357,43.29391,0.93005323,0.93036664,0.00041902065,-0.0022380352,-0.0026570559,0.00031340122
8481,8482,4.9333334,6.9666667,1.7666667,127.899414,1.005487,0.9965416,0.9974691,10.127143,9.920684,9.941894,0.9674858,0.9675357,-0.0009275079,-0.008945346,-0.008017838,4.9889088e-05
8485,8486,2.6333334,16.2,2.6666667,128.01495,1.6636426,1.6612148,1.6613792,46.093815,45.836857,45.85421,0.9135242,0.91373307,-0.00016438961,-0.0024278164,-0.0022634268,0.00020885468
8489,8490,3.1666667,18.633333,4.2166667,127.0008,1.6505344,1.6563504,1.6581595,44.72336,45.32631,45.51552,0.91072077,0.910443,-0.0018091202,0.005815983,0.007625103,-0.00027775764
8496,8497,2.0833333,7.4666667,1.8,127.78955,0.9838053,0.97899944,0.9776712,9.63397,9.527949,9.498854,0.9678552,0.9679727,0.0013282299,-0.004805863,-0.006134093,0.000117480755
8502,8503,1.8833333,8.716666,4.5666666,138.13968,2.239523,2.2347174,2.2335136,173.5893,171.67908,171.20389,0.85799927,0.8588983,0.0012037754,-0.004805565,-0.0060093403,0.00089901686
8509,8510,3.4166667,14.016666,2.4833333,137.36435,2.5520153,2.5453734,2.5453842,356.46368,351.05362,351.0623,0.7732162,0.77438104,-1.0728836e-05,-0.006641865,-0.006631136,0.0011648536
8522,8523,3.9333334,14.983334,1.4833333,134.80077,2.326514,2.326837,2.329851,212.08698,212.2448,213.72282,0.818464,0.8185346,-0.0030138493,0.00032305717,0.0033369064,7.0631504e-05
8537,8538,3.15,19.283333,3.15,134.50325,2.4518683,2.4517198,2.450465,283.05334,282.95657,282.1402,0.7749157,0.7751754,0.001254797,-0.00014853477,-0.0014033318,0.00025969744
8538,8539,1.0,17.833334,3.6166666,128.48235,1.757258,1.7581756,1.7596599,57.18183,57.30277,57.498947,0.9010279,0.9014684,-0.0014842749,0.0009175539,0.0024018288,0.00044047832
8548,8549,1.4333333,18.75,3.8333333,136.71858,2.6485333,2.6467824,2.648248,445.17764,443.38644,444.8852,0.7259582,0.7262073,-0.001465559,-0.001750946,-0.00028538704,0.0002490878
8563,8564,2.85,19.5,3.6333334,122.016304,1.168371,1.1675856,1.1675622,14.735706,14.709084,14.708292,0.94934624,0.9492276,2.336502e-05,-0.0007853508,-0.0008087158,-0.00011867285
8565,8566,1.3833333,16.95,4.3333335,134.62997,2.3631828,2.3663456,2.3665483,230.77182,232.45862,232.56711,0.8046807,0.8045447,-0.00020265579,0.0031628609,0.0033655167,-0.0001360178
8569,8570,1.5166667,9.033334,2.7,131.2366,1.5233965,1.5214115,1.5234872,33.373096,33.220913,33.380066,0.9376358,0.9376687,-0.0020756721,-0.0019849539,9.071827e-05,3.2901764e-05
8575,8576,3.95,8.533334,1.5166667,136.97067,2.140187,2.138516,2.1386635,138.09789,137.56752,137.61429,0.87356395,0.8734788,-0.0001475811,-0.0016710758,-0.0015234947,-8.517504e-05
8577,8578,2.5333333,18.866667,2.7,130.58472,2.0314677,2.028861,2.0289464,107.514656,106.871284,106.892296,0.8609323,0.8611106,-8.535385e-05,-0.0026066303,-0.0025212765,0.0001783371
8601,8602,3.6833334,18.233334,4.233333,129.2754,1.8767246,1.8792584,1.8808491,75.287796,75.72833,76.00622,0.88426596,0.8842922,-0.0015907288,0.0025337934,0.004124522,2.6226044e-05
8606,8607,2.1,8.616667,4.7166667,123.79058,0.69205403,0.69469655,0.6913812,4.9210076,4.951041,4.9133897,0.9766826,0.97668254,0.0033153296,0.0026425123,-0.00067281723,-5.9604645e-08
8616,8617,3.2333333,14.033334,1.7333333,131.55515,1.944025,1.9342058,1.9357458,87.90732,85.94206,86.24737,0.88529944,0.88599783,-0.0015400648,-0.009819269,-0.008279204,0.0006983876
8624,8625,1.4833333,12.833333,3.35,136.21338,2.336199,2.3375413,2.3388126,216.86978,217.5411,218.17882,0.82564324,0.82580554,-0.0012712479,0.0013422966,0.0026135445,0.00016230345
8630,8631,3.4666667,19.016666,2.5,133.71342,2.3633635,2.3660707,2.3644154,230.86787,232.31152,231.42773,0.79658467,0.7962758,0.0016553402,0.002707243,0.0010519028,-0.00030887127
8635,8636,4.883333,18.233334,4.266667,132.66382,2.2368147,2.2378926,2.2377892,172.5102,172.93887,172.89767,0.8251972,0.82502156,0.00010347366,0.0010778904,0.00097441673,-0.00017565489
8642,8643,3.0833333,8.133333,3.4666667,128.7077,1.1958437,1.1919471,1.1927178,15.697977,15.557761,15.585394,0.958218,0.9583318,-0.00077068806,-0.003896594,-0.003125906,0.00011384487
8651,8652,2.3666666,19.616667,3.6333334,120.73151,1.0337398,1.0378077,1.037194,10.807862,10.909572,10.894167,0.95683223,0.9566623,0.0006136894,0.004067898,0.0034542084,-0.00016993284
8653,8654,1.5333333,8.95,4.5833335,125.82396,0.9332298,0.9314703,0.9278739,8.574914,8.540243,8.469814,0.9689718,0.96893454,0.0035963655,-0.0017595291,-0.0053558946,-3.7252903e-05
8665,8666,2.45,14.916667,3.0666666,132.87929,2.1124444,2.110064,2.1101553,129.55208,128.84395,128.87105,0.8582764,0.85804784,-9.1314316e-05,-0.002380371,-0.0022890568,-0.00022858381
8667,8668,4.65,16.65,4.7166667,121.92755,1.0595949,1.0678959,1.0658677,11.470831,11.69219,11.637713,0.95737267,0.9571896,0.0020282269,0.00830102,0.006272793,-0.00018304586
8671,8672,3.6166666,7.0833335,4.35,129.81367,1.1925776,1.191151,1.1916721,15.580364,15.529269,15.547913,0.95912796,0.95913893,-0.0005210638,-0.0014265776,-0.00090551376,1.0967255e-05
8673,8674,1.1333333,12.366667,2.6333334,136.38524,2.3223267,2.3211036,2.322268,210.05193,209.4612,210.02356,0.8309435,0.83119565,-0.0011644363,-0.0012230873,-5.865097e-05,0.00025212765
8675,8676,2.0666666,15.8,3.8333333,130.78198,1.9238875,1.9261146,1.9249249,83.924255,84.35573,84.12496,0.883627,0.88340527,0.0011897087,0.002227068,0.0010373592,-0.00022172928
8684,8685,4.9666667,15.116667,4.6833334,121.385704,0.9458232,0.94967264,0.94724923,8.827205,8.905794,8.856237,0.96408945,0.9639452,0.0024234056,0.0038494468,0.0014260411,-0.00014424324
8687,8688,3.1833334,14.166667,1.5,136.07043,2.4118726,2.4150715,2.417906,258.1503,260.05875,261.76166,0.8036797,0.803299,-0.0028345585,0.003198862,0.0060334206,-0.00038069487
8691,8692,2.8166666,19.166666,3.1166666,126.20581,1.585907,1.5897813,1.5915521,38.539577,38.884926,39.043804,0.91669905,0.9164649,-0.001770854,0.003874302,0.005645156,-0.00023412704
8695,8696,4.5,19.85,1.6333333,136.43272,2.6726785,2.6739755,2.675804,470.62878,472.03638,474.0279,0.7110358,0.71117043,-0.0018284321,0.0012969971,0.0031254292,0.00013464689
8696,8697,3.2,14.9,2.3833334,135.0883,2.3477924,2.3501031,2.3518734,222.73701,223.9253,224.8399,0.8147697,0.81519496,-0.001770258,0.0023107529,0.004081011,0.00042527914
8698,8699,1.3833333,11.95,1.0,133.17311,1.9711393,1.9641987,1.9663978,93.57058,92.08708,92.55454,0.8881661,0.8886837,-0.0021990538,-0.0069406033,-0.0047415495,0.00051754713
8705,8706,2.6666667,12.966666,3.4,124.74025,1.1615193,1.160231,1.1597534,14.505052,14.462088,14.446194,0.9554746,0.95569545,0.0004775524,-0.0012882948,-0.0017658472,0.00022083521
8706,8707,2.0666666,16.816668,2.3166666,132.401,2.1373591,2.135841,2.1357079,137.20158,136.72278,136.68091,0.84874046,0.84853375,0.00013303757,-0.0015182495,-0.0016512871,-0.00020670891
8708,8709,3.4166667,15.35,4.5,133.48624,2.2107437,2.2013574,2.2023528,162.45895,158.98544,159.35025,0.8404257,0.8413955,-0.0009953976,-0.009386301,-0.0083909035,0.00096976757
8710,8711,1.9833333,5.5,1.2,120.448044,-0.21436884,-0.21379483,-0.21476038,0.6104234,0.6112307,0.6098733,0.99201643,0.99201864,0.00096555054,0.00057400763,-0.0003915429,2.2053719e-06
8714,8715,5.0,5.866667,3.2166667,139.50954,2.0968535,2.0832744,2.0828586,124.983734,121.136314,121.02039,0.88703007,0.8878929,0.000415802,-0.01357913,-0.013994932,0.00086283684
8716,8717,2.7333333,11.516666,3.2833333,131.83301,1.8122445,1.818129,1.8184459,64.89998,65.78532,65.83334,0.90651876,0.9065776,-0.0003169775,0.005884409,0.0062013865,5.8829784e-05
8721,8722,1.95,16.133333,2.2,127.03133,1.5608739,1.5517771,1.5530974,36.380936,35.626827,35.735294,0.92432374,0.9246555,-0.0013202429,-0.009096742,-0.007776499,0.00033175945
8724,8725,2.85,11.766666,3.1,124.5885,1.0750253,1.0682081,1.064232,11.8857155,11.700599,11.593965,0.96096414,0.9613879,0.0039761066,-0.0068172216,-0.010793328,0.00042372942
8726,8727,5.0,5.3333335,1.4833333,121.83947,0.035059247,0.05188179,0.0484928,1.0840747,1.1268907,1.1181313,0.98951066,0.98924774,0.0033889897,0.016822543,0.013433553,-0.0002629161
8753,8754,3.25,15.483334,4.5666666,130.4197,1.8968042,1.8877134,1.8868675,78.85046,77.21709,77.06683,0.8884741,0.88895404,0.0008459091,-0.009090781,-0.00993669,0.0004799366
8777,8778,5.0,19.0,1.75,136.90437,2.6951652,2.6983817,2.6997313,495.63864,499.3231,500.8773,0.7076114,0.7074265,-0.0013496876,0.003216505,0.0045661926,-0.00018489361
8778,8779,4.8166666,6.45,2.7333333,127.69814,0.8925459,0.8953255,0.8939056,7.8081093,7.8582435,7.8325934,0.97190255,0.97140336,0.0014199018,0.002779603,0.0013597012,-0.0004991889
8786,8787,1.8,9.8,3.4833333,138.30553,2.3502305,2.3514173,2.3517363,223.99095,224.60391,224.76895,0.83419925,0.8351202,-0.00031900406,0.0011868477,0.0015058517,0.00092095137
8793,8794,4.3166666,12.866667,2.1,135.5226,2.307398,2.3031871,2.3041472,202.95422,200.99586,201.4407,0.83069795,0.8309429,-0.0009601116,-0.004210949,-0.0032508373,0.0002449751
8794,8795,1.1666666,6.2,4.983333,126.39788,0.5454109,0.54970944,0.55133474,3.5108387,3.5457609,3.5590553,0.9806203,0.98048043,-0.0016252995,0.004298568,0.005923867,-0.0001398921
8797,8798,4.016667,7.0666666,3.4333334,138.65671,2.1457012,2.1508312,2.1513882,139.86246,141.52437,141.70598,0.87607706,0.87578064,-0.0005569458,0.0051300526,0.0056869984,-0.0002964139
8822,8823,1.9,11.383333,1.7166667,135.72632,2.2105865,2.2037168,2.2037807,162.40019,159.8515,159.87503,0.85445577,0.8549,-6.389618e-05,-0.006869793,-0.0068058968,0.00044423342
8823,8824,2.9166667,5.7,4.85,137.54607,1.7648292,1.7673428,1.7717601,58.187428,58.52519,59.123497,0.92109925,0.92116433,-0.0044173,0.002513647,0.0069309473,6.508827e-05
8833,8834,3.0,11.883333,2.5833333,139.1405,2.6120207,2.6103761,2.6104858,409.28018,407.73325,407.8362,0.7685243,0.7688112,-0.00010967255,-0.0016446114,-0.0015349388,0.00028693676
8835,8836,3.9833333,5.5833335,1.9666667,132.80318,1.265919,1.2707181,1.270279,18.44671,18.651686,18.63284,0.9560168,0.9557696,0.0004390478,0.0047991276,0.0043600798,-0.00024718046
8847,8848,3.9833333,16.816668,4.766667,134.79231,2.4009154,2.4001508,2.4006088,251.71864,251.27586,251.541,0.7957989,0.79617697,-0.0004580021,-0.0007646084,-0.0003066063,0.00037807226
8848,8849,2.7333333,7.6,3.1666667,122.035965,0.39868936,0.4010719,0.40230298,2.5043173,2.5180938,2.5252419,0.9839032,0.9840322,-0.0012310743,0.0023825467,0.003613621,0.00012898445
8850,8851,1.2,11.416667,4.3166666,131.54343,1.7553048,1.7473654,1.7483417,56.925232,55.894024,56.019817,0.91384625,0.9144096,-0.0009763241,-0.007939458,-0.006963134,0.0005633235
8853,8854,1.45,9.85,3.2666667,137.30476,2.2357235,2.2412977,2.2421012,172.07727,174.30014,174.6229,0.8543158,0.85443264,-0.0008034706,0.0055742264,0.006377697,0.000116825104
8856,8857,2.9666667,14.7,2.4833333,128.25821,1.6298908,1.6212713,1.6193999,42.64723,41.809143,41.62938,0.91969615,0.9203448,0.0018713474,-0.008619547,-0.010490894,0.00064867735
8858,8859,4.6666665,7.45,4.05,131.09932,1.398035,1.4008079,1.4008547,25.005472,25.165632,25.168348,0.94743013,0.94748056,-4.684925e-05,0.002772808,0.0028196573,5.042553e-05
8859,8860,4.8166666,14.8,2.2833333,131.13806,1.9392601,1.941896,1.9423046,86.948105,87.47742,87.55977,0.88296926,0.88313353,-0.00040864944,0.0026358366,0.003044486,0.0001642704
8876,8877,1.1666666,6.6666665,1.3833333,138.49496,1.9760904,1.9658289,1.9657313,94.643425,92.43339,92.41261,0.8992637,0.8988817,9.763241e-05,-0.010261536,-0.010359168,-0.00038200617
8888,8889,3.4333334,9.933333,2.8166666,128.1816,1.317378,1.3177676,1.3156761,20.767206,20.785843,20.68598,0.9495162,0.94928914,0.002091527,0.00038957596,-0.001701951,-0.00022703409
8892,8893,2.1166666,8.283334,4.733333,139.61711,2.352964,2.3479717,2.3461154,225.4052,222.82898,221.87857,0.8404901,0.8413653,0.001856327,-0.0049922466,-0.0068485737,0.000875175
8894,8895,3.9833333,9.4,2.55,139.43878,2.4863963,2.4779444,2.480861,306.4759,300.56912,302.59442,0.8101993,0.81117743,-0.0029165745,-0.008451939,-0.005535364,0.0009781122
8900,8901,3.6,10.85,2.9,130.33438,1.617997,1.6295664,1.6330353,41.49512,42.615387,42.957134,0.92634183,0.9254616,-0.0034688711,0.011569381,0.015038252,-0.0008802414
8904,8905,2.9,5.15,2.6666667,134.008,1.2607584,1.2557814,1.2573823,18.228813,18.021105,18.087656,0.9558281,0.9559938,-0.0016008615,-0.004976988,-0.0033761263,0.00016570091
8908,8909,3.2,12.633333,2.65,137.516,2.4886,2.4865189,2.4864159,308.03494,306.56238,306.4897,0.79395735,0.79451436,0.000102996826,-0.0020811558,-0.0021841526,0.0005570054
8910,8911,3.95,19.466667,1.1833333,124.50805,1.4282349,1.430565,1.4302741,26.806181,26.950388,26.932343,0.9303779,0.9300892,0.00029087067,0.0023300648,0.002039194,-0.0002887249
8915,8916,1.6333333,8.55,2.5833333,126.73311,0.9964598,0.9901757,0.99254394,9.918815,9.776327,9.8297825,0.9670243,0.9668716,-0.0023682117,-0.006284058,-0.0039158463,-0.0001527071
8936,8937,3.3166666,5.7166667,1.5333333,122.895645,0.17833659,0.18359673,0.18183541,1.5077752,1.5261483,1.5199715,0.9875723,0.9875925,0.0017613173,0.0052601397,0.0034988225,2.0205975e-05
8937,8938,1.3,5.8166666,3.7,139.70058,1.9406945,1.9370614,1.9403099,87.23574,86.50903,87.15853,0.90280014,0.90306455,-0.0032484531,-0.0036330223,-0.00038456917,0.0002644062
8940,8941,3.0,18.233334,3.5,131.18852,2.0743873,2.0730228,2.0741158,118.68267,118.31038,118.60848,0.85524726,0.8552418,-0.0010929108,-0.0013644695,-0.00027155876,-5.4836273e-06
8947,8948,2.45,12.533334,1.6833333,122.38963,0.89699036,0.88452744,0.8860661,7.888426,7.66527,7.692475,0.96826833,0.9684668,-0.0015386343,-0.012462914,-0.01092428,0.00019848347
8960,8961,3.4666667,8.066667,4.3333335,124.25805,0.7171517,0.7203147,0.7190121,5.213768,5.2518787,5.2361503,0.9763265,0.9761997,0.0013025999,0.00316298,0.0018603802,-0.00012683868
8974,8975,3.4666667,10.433333,3.9833333,132.66489,1.8341069,1.8396614,1.8374108,68.25066,69.12917,68.771866,0.90641826,0.9062552,0.0022505522,0.0055544376,0.0033038855,-0.00016307831
8976,8977,3.5833333,10.116667,3.3166666,121.67911,0.64790446,0.65025663,0.6504397,4.4453344,4.469476,4.4713607,0.97725683,0.9774139,-0.00018304586,0.002352178,0.002535224,0.00015705824
8999,9000,2.75,7.516667,2.05,133.80577,1.6574123,1.6562243,1.6565006,45.437275,45.31315,45.341988,0.9291002,0.92911154,-0.00027632713,-0.0011880398,-0.00091171265,1.13248825e-05
9026,9027,2.9833333,18.633333,2.5833333,128.7423,1.8341138,1.8333967,1.8340958,68.251755,68.13914,68.248924,0.88946104,0.8895816,-0.0006991625,-0.0007171631,-1.8000603e-05,0.0001205802
9029,9030,1.55,6.2166667,1.3666667,129.86966,0.9705141,0.967862,0.9669552,9.343597,9.286713,9.267342,0.9684974,0.96847713,0.00090682507,-0.0026521087,-0.0035589337,-2.026558e-05
9051,9052,3.7333333,16.516666,1.3,130.25371,1.9143654,1.9157006,1.9168656,82.1042,82.357,82.57823,0.8828343,0.8827734,-0.0011650324,0.001335144,0.0025001764,-6.0915947e-05
9053,9054,2.3,9.35,2.5333333,129.88309,1.4373595,1.4322332,1.4351693,27.375336,27.054108,27.237633,0.94336605,0.9430697,-0.0029361248,-0.005126238,-0.002190113,-0.0002963543
9073,9074,1.5833334,12.1,2.6166666,129.69922,1.6098512,1.6145288,1.6135284,40.724075,41.165062,41.070347,0.925773,0.92524797,0.0010004044,0.004677534,0.0036771297,-0.0005250573
9076,9077,4.7,7.116667,2.8,135.01646,1.7829417,1.7808912,1.7810214,60.66549,60.379734,60.397835,0.91875905,0.9188329,-0.00013017654,-0.002050519,-0.0019203424,7.3850155e-05
9078,9079,1.5333333,12.016666,2.2166667,132.63705,1.910949,1.9125715,1.9101572,81.46085,81.76577,81.31248,0.89563566,0.89448756,0.0024143457,0.0016225576,-0.0007917881,-0.0011481047
9081,9082,4.616667,17.25,3.2,138.7937,2.8323672,2.8334212,2.8348057,679.77814,681.43,683.6058,0.67370236,0.6739119,-0.0013844967,0.0010540485,0.0024385452,0.00020956993
9087,9088,3.55,9.25,1.2166667,123.673355,0.77778405,0.78161037,0.7809177,5.9949293,6.0479803,6.038342,0.9738366,0.9738312,0.0006926656,0.0038263202,0.0031336546,-5.4240227e-06
9089,9090,1.65,7.6833334,2.8166666,126.40921,0.853701,0.8442035,0.84599864,7.1400456,6.985596,7.014531,0.9725318,0.9724931,-0.0017951727,-0.009497523,-0.0077023506,-3.8683414e-05
9100,9101,1.7666667,5.4666667,4.483333,124.96292,0.25647786,0.2634418,0.26369578,1.8050027,1.8341794,1.8352523,0.98604375,0.9860225,-0.0002539754,0.0069639385,0.007217914,-2.1278858e-05
9103,9104,3.55,16.85,2.8666666,133.03615,2.2124531,2.2228317,2.2247074,163.09969,167.04433,167.76732,0.8339612,0.83305997,-0.001875639,0.010378599,0.012254238,-0.0009012222
9105,9106,4.266667,18.5,1.3,137.2484,2.7124193,2.7151084,2.7161262,515.7263,518.92957,520.14716,0.70527023,0.7050515,-0.0010178089,0.0026891232,0.003706932,-0.00021874905
9106,9107,4.9666667,11.2,3.5,128.23012,1.4360404,1.4370877,1.4387033,27.292316,27.35821,27.460175,0.93995565,0.9400527,-0.0016156435,0.0010472536,0.002662897,9.703636e-05
9120,9121,2.9833333,10.75,1.0,128.72334,1.434703,1.4385523,1.4399575,27.208399,27.450626,27.539593,0.9410919,0.9408402,-0.0014052391,0.003849268,0.005254507,-0.00025171041
9123,9124,2.4166667,14.15,3.2,128.7964,1.6450508,1.6444824,1.6456875,44.16221,44.104446,44.226997,0.918749,0.9189611,-0.0012050867,-0.0005683899,0.0006366968,0.00021213293
9129,9130,4.1666665,6.5833335,2.9,139.96735,2.2225623,2.2276485,2.227277,166.94073,168.90733,168.76292,0.8662144,0.86614424,0.00037145615,0.0050861835,0.0047147274,-7.015467e-05
9135,9136,4.5666666,11.05,2.7,128.18546,1.4222848,1.4195663,1.4202319,26.441423,26.276424,26.31673,0.94142014,0.94126093,-0.0006656647,-0.0027185678,-0.0020529032,-0.000159204
9138,9139,2.3,15.683333,3.85,125.137405,1.3386397,1.340747,1.3408259,21.8092,21.91528,21.919262,0.9420244,0.9417036,-7.891655e-05,0.0021072626,0.0021861792,-0.0003207922
9140,9141,3.9833333,19.983334,1.3833333,129.07375,1.9173859,1.9202249,1.9205632,82.67723,83.21947,83.28432,0.87518567,0.8745712,-0.00033831596,0.0028389692,0.0031772852,-0.0006144643
9143,9144,4.0333333,15.716666,3.9,129.8346,1.8480077,1.8411181,1.8418957,70.47055,69.361435,69.48574,0.89371157,0.8940959,-0.0007776022,-0.0068895817,-0.0061119795,0.00038433075
9148,9149,1.9833333,5.35,1.1666666,131.20815,0.93985736,0.94250953,0.94486153,8.706776,8.76011,8.80768,0.9692583,0.96931994,-0.0023519993,0.0026521683,0.0050041676,6.16312e-05
9149,9150,3.25,7.9333334,4.516667,133.89291,1.7324321,1.7293184,1.7309427,54.004772,53.618958,53.81988,0.9217549,0.92215914,-0.0016243458,-0.0031137466,-0.0014894009,0.0004042387
9150,9151,1.05,14.25,4.85,123.64917,1.0940578,1.090028,1.0923407,12.418176,12.303483,12.369174,0.9581278,0.95843256,-0.0023126602,-0.004029751,-0.0017170906,0.00030475855
9151,9152,2.4666667,12.45,2.25,121.73315,0.81003743,0.81181437,0.81263405,6.457099,6.4835725,6.495821,0.97117287,0.97119945,-0.0008196831,0.0017769337,0.0025966167,2.6583672e-05
9156,9157,2.4166667,5.65,1.7333333,135.792,1.5438569,1.5440229,1.5456216,34.982986,34.996365,35.12543,0.93862015,0.93861073,-0.0015987158,0.00016605854,0.0017647743,-9.417534e-06
9166,9167,2.2166667,15.983334,3.0,134.07973,2.276852,2.2790942,2.2819095,189.16985,190.14908,191.3857,0.8252516,0.8252541,-0.0028152466,0.0022423267,0.0050575733,2.503395e-06
9171,9172,4.35,7.383333,2.4,123.88651,0.6177402,0.6139143,0.614338,4.147059,4.1106863,4.114698,0.9793401,0.979302,-0.00042366982,-0.003825903,-0.0034022331,-3.8087368e-05
9180,9181,1.3666667,5.6666665,4.6833334,125.82781,0.36670926,0.37866354,0.38018507,2.326533,2.3914623,2.3998554,0.9840435,0.9839737,-0.0015215278,0.011954278,0.0134758055,-6.979704e-05
9181,9182,4.5666666,14.083333,3.2833333,127.04133,1.478602,1.4815693,1.4829099,30.102465,30.308838,30.402544,0.9330345,0.93279845,-0.0013406277,0.0029672384,0.004307866,-0.0002360344
9191,9192,3.4833333,5.05,2.6166666,139.4835,1.8770323,1.8670325,1.8648463,75.341156,73.62622,73.25653,0.9118028,0.9119108,0.0021861792,-0.009999752,-0.012185931,0.00010794401
9201,9202,1.6333333,17.883333,3.2666667,125.97756,1.5074213,1.5089998,1.5099,32.167793,32.284927,32.351913,0.9260936,0.9260965,-0.00090014935,0.0015785694,0.0024787188,2.9206276e-06
9204,9205,4.9666667,14.0,3.45,120.15511,0.76643527,0.76689625,0.7669446,5.8403015,5.8465037,5.8471546,0.97177666,0.9717942,-4.8339367e-05,0.00046098232,0.0005093217,1.7523766e-05
9208,9209,3.4,10.9,1.3333334,136.8502,2.3109598,2.3139603,2.3146286,204.62553,206.04416,206.36147,0.8371856,0.8369006,-0.0006682873,0.0030004978,0.003668785,-0.0002850294
9211,9212,3.65,8.5,2.6666667,121.54906,0.48158148,0.48038852,0.47975257,3.030969,3.0226548,3.0182319,0.98198617,0.9821578,0.00063595176,-0.0011929572,-0.0018289089,0.00017166138
9220,9221,4.8,17.883333,3.35,122.11452,1.1310352,1.1341372,1.1339003,13.521822,13.618748,13.611321,0.9525682,0.95254135,0.00023686886,0.003101945,0.002865076,-2.682209e-05
9228,9229,3.8,17.216667,2.7166667,124.12902,1.3206478,1.311459,1.3108035,20.92415,20.486084,20.45519,0.9417182,0.9418972,0.0006554127,-0.00918889,-0.009844303,0.00017899275
9243,9244,2.7166667,8.1,3.8833334,124.81656,0.7649281,0.76406497,0.7627757,5.8200684,5.808513,5.7912955,0.97500175,0.9750989,0.0012892485,-0.00086313486,-0.0021523833,9.715557e-05
9263,9264,3.2666667,14.85,3.8666666,124.30482,1.2227961,1.2243404,1.2242352,16.703062,16.762564,16.758501,0.9502242,0.9499961,0.0001052618,0.0015443563,0.0014390945,-0.00022810698
9264,9265,3.3333333,12.766666,2.1333334,136.1335,2.347064,2.352354,2.3543372,222.36377,225.08888,226.11908,0.8225131,0.8222591,-0.0019831657,0.0052900314,0.007273197,-0.0002539754
9266,9267,3.1166666,18.583334,2.8333333,136.07755,2.5929673,2.5908191,2.5893674,391.71237,389.77963,388.47888,0.7406763,0.7418745,0.0014517307,-0.0021481514,-0.0035998821,0.0011982322
9271,9272,1.0666667,6.633333,3.45,130.63864,1.0950395,1.1014078,1.1009107,12.446278,12.630128,12.61568,0.9631978,0.9630476,0.00049710274,0.0063682795,0.0058711767,-0.0001502037
9289,9290,3.5166667,17.4,1.15,135.25534,2.4648387,2.4664533,2.4687626,291.63437,292.7206,294.28128,0.77836007,0.7783353,-0.0023093224,0.0016145706,0.003923893,-2.4795532e-05
9315,9316,3.35,6.3166666,3.6333334,121.217834,0.13900165,0.12608218,0.12723151,1.3772147,1.3368485,1.340391,0.9884183,0.98844916,-0.0011493266,-0.012919471,-0.011770144,3.0875206e-05
9325,9326,2.1833334,14.266666,3.7,120.628,0.79331887,0.8000411,0.8013309,6.2132506,6.31017,6.328939,0.9706647,0.97061443,-0.0012898445,0.006722212,0.008012056,-5.0246716e-05
9335,9336,2.2333333,18.116667,4.616667,122.5287,1.1666888,1.1676073,1.1673124,14.6787405,14.709819,14.699833,0.95065373,0.9506234,0.00029492378,0.0009185076,0.0006235838,-3.0338764e-05
9356,9357,5.0,16.25,4.7166667,124.98974,1.3675454,1.368247,1.368429,23.310165,23.347857,23.35764,0.9388278,0.9388337,-0.00018191338,0.0007016659,0.00088357925,5.90086e-06
9375,9376,2.0,19.133333,4.233333,128.97838,1.864381,1.8697538,1.8692485,73.17807,74.08901,74.00286,0.8845629,0.8845747,0.0005053282,0.005372882,0.0048675537,1.180172e-05
9376,9377,4.9,14.133333,1.95,122.90603,1.0498773,1.0540998,1.0543354,11.217014,11.326606,11.332751,0.9600812,0.9597851,-0.00023555756,0.0042225122,0.00445807,-0.00029611588
9381,9382,2.4,6.116667,1.7833333,132.57483,1.2811975,1.2900302,1.2888969,19.107222,19.499804,19.448984,0.95463735,0.9543949,0.0011333227,0.008832693,0.0076993704,-0.0002424717
9393,9394,3.05,9.7,4.75,124.34565,0.88392395,0.88558066,0.8846154,7.6546254,7.6838813,7.666823,0.9700639,0.9700617,0.0009652376,0.0016567111,0.0006914735,-2.2053719e-06
9394,9395,3.3666666,12.8,3.3,126.63783,1.354315,1.3538069,1.351893,22.610754,22.584312,22.485003,0.94383365,0.94417375,0.0019139051,-0.0005081892,-0.0024220943,0.0003401041
9398,9399,3.5333333,14.083333,3.3666666,130.17896,1.7976927,1.8011078,1.8048127,62.761406,63.256878,63.798824,0.9026775,0.9025989,-0.0037049055,0.0034151077,0.0071200132,-7.855892e-05
9399,9400,4.483333,7.9666667,1.0,127.735634,1.0970715,1.1025717,1.1025829,12.504649,12.664024,12.6643505,0.96284217,0.96254283,-1.1205673e-05,0.0055001974,0.005511403,-0.00029933453
9428,9429,1.5,16.316668,4.05,121.756996,1.0137254,1.0066172,1.0070913,10.321086,10.153533,10.164623,0.9606958,0.96081823,-0.00047409534,-0.0071082115,-0.006634116,0.00012242794
9431,9432,1.95,15.45,2.8,136.49712,2.5022118,2.5036287,2.5051553,317.84238,318.88104,320.00394,0.77840406,0.7782974,-0.0015265942,0.0014169216,0.0029435158,-0.00010663271
9433,9434,1.6666666,14.183333,3.75,139.17572,2.7215164,2.7209573,2.7217352,526.64307,525.9655,526.90857,0.7273807,0.7280501,-0.0007779598,-0.00055909157,0.00021886826,0.00066941977
9443,9444,1.6833333,17.85,1.5,123.993355,1.3042512,1.3016096,1.301831,20.148893,20.02671,20.03692,0.94221616,0.94239074,-0.00022137165,-0.0026415586,-0.002420187,0.000174582
9448,9449,2.8,12.933333,2.1333334,132.98106,2.0292232,2.0234194,2.0248272,106.96044,105.54056,105.88325,0.87670404,0.87659377,-0.0014078617,-0.0058038235,-0.0043959618,-0.00011026859
9450,9451,3.95,16.733334,1.7333333,126.55862,1.5399905,1.5437654,1.5437062,34.672928,34.97562,34.970848,0.92414075,0.92402005,5.9247017e-05,0.0037748814,0.0037156343,-0.000120699406
9461,9462,4.2,12.833333,2.55,128.10292,1.521023,1.523607,1.5248038,33.191208,33.38928,33.48141,0.93149257,0.9308684,-0.001196742,0.0025839806,0.0037807226,-0.00062417984
9470,9471,2.6333334,17.833334,4.6,122.442406,1.149352,1.151247,1.1510627,14.104314,14.165993,14.159983,0.95180005,0.95174813,0.00018429756,0.0018950701,0.0017107725,-5.1915646e-05
9476,9477,4.633333,16.6,3.8333333,120.17238,0.8821884,0.88577294,0.8849587,7.6240964,7.6872845,7.672885,0.965826,0.9657857,0.00081425905,0.0035845637,0.0027703047,-4.029274e-05
9493,9494,2.95,11.516666,3.7166667,122.32516,0.81560117,0.81613773,0.81659555,6.540353,6.548438,6.555345,0.9714399,0.97166383,-0.00045782328,0.000536561,0.0009943843,0.00022393465
9520,9521,4.6,9.0,1.25,139.73668,2.4817383,2.4788818,2.4802911,303.20636,301.21863,302.19766,0.8117234,0.81231177,-0.0014092922,-0.002856493,-0.0014472008,0.00058835745
9521,9522,1.7333333,15.016666,2.6333334,129.58478,1.7624831,1.7625003,1.7628558,57.87395,57.876236,57.92363,0.9054512,0.9053447,-0.0003554821,1.7166138e-05,0.00037264824,-0.000106453896
9529,9530,2.1666667,7.266667,1.6166667,123.38031,0.4787924,0.47496164,0.4740698,3.0115662,2.985119,2.9789953,0.98236316,0.9824075,0.0008918345,-0.0038307607,-0.004722595,4.4345856e-05
9531,9532,1.0833334,11.166667,3.3666666,139.1418,2.527625,2.5298338,2.5324125,336.99628,338.7145,340.7317,0.7931466,0.79303056,-0.0025787354,0.0022087097,0.004787445,-0.00011605024
9533,9534,1.4166666,15.666667,4.5666666,128.3789,1.6606462,1.6619203,1.6614457,45.776882,45.911377,45.861233,0.9149436,0.9151858,0.00047457218,0.0012741089,0.0007995367,0.00024223328
9539,9540,2.4166667,19.516666,1.6333333,122.61555,1.2255746,1.2259045,1.2256744,16.810266,16.823038,16.814129,0.9456301,0.94576925,0.00023007393,0.0003298521,9.9778175e-05,0.00013917685
9543,9544,4.1666665,9.5,3.3666666,138.38522,2.3808494,2.3771193,2.3790421,240.3529,238.2974,239.35481,0.83009887,0.83048147,-0.0019228458,-0.0037300587,-0.0018072128,0.00038260221
9568,9569,1.8166667,7.5333333,1.15,125.699486,0.75734764,0.75492674,0.7551482,5.7193627,5.6875696,5.69047,0.9754499,0.97532237,-0.00022143126,-0.0024209023,-0.002199471,-0.00012755394
9574,9575,2.1333334,5.35,1.4,126.365,0.40891176,0.41349256,0.4104953,2.563963,2.59115,2.573329,0.98336834,0.98346126,0.0029972494,0.0045807958,0.0015835464,9.292364e-05
9576,9577,3.3,11.65,2.25,125.52482,1.164041,1.1676884,1.1670833,14.589521,14.712564,14.69208,0.9563647,0.9562222,0.00060510635,0.0036473274,0.003042221,-0.0001425147
9582,9583,1.0666667,10.383333,2.0166667,127.142746,1.1946361,1.192298,1.1929613,15.654388,15.570338,15.594136,0.95622677,0.9562814,-0.0006632805,-0.0023380518,-0.0016747713,5.465746e-05
9603,9604,4.3,13.916667,2.3,123.347206,1.082879,1.0854521,1.0856702,12.102608,12.174527,12.180644,0.9584913,0.95836467,-0.000218153,0.0025731325,0.0027912855,-0.00012665987
9619,9620,4.8,18.15,4.45,128.69986,1.8248767,1.8235469,1.8250445,66.815414,66.611145,66.84124,0.8913775,0.89145136,-0.0014976263,-0.0013297796,0.00016784668,7.3850155e-05
9637,9638,2.5,15.883333,1.2666667,130.427,1.9030392,1.8985132,1.8982626,79.99065,79.16135,79.115685,0.8868135,0.88695467,0.00025057793,-0.004526019,-0.004776597,0.0001411438
9643,9644,2.4666667,12.95,4.9666667,133.75406,2.1015954,2.1031368,2.1044745,126.355865,126.805115,127.19632,0.86559886,0.86575896,-0.0013377666,0.0015413761,0.0028791428,0.00016009808
9669,9670,1.9,12.333333,4.15,124.91962,1.1247399,1.1294786,1.1298544,13.3272295,13.473443,13.485108,0.9579485,0.95794344,-0.0003758669,0.0047386885,0.0051145554,-5.066395e-06
9671,9672,1.1333333,15.4,2.2333333,134.88664,2.3259726,2.3246202,2.324024,211.82272,211.16418,210.87445,0.81897736,0.81893426,0.00059628487,-0.0013523102,-0.001948595,-4.3094158e-05
9683,9684,2.6333334,13.666667,2.0666666,138.35612,2.6214821,2.6231787,2.6240628,418.29446,419.93176,420.78745,0.75658613,0.7563835,-0.0008840561,0.0016965866,0.0025806427,-0.00020265579
9692,9693,1.8666667,7.866667,3.4833333,125.47185,0.7846936,0.7778979,0.77803284,6.09107,5.996501,5.9983644,0.9746431,0.9746096,-0.00013494492,-0.0067957044,-0.0066607594,-3.349781e-05
9700,9701,4.383333,12.716666,4.633333,135.74115,2.3221586,2.318233,2.317792,209.97064,208.08128,207.87006,0.8283851,0.8287357,0.00044107437,-0.003925562,-0.0043666363,0.00035059452
9701,9702,3.6833334,15.95,2.35,128.20927,1.6831992,1.6802207,1.679827,48.21689,47.887344,47.843945,0.9115035,0.9120602,0.00039374828,-0.002978444,-0.0033721924,0.0005567074
9706,9707,4.65,13.666667,1.45,124.28475,1.172034,1.1715556,1.1705563,14.86052,14.84416,14.810042,0.95403314,0.95403093,0.0009993315,-0.00047838688,-0.0014777184,-2.2053719e-06
9710,9711,2.8333333,13.15,3.3166666,139.72266,2.7463253,2.7377348,2.7363796,557.60315,546.682,544.9788,0.726453,0.727567,0.0013551712,-0.00859046,-0.009945631,0.0011140108
9714,9715,4.116667,14.45,2.2166667,120.095505,0.7687514,0.7738062,0.7752929,5.871531,5.9402704,5.96064,0.9713111,0.971338,-0.001486659,0.0050548315,0.0065414906,2.6881695e-05
9728,9729,4.383333,5.5666666,1.5,126.45826,0.5863644,0.58482516,0.58475435,3.858019,3.84437,3.843743,0.9801752,0.98010606,7.081032e-05,-0.0015392303,-0.0016100407,-6.914139e-05
9737,9738,3.0833333,19.066668,2.2,137.45497,2.7473729,2.747674,2.7503455,558.9499,559.3376,562.7888,0.6927628,0.6929563,-0.0026714802,0.00030112267,0.0029726028,0.00019353628
9741,9742,1.9166666,12.983334,3.4833333,129.28072,1.6293714,1.6285598,1.6296419,42.596256,42.516727,42.62279,0.92261815,0.9223157,-0.0010820627,-0.00081157684,0.00027048588,-0.00030243397
9744,9745,3.3833334,14.183333,3.1666667,135.41228,2.3475916,2.349246,2.3506598,222.63408,223.4838,224.21252,0.81719255,0.81776947,-0.0014138222,0.0016543865,0.0030682087,0.00057691336
9746,9747,4.2833333,8.616667,3.9,122.21829,0.57879883,0.57674396,0.575583,3.7913933,3.7734966,3.7634225,0.97972715,0.97968125,0.0011609793,-0.0020548701,-0.0032158494,-4.5895576e-05
9763,9764,1.2333333,13.483334,3.7,131.77615,1.9041891,1.9039041,1.9025258,80.20272,80.1501,79.89613,0.8919798,0.8923636,0.0013782978,-0.0002850294,-0.0016633272,0.0003837943
9765,9766,2.5333333,12.716666,3.6166666,139.61966,2.705111,2.700294,2.7000456,507.12033,501.52664,501.23984,0.74023086,0.7407641,0.00024843216,-0.004817009,-0.005065441,0.00053322315
9771,9772,1.4166666,5.983333,4.85,124.58796,0.32677397,0.32135975,0.32293478,2.1221397,2.0958478,2.1034625,0.9853188,0.98505867,-0.0015750229,-0.0054142177,-0.0038391948,-0.00026011467
9776,9777,3.2,12.65,4.9166665,132.54985,1.9723015,1.968848,1.9697999,93.821304,93.0782,93.28243,0.8850317,0.88535327,-0.0009518862,-0.0034534931,-0.002501607,0.00032156706
9782,9783,1.15,17.916666,2.7666667,133.00667,2.2301579,2.232274,2.2329369,169.88611,170.71594,170.97668,0.82880795,0.829028,-0.00066280365,0.0021162033,0.002779007,0.00022006035
9784,9785,1.5666667,7.0666666,1.9,129.49126,1.0816054,1.0817494,1.0793277,12.06717,12.071173,12.004047,0.96396554,0.96394986,0.0024217367,0.00014400482,-0.002277732,-1.5676022e-05
9788,9789,2.5166667,14.666667,4.55,139.15697,2.7594945,2.7513237,2.7519636,574.7706,564.0579,564.88965,0.71426284,0.71592784,-0.00063991547,-0.008170843,-0.0075309277,0.0016649961
9794,9795,3.75,12.416667,4.3333335,139.45787,2.679152,2.6792283,2.680454,477.69644,477.78036,479.1307,0.7469835,0.74738497,-0.0012257099,7.6293945e-05,0.0013020039,0.00040143728
9801,9802,2.6333334,6.45,4.733333,129.65163,1.0379148,1.0423982,1.0404203,10.912261,11.025498,10.975398,0.9658938,0.9658303,0.0019779205,0.0044834614,0.0025055408,-6.347895e-05
9812,9813,2.7166667,11.033334,3.1166666,123.36096,0.87636995,0.8859693,0.8837483,7.5226345,7.69076,7.6515303,0.9693979,0.96951115,0.0022209883,0.009599328,0.00737834,0.000113248825
9818,9819,4.05,11.316667,4.4166665,121.59079,0.7385261,0.74338645,0.7428702,5.4767904,5.5384274,5.5318475,0.97401303,0.97391605,0.0005162358,0.0048603415,0.0043441057,-9.697676e-05
9826,9827,4.1,15.566667,3.4,133.32259,2.1985524,2.1990833,2.2031913,157.9619,158.15514,159.65822,0.84066,0.84065753,-0.004107952,0.0005309582,0.0046389103,-2.4437904e-06
9830,9831,2.6333334,14.883333,3.0166667,130.71841,1.8902587,1.88463,1.886871,77.67096,76.67079,77.067444,0.89058,0.890843,-0.0022410154,-0.005628705,-0.0033876896,0.0002629757
9831,9832,3.3166666,11.633333,2.2333333,139.7702,2.6621108,2.6646461,2.6661804,459.3152,462.00446,463.63943,0.75625867,0.75627446,-0.0015342236,0.0025353432,0.0040695667,1.579523e-05
9838,9839,4.85,12.883333,4.25,138.13264,2.577265,2.5790255,2.5796876,377.80267,379.33728,379.91602,0.77048886,0.77067214,-0.0006620884,0.0017604828,0.0024225712,0.00018328428
9849,9850,2.0666666,9.35,3.85,120.96953,0.47540265,0.4737109,0.47332162,2.9881518,2.9765344,2.9738677,0.98190975,0.9819995,0.00038927794,-0.0016917586,-0.0020810366,8.9764595e-05
9851,9852,3.5,5.633333,4.5,136.41698,1.6578135,1.6567227,1.6582376,45.479275,45.36518,45.5237,0.9306137,0.9305375,-0.0015149117,-0.0010908842,0.00042402744,-7.6174736e-05
9860,9861,2.2,15.533334,2.3,135.71632,2.4320824,2.42954,2.4312675,270.44714,268.8685,269.94016,0.79492956,0.7950815,-0.001727581,-0.0025424957,-0.0008149147,0.00015193224
9867,9868,1.3333334,5.633333,4.266667,133.7661,1.246901,1.2453182,1.2484045,17.656355,17.59212,17.717585,0.95594233,0.95623314,-0.0030863285,-0.001582861,0.0015034676,0.00029081106
9896,9897,2.1,12.866667,3.5833333,125.28301,1.2041798,1.2057608,1.2076777,16.002203,16.060566,16.13161,0.9532974,0.9532966,-0.0019168854,0.0015810728,0.0034979582,-7.748604e-07
9902,9903,3.6333334,11.716666,3.65,125.086945,1.1384555,1.1305233,1.1297406,13.754839,13.505894,13.481574,0.95800364,0.95809835,0.0007827282,-0.007932186,-0.008714914,9.471178e-05
9913,9914,4.883333,15.0,1.9666667,136.22925,2.4878302,2.4828296,2.4834385,307.4894,303.96918,304.39566,0.783431,0.7836544,-0.00060892105,-0.0050005913,-0.00439167,0.00022339821
9915,9916,2.0833333,5.9666667,3.5666666,137.18053,1.7406591,1.7376579,1.740029,55.037556,54.658524,54.957756,0.922659,0.9229398,-0.0023710728,-0.003001213,-0.0006301403,0.00028079748
9917,9918,4.983333,11.733334,4.633333,131.32497,1.8001562,1.8015118,1.802177,63.118435,63.31575,63.412804,0.90691316,0.9071828,-0.00066518784,0.0013555288,0.0020207167,0.0002696514
9927,9928,3.5333333,7.5666666,2.3833334,134.0305,1.7213968,1.7072366,1.7079705,52.64981,50.96085,51.04703,0.924221,0.92474735,-0.0007338524,-0.014160156,-0.013426304,0.0005263686
9932,9933,4.3333335,16.516666,1.1,129.72406,1.8630596,1.8647394,1.8657204,72.955765,73.238495,73.404106,0.8894487,0.88934404,-0.0009809732,0.0016797781,0.0026607513,-0.000104665756
9946,9947,3.3,11.483334,1.5666667,133.5403,2.0047863,2.0021183,2.0025587,101.10817,100.48896,100.590904,0.8839141,0.88384104,-0.00044035912,-0.002667904,-0.0022275448,-7.3075294e-05
9958,9959,3.0333333,13.6,4.65,120.108345,0.71244115,0.72187287,0.7222139,5.1575227,5.270756,5.2748966,0.9736739,0.9736205,-0.00034105778,0.00943172,0.009772778,-5.340576e-05
9987,9988,3.0166667,9.666667,2.6833334,138.03459,2.3321958,2.337327,2.3386648,214.87988,217.43378,218.10457,0.83769274,0.83761233,-0.0013377666,0.0051312447,0.0064690113,-8.0406666e-05
10014,10015,2.9333334,14.9,1.45,124.485435,1.2378199,1.2411089,1.2409478,17.29099,17.422436,17.415976,0.94914407,0.9490861,0.00016105175,0.0032889843,0.0031279325,-5.7935715e-05
10016,10017,3.4,12.633333,1.05,132.64365,1.9861199,1.9779233,1.9765593,96.854515,95.04369,94.74565,0.88340104,0.8838383,0.0013639927,-0.008196592,-0.009560585,0.00043725967
10022,10023,1.1833333,16.083334,1.6,127.51673,1.5898174,1.5889329,1.5907855,38.88816,38.809036,38.97494,0.92141455,0.92156255,-0.0018526316,-0.0008845329,0.00096809864,0.00014799833
10026,10027,1.9166666,7.8333335,3.5666666,135.54878,1.8704883,1.8562891,1.8546795,74.21442,71.82723,71.56151,0.90887946,0.9101056,0.001609683,-0.014199138,-0.01580882,0.0012261271
10032,10033,2.2666667,14.516666,1.4333333,123.497986,1.1089718,1.1119289,1.1123573,12.852033,12.939841,12.952609,0.95687795,0.95682967,-0.00042831898,0.0029571056,0.0033854246,-4.8279762e-05
10067,10068,3.5833333,19.066668,4.25,129.27252,1.9050545,1.907258,1.9089832,80.362686,80.77148,81.09297,0.87872785,0.8788274,-0.0017251968,0.0022035837,0.0039287806,9.953976e-05
10078,10079,1.05,17.816668,1.0333333,131.39764,2.0687332,2.061928,2.064948,117.14755,115.32622,116.13098,0.8589041,0.85905796,-0.0030200481,-0.0068051815,-0.0037851334,0.00015383959
10087,10088,4.45,7.1833334,3.05,131.11476,1.3620502,1.3634287,1.3632555,23.017076,23.090254,23.081047,0.9498946,0.95003426,0.0001732111,0.0013785362,0.0012053251,0.00013965368
10089,10090,3.5833333,18.0,1.7833333,138.97052,2.8706641,2.8735013,2.8756952,742.4447,747.31085,751.0956,0.6572703,0.65670943,-0.0021939278,0.002837181,0.005031109,-0.0005608797
10090,10091,1.5166667,11.616667,3.4666667,123.90281,0.9609649,0.96587956,0.9666717,9.140393,9.244417,9.261294,0.96597815,0.9659325,-0.0007921457,0.0049146414,0.005706787,-4.5657158e-05
10095,10096,3.3833334,19.8,3.1833334,121.405685,1.1143222,1.1181167,1.1181182,13.011345,13.125526,13.125569,0.9520774,0.95190656,-1.4305115e-06,0.003794551,0.0037959814,-0.00017082691
10098,10099,4.7166667,12.633333,4.483333,133.82306,2.1184127,2.1158915,2.1142268,131.34476,130.58444,130.08488,0.8636688,0.8639758,0.0016646385,-0.0025212765,-0.004185915,0.00030702353
10100,10101,3.4166667,10.216666,2.55,129.6518,1.4973413,1.5021847,1.5016376,31.429775,31.782257,31.74224,0.93727803,0.9364798,0.00054717064,0.0048434734,0.004296303,-0.0007982254
10101,10102,1.9666667,8.166667,1.2166667,138.06183,2.1705756,2.1695695,2.1689527,148.10701,147.76428,147.55458,0.8704759,0.8703704,0.00061678886,-0.0010061264,-0.0016229153,-0.00010550022
10114,10115,3.4166667,11.566667,2.5166667,139.16362,2.5931487,2.5985332,2.5993493,391.87604,396.7648,397.5111,0.77336484,0.7731194,-0.0008161068,0.005384445,0.006200552,-0.00024545193
10115,10116,3.75,6.0333333,3.3333333,121.338356,0.10100337,0.09959185,0.099527344,1.2618372,1.2577428,1.257556,0.9888249,0.98880076,6.450713e-05,-0.00141152,-0.0014760271,-2.4139881e-05
10117,10118,4.5,8.35,1.7166667,133.04353,1.7164468,1.7081081,1.7087471,52.05312,51.063206,51.1384,0.92289305,0.92335397,-0.000639081,-0.00833869,-0.007699609,0.00046092272
10118,10119,3.1666667,9.616667,4.3333335,122.90063,0.7265581,0.72775036,0.7270452,5.327925,5.3425717,5.333904,0.97528434,0.97535104,0.00070518255,0.0011922717,0.00048708916,6.66976e-05
10119,10120,3.7166667,17.45,1.5666667,120.40369,0.94149727,0.93404466,0.93505794,8.739715,8.591019,8.611086,0.9629461,0.9631781,-0.001013279,-0.007452607,-0.006439328,0.00023198128
10128,10129,2.7166667,13.083333,3.1666667,133.6231,2.1044633,2.0954826,2.09154,127.19304,124.58983,123.46393,0.86564124,0.8658267,0.0039424896,-0.008980751,-0.012923241,0.00018548965
10139,10140,4.616667,5.95,2.3166666,130.9348,1.1491414,1.1561004,1.1558361,14.097478,14.325191,14.316475,0.9613704,0.9613807,0.000264287,0.0069589615,0.0066946745,1.0311604e-05
10152,10153,4.25,10.0,1.8,132.82701,1.8287616,1.8309578,1.8323125,67.41578,67.75756,67.969246,0.90795094,0.90803146,-0.0013546944,0.0021961927,0.003550887,8.0525875e-05
10154,10155,1.3,15.783334,4.8,139.53383,2.8239777,2.8214884,2.8222535,666.7726,662.9616,664.13055,0.68761694,0.68841517,-0.0007650852,-0.0024893284,-0.0017242432,0.0007982254
10157,10158,2.1333334,10.483334,1.0833334,126.945305,1.2067374,1.2146685,1.2185915,16.09672,16.393381,16.542131,0.9553121,0.95505095,-0.0039229393,0.007931113,0.011854053,-0.00026112795
10159,10160,4.4,12.65,3.1666667,124.97517,1.1861426,1.1869018,1.1884061,15.351209,15.378069,15.431428,0.954302,0.9539772,-0.001504302,0.00075924397,0.002263546,-0.0003247857
10176,10177,4.8166666,15.45,4.2833333,122.31905,1.0550712,1.0576534,1.0556809,11.35197,11.419666,11.367916,0.95862925,0.95866716,0.001972556,0.0025821924,0.0006096363,3.7908554e-05
10183,10184,2.0666666,17.9,1.2166667,126.111244,1.5271574,1.5292699,1.5297402,33.663357,33.8275,33.86415,0.92419964,0.92420566,-0.00047028065,0.0021125078,0.0025827885,6.020069e-06
10191,10192,4.95,6.3333335,2.7333333,134.82858,1.6503224,1.6524342,1.6536765,44.701534,44.91943,45.048103,0.93083113,0.93091196,-0.00124228,0.0021117926,0.0033540726,8.08239e-05
10198,10199,1.9,19.65,1.1333333,139.53047,2.9743755,2.972877,2.966448,942.7043,939.4573,925.6527,0.61313426,0.614514,0.006428957,-0.0014984608,-0.007927418,0.0013797283
10212,10213,2.2333333,16.966667,4.9166665,129.80486,1.8728034,1.8763236,1.8756686,74.6111,75.21831,75.10496,0.8877808,0.88769597,0.00065493584,0.003520131,0.0028651953,-8.481741e-05
10215,10216,3.9333334,18.55,1.3166667,134.03822,2.3834417,2.383531,2.38555,241.79187,241.84164,242.96854,0.79331565,0.79341847,-0.0020189285,8.940697e-05,0.0021083355,0.00010281801
10218,10219,4.05,18.45,3.65,134.07056,2.3817077,2.3843384,2.3842041,240.82838,242.29161,242.21674,0.7935787,0.79335964,0.00013422966,0.0026307106,0.002496481,-0.00021904707
10221,10222,3.35,14.416667,2.3333333,138.67532,2.6984138,2.6992311,2.69804,499.3601,500.30075,498.93045,0.7312427,0.73146206,0.0011911392,0.0008172989,-0.00037384033,0.0002193451
10224,10225,4.1666665,14.75,2.75,129.95909,1.8112903,1.8126996,1.8138273,64.75753,64.96801,65.136925,0.8995098,0.899431,-0.0011277199,0.0014092922,0.002537012,-7.879734e-05
10234,10235,3.3166666,18.383333,2.6666667,124.19318,1.3541837,1.3572955,1.3572181,22.603916,22.76646,22.762405,0.9375368,0.93738306,7.736683e-05,0.0031118393,0.0030344725,-0.00015372038
10248,10249,2.0833333,18.233334,4.4666667,122.85786,1.2014693,1.204844,1.2046688,15.902642,16.026695,16.020231,0.94836926,0.94826037,0.00017523766,0.0033746958,0.0031994581,-0.000108897686
10252,10253,3.4166667,10.233334,4.2166667,131.92424,1.7427377,1.7457317,1.7436035,55.301594,55.684166,55.411957,0.9164246,0.91637397,0.0021282434,0.0029940605,0.00086581707,-5.0604343e-05
10255,10256,1.7,17.3,5.0,126.52526,1.5413574,1.5423938,1.5425894,34.782227,34.86533,34.88104,0.9238269,0.9238749,-0.00019562244,0.0010364056,0.001232028,4.8041344e-05
10272,10273,3.9666667,14.333333,1.3166667,128.69986,1.6570796,1.6600975,1.6610523,45.40248,45.719078,45.81971,0.91679335,0.91668975,-0.0009548664,0.0030179024,0.003972769,-0.00010359287
10274,10275,2.7,13.35,4.3,123.323135,1.034769,1.0356969,1.0358706,10.833508,10.856676,10.861018,0.9614702,0.9615302,-0.00017368793,0.0009278059,0.0011014938,6.0021877e-05
10313,10314,2.7333333,14.7,4.7,139.80627,2.8282704,2.8218238,2.822197,673.3959,663.4739,664.0442,0.692504,0.6939857,-0.00037312508,-0.0064466,-0.006073475,0.0014817119
10329,10330,1.5166667,10.05,3.8,129.84267,1.4743444,1.4697621,1.4702295,29.808792,29.49593,29.527693,0.939796,0.93987375,-0.00046741962,-0.004582286,-0.0041148663,7.778406e-05
10330,10331,4.8166666,16.45,3.4,129.38622,1.8301575,1.8305361,1.8307666,67.63282,67.69181,67.72773,0.89377564,0.89402527,-0.00023043156,0.0003786087,0.00060904026,0.00024962425
10332,10333,4.1833334,14.65,1.1833333,120.10724,0.7808437,0.7856335,0.78557056,6.037313,6.104267,6.103382,0.9707899,0.9707568,6.2942505e-05,0.0047898293,0.0047268867,-3.3080578e-05
10334,10335,1.0833334,11.166667,3.9666667,128.298,1.3850032,1.3815862,1.3816237,24.266281,24.076103,24.078186,0.94435275,0.9446264,-3.7550926e-05,-0.003417015,-0.0033794641,0.00027364492
10338,10339,3.5,17.45,1.2,139.53325,2.9142804,2.9136424,2.9120917,820.8814,819.67633,816.7549,0.6465287,0.64610344,0.0015506744,-0.0006380081,-0.0021886826,-0.00042527914
10342,10343,4.7166667,10.383333,2.7833333,139.34204,2.5507364,2.5507858,2.5531898,355.41556,355.45593,357.429,0.78962445,0.7901449,-0.0024039745,4.9352646e-05,0.0024533272,0.00052046776
10344,10345,3.0666666,16.85,1.6833333,120.41648,0.9063823,0.9059762,0.90674734,8.060878,8.053343,8.067656,0.96476924,0.9648807,-0.0007711649,-0.00040614605,0.00036501884,0.000111460686
10348,10349,3.5166667,17.866667,4.366667,138.29044,2.794288,2.7962568,2.79802,622.71295,625.5424,628.0871,0.6832314,0.6833005,-0.0017631054,0.0019688606,0.003731966,6.908178e-05
10358,10359,1.9,17.583334,1.4833333,129.84245,1.9006934,1.9015021,1.9024967,79.559746,79.70804,79.890785,0.8833024,0.88317573,-0.0009945631,0.0008087158,0.0018032789,-0.00012665987
10363,10364,3.1166666,17.3,1.8833333,125.2627,1.421894,1.426203,1.4256876,26.417637,26.681055,26.649406,0.93354243,0.9334497,0.00051546097,0.004309058,0.0037935972,-9.274483e-05
10364,10365,2.7833333,12.6,2.9,136.83765,2.4129407,2.4075944,2.407838,258.78598,255.61977,255.76323,0.81107277,0.8119378,-0.00024366379,-0.005346298,-0.0051026344,0.0008650422
10367,10368,2.4666667,5.3166666,2.8833334,131.02036,0.9373081,0.9420156,0.9444647,8.655817,8.750152,8.799636,0.96934825,0.9693452,-0.0024490952,0.0047075152,0.0071566105,-3.0398369e-06
10375,10376,4.766667,7.266667,4.0,122.66984,0.48838073,0.47308147,0.47299978,3.0787947,2.9722235,2.9716647,0.9824368,0.98233885,8.1688166e-05,-0.015299261,-0.015380949,-9.793043e-05
10379,10380,3.6,18.6,1.3666667,139.05133,2.8968923,2.9032693,2.9032593,788.66455,800.3304,800.3119,0.6442055,0.6429585,1.001358e-05,0.0063769817,0.006366968,-0.0012469888
10393,10394,1.0333333,16.3,3.0666666,131.9445,2.0579047,2.0554762,2.0558014,114.262764,113.6256,113.71072,0.863821,0.86446774,-0.00032520294,-0.0024285316,-0.0021033287,0.0006467104
10394,10395,2.5833333,17.816668,1.9833333,120.14835,0.9106793,0.9134612,0.9141823,8.141028,8.193344,8.20696,0.9639402,0.9639968,-0.000721097,0.0027819276,0.0035030246,5.6624413e-05
10406,10407,1.1833333,16.533333,3.65,127.69773,1.6249356,1.6267807,1.6271223,42.163403,42.342915,42.37623,0.9172383,0.9174374,-0.00034153461,0.0018451214,0.002186656,0.00019907951
10424,10425,3.4166667,15.666667,1.3666667,136.94055,2.573667,2.5738907,2.5769005,374.68564,374.87863,377.4857,0.7584347,0.75870115,-0.0030097961,0.00022363663,0.0032334328,0.00026643276
10428,10429,2.1333334,18.383333,1.7333333,132.16217,2.1707897,2.17138,2.1715627,148.18004,148.38159,148.444,0.8381267,0.8379884,-0.00018262863,0.0005903244,0.00077295303,-0.00013834238
10429,10430,1.35,8.333333,2.4833333,131.98172,1.5181931,1.5157613,1.5166488,32.97563,32.791496,32.858578,0.93881774,0.9391354,-0.00088751316,-0.0024318695,-0.0015443563,0.00031763315
10437,10438,1.8333334,19.25,2.55,137.24681,2.722617,2.7209458,2.723167,527.9793,525.95166,528.64844,0.70085996,0.70127887,-0.0022211075,-0.0016710758,0.00055003166,0.00041890144
10443,10444,4.1,6.116667,2.4333334,125.625786,0.6061062,0.59591955,0.5953234,4.0374413,3.9438424,3.9384322,0.9799485,0.97996473,0.00059616566,-0.010186672,-0.010782838,1.6212463e-05
10452,10453,1.2,19.133333,3.25,138.56323,2.8463638,2.8483558,2.8506587,702.0431,705.27057,709.02026,0.66131866,0.6614913,-0.002302885,0.0019919872,0.0042948723,0.00017261505
10456,10457,1.1833333,19.9,1.4,128.7831,1.8704675,1.8671808,1.8685217,74.21087,73.65137,73.87911,0.8834955,0.8832332,-0.0013408661,-0.0032867193,-0.0019458532,-0.00026232004
10478,10479,1.15,16.416666,3.4833333,126.125916,1.4633293,1.4576296,1.4580778,29.062256,28.68333,28.712948,0.93222743,0.9325115,-0.00044822693,-0.0056997538,-0.005251527,0.00028407574
10483,10484,3.1333334,9.55,2.75,122.313835,0.6551996,0.6591908,0.6570869,4.5206366,4.5623727,4.5403247,0.9772797,0.9775149,0.0021038651,0.0039911866,0.0018873215,0.00023519993
10486,10487,3.5166667,9.566667,2.5,133.10583,1.8307494,1.8177655,1.8186637,67.72506,65.73028,65.86637,0.90997976,0.91013366,-0.000898242,-0.012983918,-0.012085676,0.0001538992
10496,10497,1.8166667,8.35,3.7333333,130.72327,1.3996253,1.4011254,1.4021733,25.097202,25.184042,25.244879,0.9466423,0.9464837,-0.0010478497,0.0015001297,0.0025479794,-0.00015860796
10514,10515,3.3833334,11.583333,3.2666667,135.90134,2.2535245,2.25464,2.2547457,179.277,179.73808,179.7818,0.8443178,0.8447649,-0.00010561943,0.0011155605,0.00122118,0.00044709444
10522,10523,2.3833334,18.666666,3.35,131.68016,2.1356177,2.133357,2.1343262,136.65254,135.94305,136.24677,0.84367174,0.8442775,-0.0009691715,-0.002260685,-0.0012915134,0.000605762
